# source=dataset_raw/tienyi_prod2_dualArm-gripper-3cameras_394_back-handle-installation_20260803_pm/0803_173020/data/trajectory.hdf5
# branch=puppet
# dataset=/puppet/arm_left_position_align/data
# columns: frame_index timestamp joint_0 joint_1 joint_2 joint_3 joint_4 joint_5 joint_6
0 1785749532.457576990 0.555685043335 0.078640937805 -0.066920280457 -2.096520900726 -1.415216445923 0.001183509827 0.083764553070
1 1785749532.490502834 0.555660724640 0.078855514526 -0.066920280457 -2.096472263336 -1.415169239044 0.001335144043 0.084166526794
2 1785749532.523842812 0.555731773376 0.081133842468 -0.067063808441 -2.096496105194 -1.413275241852 0.001317501068 0.084316730499
3 1785749532.557231903 0.555731773376 0.085735797882 -0.067303657532 -2.096520900726 -1.410783290863 0.001330852509 0.084647178650
4 1785749532.590500116 0.555756568909 0.089042186737 -0.067974090576 -2.096496105194 -1.409560680389 0.003668785095 0.084634304047
5 1785749532.607203245 0.555780410767 0.089378356934 -0.068047046661 -2.096496105194 -1.409536838531 0.005031108856 0.084633827209
6 1785749532.657356262 0.555828571320 0.089354515076 -0.068142890930 -2.096472263336 -1.409560680389 0.007862567902 0.085105895996
7 1785749532.690495491 0.555828571320 0.089402198792 -0.069028854370 -2.096472263336 -1.409536838531 0.008671283722 0.085994720459
8 1785749532.723829508 0.555852413177 0.089546203613 -0.072456836700 -2.096496105194 -1.409536838531 0.012813568115 0.086878776550
9 1785749532.757318258 0.555828571320 0.089522361755 -0.075787544250 -2.096496105194 -1.409704208374 0.017212390900 0.087408542633
10 1785749532.790477753 0.555852413177 0.089402198792 -0.079527378082 -2.096496105194 -1.410423755646 0.020661830902 0.088084220886
11 1785749532.823823929 0.555876255035 0.089402198792 -0.081517219543 -2.096472263336 -1.410567760468 0.022383689880 0.088118553162
12 1785749532.857193232 0.556020259857 0.089665889740 -0.083961486816 -2.096496105194 -1.410590648651 0.024211406708 0.088191032410
13 1785749532.890486002 0.558081150055 0.092230796814 -0.086261749268 -2.096544742584 -1.411286354065 0.024327278137 0.088627338409
14 1785749532.923818350 0.562347888947 0.097144126892 -0.088275909424 -2.096520900726 -1.412628650665 0.024353027344 0.088881969452
15 1785749532.957320213 0.566853523254 0.101290702820 -0.090241432190 -2.096520900726 -1.413851261139 0.024357318878 0.088901042938
16 1785749532.990479946 0.571671009064 0.103448390961 -0.092086791992 -2.096472263336 -1.414665699005 0.024443626404 0.088924884796
17 1785749533.023827791 0.574355602264 0.103519916534 -0.093668937683 -2.096472263336 -1.415241241455 0.024565219879 0.088917255402
18 1785749533.057162046 0.575578212738 0.103519916534 -0.095154762268 -2.096496105194 -1.415385246277 0.024638652802 0.088908195496
19 1785749533.090482950 0.576609134674 0.103544235229 -0.096017837524 -2.096616744995 -1.415385246277 0.024636745453 0.088960170746
20 1785749533.123813391 0.578862667084 0.104670047760 -0.096952438354 -2.097143650055 -1.415289402008 0.024613857269 0.088989734650
21 1785749533.157213211 0.582097530365 0.108313560486 -0.097959518433 -2.098773479462 -1.414402008057 0.024596214294 0.088979244232
22 1785749533.190478086 0.585093975067 0.112819671631 -0.098701953888 -2.101146697998 -1.412748336792 0.024635791779 0.088954925537
23 1785749533.223821163 0.588952541351 0.120225906372 -0.099924564362 -2.104741573334 -1.410135746002 0.024629592896 0.089240074158
24 1785749533.257258177 0.592571735382 0.128543376923 -0.100907325745 -2.109583854675 -1.406780242920 0.024629592896 0.092277050018
25 1785749533.307267904 0.596622467041 0.140742778778 -0.101794719696 -2.118236541748 -1.401507854462 0.024608612061 0.085701942444
26 1785749533.340502501 0.599354743958 0.146615505219 -0.101913452148 -2.123821258545 -1.399782180786 0.024697780609 0.076386451721
27 1785749533.373848677 0.602039337158 0.152175903320 -0.102369308472 -2.128613948822 -1.399038791656 0.024729251862 0.068336009979
28 1785749533.407259941 0.605059623718 0.157233238220 -0.103328704834 -2.133456230164 -1.398247241974 0.024693965912 0.058525085449
29 1785749533.440510988 0.608750820160 0.163321018219 -0.103999137878 -2.138848781586 -1.395635128021 0.024713516235 0.045229911804
30 1785749533.473841429 0.612442016602 0.169864177704 -0.104406356812 -2.143882274628 -1.391225337982 0.024729251862 0.034800052643
31 1785749533.507237434 0.614862918854 0.175137519836 -0.104861736298 -2.148388385773 -1.382859706879 0.024697780609 0.024426937103
32 1785749533.540505886 0.616204261780 0.181896686554 -0.105053901672 -2.152702808380 -1.374063491821 0.024718284607 0.017035007477
33 1785749533.573851109 0.616540431976 0.189374923706 -0.104454517365 -2.155866622925 -1.366344928741 0.024704456329 0.008586406708
34 1785749533.607275009 0.616540431976 0.193856239319 -0.102489471436 -2.158023357391 -1.361335754395 0.024709701538 -0.000706195831
35 1785749533.640507460 0.616564273834 0.196061611176 -0.097048282623 -2.159485340118 -1.357190132141 0.024691104889 -0.018579959869
36 1785749533.673845768 0.616564273834 0.196444988251 -0.090074062347 -2.160396575928 -1.349735260010 0.024722099304 -0.038702964783
37 1785749533.707246065 0.616564273834 0.197092533112 -0.084752559662 -2.161306858063 -1.340028285980 0.025140285492 -0.056823730469
38 1785749533.740505457 0.616588592529 0.198626518250 -0.078880310059 -2.164734363556 -1.328092098236 0.025636672974 -0.082669734955
39 1785749533.773870230 0.616540431976 0.199705600739 -0.074518203735 -2.168809890747 -1.316826820374 0.025740623474 -0.106250286102
40 1785749533.807262659 0.616395950317 0.199728488922 -0.071833610535 -2.172500610352 -1.307766437531 0.025785923004 -0.122966289520
41 1785749533.840501785 0.615557670593 0.199753284454 -0.069915294647 -2.176478862762 -1.301750659943 0.025754928589 -0.145636558533
42 1785749533.873815775 0.613280773163 0.199728488922 -0.068454265594 -2.179427623749 -1.297292709351 0.025749206543 -0.162426948547
43 1785749533.907257795 0.609493732452 0.199753284454 -0.066751480103 -2.182759284973 -1.292187690735 0.025790214539 -0.181971549988
44 1785749533.940577269 0.603788852692 0.199753284454 -0.064883232117 -2.187145233154 -1.287441253662 0.025794029236 -0.198903560638
45 1785749533.973835945 0.598227977753 0.199753284454 -0.063732624054 -2.190045356750 -1.281113624573 0.025919914246 -0.219761371613
46 1785749534.007252932 0.590342998505 0.199632644653 -0.063517093658 -2.192658424377 -1.276535987854 0.025911331177 -0.237053871155
47 1785749534.040484905 0.583607196808 0.198219299316 -0.063300609589 -2.194191455841 -1.273803234100 0.025926589966 -0.251077175140
48 1785749534.073837757 0.577807903290 0.195510864258 -0.062582015991 -2.195126533508 -1.273156642914 0.025905609131 -0.267921447754
49 1785749534.107572079 0.572941780090 0.191723346710 -0.062054157257 -2.195294857025 -1.273132801056 0.025905609131 -0.283770084381
50 1785749534.140577078 0.569082260132 0.188320159912 -0.061790466309 -2.195510387421 -1.273132801056 0.025909900665 -0.294552803040
51 1785749534.173895121 0.566014289856 0.185970783234 -0.061646938324 -2.195510387421 -1.273132801056 0.025907039642 -0.307756900787
52 1785749534.207605600 0.562563419342 0.184628486633 -0.061455249786 -2.195510387421 -1.273228168488 0.025912761688 -0.317410945892
53 1785749534.240524530 0.557721614838 0.182328224182 -0.060520172119 -2.195534706116 -1.273827075958 0.025895118713 -0.329453945160
54 1785749534.273902416 0.553071975708 0.178996562958 -0.059585571289 -2.195534706116 -1.275241374969 0.025902271271 -0.344681262970
55 1785749534.307528257 0.547870635986 0.174514770508 -0.058291435242 -2.196061611176 -1.275912761688 0.025916099548 -0.360103130341
56 1785749534.340566635 0.541710853577 0.169169425964 -0.057404041290 -2.197859764099 -1.276272296906 0.025920391083 -0.375155925751
57 1785749534.373849154 0.536030292511 0.164735317230 -0.055965900421 -2.200256347656 -1.276440143585 0.025895595551 -0.390216350555
58 1785749534.407246828 0.529078960419 0.161283493042 -0.055127620697 -2.201861858368 -1.276535987854 0.025889873505 -0.405662059784
59 1785749534.440566778 0.521625518799 0.159150600433 -0.053857326508 -2.202149391174 -1.276799201965 0.025927066803 -0.415701389313
60 1785749534.473898649 0.513691902161 0.157472610474 -0.051963806152 -2.202701091766 -1.279699802399 0.025910854340 -0.429408073425
61 1785749534.507234097 0.505542755127 0.155459880829 -0.049470901489 -2.202652454376 -1.281784534454 0.025896549225 -0.436385154724
62 1785749534.540562153 0.496842384338 0.154093265533 -0.047313213348 -2.202701091766 -1.283150672913 0.025915145874 -0.443339347839
63 1785749534.573909998 0.488213539124 0.152799129486 -0.045611858368 -2.202724456787 -1.283630847931 0.025934696198 -0.453582763672
64 1785749534.607597589 0.482149600983 0.150617599487 -0.044628620148 -2.202701091766 -1.284397125244 0.025934696198 -0.462211608887
65 1785749534.640568972 0.479488849640 0.149395942688 -0.044557571411 -2.202701091766 -1.286075115204 0.025928020477 -0.471302986145
66 1785749534.673902035 0.478697299957 0.146998405457 -0.044845104218 -2.202724456787 -1.287776470184 0.025888919830 -0.480057716370
67 1785749534.707305670 0.478674411774 0.144146442413 -0.045396327972 -2.202701091766 -1.288544178009 0.025906085968 -0.493006706238
68 1785749534.740577221 0.478697299957 0.140623092651 -0.045828342438 -2.202652454376 -1.289478778839 0.025909423828 -0.505657196045
69 1785749534.790572882 0.478722095490 0.137530803680 -0.047529220581 -2.202628612518 -1.290173530579 0.025892734528 -0.519283771515
70 1785749534.823910236 0.478722095490 0.135972499847 -0.049087524414 -2.202676296234 -1.290341377258 0.025900363922 -0.523095130920
71 1785749534.857603788 0.478722095490 0.135613441467 -0.049710750580 -2.202701091766 -1.290413379669 0.025935649872 -0.525171756744
72 1785749534.890567780 0.478722095490 0.135325908661 -0.049901962280 -2.202701091766 -1.290461063385 0.025909423828 -0.526047706604
73 1785749534.923907995 0.478722095490 0.135158061981 -0.049997806549 -2.202701091766 -1.290485382080 0.025912761688 -0.526875019073
74 1785749534.957620382 0.478722095490 0.135134220123 -0.050070762634 -2.202701091766 -1.290509223938 0.025900363922 -0.527236461639
75 1785749534.990568161 0.478577613831 0.135134220123 -0.050070762634 -2.202676296234 -1.290749549866 0.025897979736 -0.527531623840
76 1785749535.023904085 0.477546691895 0.135110378265 -0.050213813782 -2.202652454376 -1.291731834412 0.025900363922 -0.527737140656
77 1785749535.057400227 0.475605487823 0.135110378265 -0.050285339355 -2.202701091766 -1.293864727020 0.025925159454 -0.527907371521
78 1785749535.090487480 0.474024295807 0.135158061981 -0.050262451172 -2.202701091766 -1.295135021210 0.025897026062 -0.527861595154
79 1785749535.123818636 0.473112583160 0.135134220123 -0.050596714020 -2.202724456787 -1.295542716980 0.025929450989 -0.527894496918
80 1785749535.157220840 0.472969532013 0.135110378265 -0.051340103149 -2.202724456787 -1.298418998718 0.025900363922 -0.527904510498
81 1785749535.190497398 0.472969532013 0.135062217712 -0.052083492279 -2.202701091766 -1.302205562592 0.025892734528 -0.527919292450
82 1785749535.223829508 0.472849369049 0.134487628937 -0.053042888641 -2.202724456787 -1.303835391998 0.025910854340 -0.527955055237
83 1785749535.257238626 0.472417831421 0.132665157318 -0.054144859314 -2.202676296234 -1.306065082550 0.025928020477 -0.528045177460
84 1785749535.290486336 0.471172332764 0.130987644196 -0.055438995361 -2.202701091766 -1.307958126068 0.025895595551 -0.528134822845
85 1785749535.323824644 0.468822956085 0.130580425262 -0.056277751923 -2.202652454376 -1.309156894684 0.025932312012 -0.528358936310
86 1785749535.357229471 0.465563297272 0.130580425262 -0.056349277496 -2.202628612518 -1.309564113617 0.025932312012 -0.528507709503
87 1785749535.390484333 0.461104393005 0.130580425262 -0.055894374847 -2.202269077301 -1.309876441956 0.025931835175 -0.528557777405
88 1785749535.423830271 0.457653522491 0.130580425262 -0.055558681488 -2.201885700226 -1.309995174408 0.025905609131 -0.528584957123
89 1785749535.457232237 0.455519676208 0.130580425262 -0.055271625519 -2.201094627380 -1.310115337372 0.025911331177 -0.528589248657
90 1785749535.490484715 0.454897880554 0.130580425262 -0.054432392120 -2.200376033783 -1.310306549072 0.025895595551 -0.528584957123
91 1785749535.523824215 0.454920768738 0.130580425262 -0.053497791290 -2.199896812439 -1.310690879822 0.025910854340 -0.528584003448
92 1785749535.557268620 0.454920768738 0.130580425262 -0.052419185638 -2.199560642242 -1.311241626740 0.025934696198 -0.528711318970
93 1785749535.590490580 0.454873085022 0.130580425262 -0.049950122833 -2.199081420898 -1.311481952667 0.025895118713 -0.528870105743
94 1785749535.623821020 0.454920768738 0.130580425262 -0.047433376312 -2.198194503784 -1.311506271362 0.025901794434 -0.529006481171
95 1785749535.657222748 0.454873085022 0.130604267120 -0.044845104218 -2.197212219238 -1.311481952667 0.025891304016 -0.529012203217
96 1785749535.690480709 0.454897880554 0.130580425262 -0.041944980621 -2.195893764496 -1.311457633972 0.025923252106 -0.529277324677
97 1785749535.723830223 0.454897880554 0.130580425262 -0.039428234100 -2.194791793823 -1.311457633972 0.025918960571 -0.529430866241
98 1785749535.757257223 0.454897880554 0.130412578583 -0.036983966827 -2.194024562836 -1.311410427094 0.025923252106 -0.529466629028
99 1785749535.790485620 0.454897880554 0.129285812378 -0.035137653351 -2.193808078766 -1.311193943024 0.025891780853 -0.529677867889
100 1785749535.823828220 0.454897880554 0.127296924591 -0.034130573273 -2.193713188171 -1.311098098755 0.025928020477 -0.529659748077
101 1785749535.857267380 0.454920768738 0.126864910126 -0.034203529358 -2.193664550781 -1.310810565948 0.025915145874 -0.529654026031
102 1785749535.890483379 0.454920768738 0.127272605896 -0.034107685089 -2.193616390228 -1.308581352234 0.025932312012 -0.529679298401
103 1785749535.923825502 0.454920768738 0.128710746765 -0.034107685089 -2.193592548370 -1.305393695831 0.025910854340 -0.529693603516
104 1785749535.957347393 0.454944610596 0.129908561707 -0.034154891968 -2.193496704102 -1.302038192749 0.025898933411 -0.529769897461
105 1785749535.990523577 0.454920768738 0.130508422852 -0.034226417542 -2.192537784576 -1.300288677216 0.025914669037 -0.529776573181
106 1785749536.023824453 0.454944610596 0.130508422852 -0.034490585327 -2.191579341888 -1.299664974213 0.025900363922 -0.529752731323
107 1785749536.057330370 0.454968929291 0.130508422852 -0.034802436829 -2.190213203430 -1.299329757690 0.025933742523 -0.529777526855
108 1785749536.090486050 0.454993724823 0.130532264709 -0.034922122955 -2.189422607422 -1.299113750458 0.025922775269 -0.530053615570
109 1785749536.140485525 0.455017566681 0.130532264709 -0.034898281097 -2.189110279083 -1.298946380615 0.025912761688 -0.530024528503
110 1785749536.173823595 0.455089092255 0.130891799927 -0.034898281097 -2.189038753510 -1.298850536346 0.025890350342 -0.530058860779
111 1785749536.207240105 0.455089092255 0.132306098938 -0.034922122955 -2.188990592957 -1.298778533936 0.025891304016 -0.530057907104
112 1785749536.240490437 0.455209255219 0.134462833405 -0.034802436829 -2.188823699951 -1.298706531525 0.025906085968 -0.530031204224
113 1785749536.273822308 0.455305099487 0.136045455933 -0.034682273865 -2.188199520111 -1.298706531525 0.025901794434 -0.530064105988
114 1785749536.307251215 0.455400943756 0.136141300201 -0.034658432007 -2.187049388885 -1.298658847809 0.025888919830 -0.530048370361
115 1785749536.340485573 0.455783843994 0.136116981506 -0.034658432007 -2.185970783234 -1.298635005951 0.025926589966 -0.530040264130
116 1785749536.373818874 0.456814765930 0.136116981506 -0.034586429596 -2.184748172760 -1.298635005951 0.025905609131 -0.530036449432
117 1785749536.407227278 0.457702159882 0.136116981506 -0.034395217896 -2.184364795685 -1.298635005951 0.025900363922 -0.530040264130
118 1785749536.440508842 0.458444595337 0.136116981506 -0.033963203430 -2.184196949005 -1.298610687256 0.025919914246 -0.530043125153
119 1785749536.473835945 0.459211349487 0.136092662811 -0.032645225525 -2.184125423431 -1.298610687256 0.025902271271 -0.530020713806
120 1785749536.507388592 0.460026741028 0.136164188385 -0.030727386475 -2.183981418610 -1.298610687256 0.025923252106 -0.530021190643
121 1785749536.540515661 0.461129188538 0.136141300201 -0.028426647186 -2.183837890625 -1.298610687256 0.025897026062 -0.530041694641
122 1785749536.573828936 0.461776256561 0.136284828186 -0.026628494263 -2.183501720428 -1.296956539154 0.025915145874 -0.530027389526
123 1785749536.607234478 0.462375164032 0.136572360992 -0.025167465210 -2.183118343353 -1.293648719788 0.025900363922 -0.530025959015
124 1785749536.640470028 0.462854862213 0.136572360992 -0.024352073669 -2.183047294617 -1.291731834412 0.025895118713 -0.530042171478
125 1785749536.673817635 0.463238239288 0.136596202850 -0.023512840271 -2.182950496674 -1.290749549866 0.025910854340 -0.530150890350
126 1785749536.707234859 0.463429927826 0.136572360992 -0.022722244263 -2.182878971100 -1.290197849274 0.025900840759 -0.530150413513
127 1785749536.740508080 0.463909149170 0.136715888977 -0.022530555725 -2.182854652405 -1.289478778839 0.025905609131 -0.530141353607
128 1785749536.773831129 0.465467453003 0.137842655182 -0.022482872009 -2.182854652405 -1.288496017456 0.025921821594 -0.530150413513
129 1785749536.807260275 0.467792034149 0.140023708344 -0.022482872009 -2.182830810547 -1.287106037140 0.025910854340 -0.530142784119
130 1785749536.840499640 0.469541549683 0.140958786011 -0.022362709045 -2.182734966278 -1.285187721252 0.025900363922 -0.530134677887
131 1785749536.873820066 0.470093250275 0.141006469727 -0.022314071655 -2.182687282562 -1.283798217773 0.025931835175 -0.530150890350
132 1785749536.907155752 0.470117568970 0.141030311584 -0.022218227386 -2.182687282562 -1.282958984375 0.025907516479 -0.530132293701
133 1785749536.940472364 0.470117568970 0.141078472137 -0.021931171417 -2.182446956635 -1.282527923584 0.025909900665 -0.530145645142
134 1785749536.973828554 0.470117568970 0.141869068146 -0.021188259125 -2.181609153748 -1.282023906708 0.025942802429 -0.530142784119
135 1785749537.007266760 0.470140457153 0.143930912018 -0.020780086517 -2.181249141693 -1.279723644257 0.025963306427 -0.530683040619
136 1785749537.040481567 0.470140457153 0.145416736603 -0.020372867584 -2.181153297424 -1.277230739594 0.025959491730 -0.531293392181
137 1785749537.073808193 0.470117568970 0.145872116089 -0.019366741180 -2.180937767029 -1.275577068329 0.025975227356 -0.531841278076
138 1785749537.107186079 0.470165252686 0.145943641663 -0.018767356873 -2.180697917938 -1.274306297302 0.025945186615 -0.532122612000
139 1785749537.140483856 0.470140457153 0.145943641663 -0.018192291260 -2.180530548096 -1.273635864258 0.025969028473 -0.532600402832
140 1785749537.173802853 0.470165252686 0.145943641663 -0.017472743988 -2.180314064026 -1.272796630859 0.025949478149 -0.532906055450
141 1785749537.207224131 0.470189094543 0.146015644073 -0.017185211182 -2.179906845093 -1.272173404694 0.025940895081 -0.532896995544
142 1785749537.240478516 0.470237255096 0.146687030792 -0.017257213593 -2.179092407227 -1.271645545959 0.025954723358 -0.530907154083
143 1785749537.273812532 0.470284938812 0.148221015930 -0.017233371735 -2.178708076477 -1.270304203033 0.025963306427 -0.524532318115
144 1785749537.307246447 0.470261096954 0.150809288025 -0.017017841339 -2.178660392761 -1.269345283508 0.025987625122 -0.520614147186
145 1785749537.340470314 0.470333099365 0.153278350830 -0.016993522644 -2.178612232208 -1.267307281494 0.026062488556 -0.516306400299
146 1785749537.373803616 0.470333099365 0.155986785889 -0.016969680786 -2.178492546082 -1.265102863312 0.027533531189 -0.510592937469
147 1785749537.407145262 0.470380783081 0.159030437469 -0.017017841339 -2.178492546082 -1.263257503510 0.028428554535 -0.504786491394
148 1785749537.440470695 0.470356941223 0.163057327271 -0.017017841339 -2.178492546082 -1.260836124420 0.028498172760 -0.498785495758
149 1785749537.490476131 0.470428943634 0.169073581696 -0.015460014343 -2.178420543671 -1.256689548492 0.028745174408 -0.491713047028
150 1785749537.523826599 0.470524787903 0.172452926636 -0.011624336243 -2.178085327148 -1.252280235291 0.020576000214 -0.487126350403
151 1785749537.557272911 0.471123695374 0.175041675568 -0.003187179565 -2.177940845490 -1.244585514069 0.005485057831 -0.477894783020
152 1785749537.590477705 0.473280906677 0.177030563354 0.009131908417 -2.178108692169 -1.234351158142 -0.020357131958 -0.469129085541
153 1785749537.623809814 0.475270271301 0.178229331970 0.025382518768 -2.178349018097 -1.223421573639 -0.044096469879 -0.466374874115
154 1785749537.657160997 0.477283954620 0.178301334381 0.039620399475 -2.179619312286 -1.213690280914 -0.058466911316 -0.466002941132
155 1785749537.690464258 0.478002548218 0.178325176239 0.049111366272 -2.182087421417 -1.204893589020 -0.072702407837 -0.463324069977
156 1785749537.723813057 0.478194236755 0.178301334381 0.058962821960 -2.186162471771 -1.196481227875 -0.090470314026 -0.469147682190
157 1785749537.757231712 0.478242397308 0.178301334381 0.072241306305 -2.189661502838 -1.184976577759 -0.110597610474 -0.481390953064
158 1785749537.790470600 0.478266239166 0.178277492523 0.086262226105 -2.191387653351 -1.173806667328 -0.128640174866 -0.493756771088
159 1785749537.823808193 0.477835178375 0.178372859955 0.098270416260 -2.191747188568 -1.164339542389 -0.145591735840 -0.501001358032
160 1785749537.857207775 0.474120140076 0.179092407227 0.105173587799 -2.191723346710 -1.154679775238 -0.160883426666 -0.508239746094
161 1785749537.890511513 0.466425895691 0.180626392365 0.109560012817 -2.192058563232 -1.146459102631 -0.173148155212 -0.518663883209
162 1785749537.923807859 0.455017566681 0.182663440704 0.111117839813 -2.193904876709 -1.139579772949 -0.184343338013 -0.530365943909
163 1785749537.957159281 0.443680286407 0.183742523193 0.111285686493 -2.198290348053 -1.133348464966 -0.195206642151 -0.543094158173
164 1785749537.990473747 0.430449485779 0.183766365051 0.110135555267 -2.206200122833 -1.127667903900 -0.205545902252 -0.558620929718
165 1785749538.023824930 0.417266845703 0.183742523193 0.105869293213 -2.215284347534 -1.123425006866 -0.215517997742 -0.569833755493
166 1785749538.057239532 0.404539108276 0.183766365051 0.099397182465 -2.223792552948 -1.119709491730 -0.224898815155 -0.583633899689
167 1785749538.090483427 0.389271736145 0.183742523193 0.089930057526 -2.230695724487 -1.116809368134 -0.236703395844 -0.594728946686
168 1785749538.123820305 0.374698638916 0.183742523193 0.082595825195 -2.234266757965 -1.113694190979 -0.249423503876 -0.605992794037
169 1785749538.157198191 0.356818199158 0.183766365051 0.076123714447 -2.236712455750 -1.111105442047 -0.258592605591 -0.622124195099
170 1785749538.190539598 0.332706451416 0.183766365051 0.069532871246 -2.238174438477 -1.104754447937 -0.266212940216 -0.637524604797
171 1785749538.223932505 0.310990810394 0.183742523193 0.064907073975 -2.240953922272 -1.096916198730 -0.272284030914 -0.658957004547
172 1785749538.257225037 0.291600227356 0.183669567108 0.059945106506 -2.244621753693 -1.091618537903 -0.278524398804 -0.673459053040
173 1785749538.290473461 0.272041320801 0.183477878571 0.053641319275 -2.248768329620 -1.088263511658 -0.282428741455 -0.685513496399
174 1785749538.323832750 0.256654262543 0.183334827423 0.047050476074 -2.250877380371 -1.086657524109 -0.284902095795 -0.694068908691
175 1785749538.357249260 0.242704868317 0.183310508728 0.039787769318 -2.252626895905 -1.085554599762 -0.289259910583 -0.702363014221
176 1785749538.390473127 0.230720520020 0.183286190033 0.032788753510 -2.252963066101 -1.082870006561 -0.296085357666 -0.713613510132
177 1785749538.423817635 0.221588134766 0.183286190033 0.027947425842 -2.252747535706 -1.077357769012 -0.305460929871 -0.723728179932
178 1785749538.457155228 0.215404510498 0.183286190033 0.026174068451 -2.251620769501 -1.072372913361 -0.321133136749 -0.728972434998
179 1785749538.490453720 0.206488132477 0.183502674103 0.024399757385 -2.247306346893 -1.067626476288 -0.341556549072 -0.731336593628
180 1785749538.523846149 0.197860240936 0.184797286987 0.023273944855 -2.241577625275 -1.062569618225 -0.358110904694 -0.732393741608
181 1785749538.557137489 0.188392162323 0.188392162323 0.022362709045 -2.234554767609 -1.057200431824 -0.366864204407 -0.733217239380
182 1785749538.590453148 0.176767349243 0.193281173706 0.019151210785 -2.227484703064 -1.053796768188 -0.375630378723 -0.735042572021
183 1785749538.623835325 0.163488864899 0.196925163269 0.013230800629 -2.220892906189 -1.052358627319 -0.378017902374 -0.740053653717
184 1785749538.657131672 0.147884845734 0.198986053467 0.005489349365 -2.215499877930 -1.050609111786 -0.381336688995 -0.747626304626
185 1785749538.690462351 0.133504390717 0.199536800385 -0.005033493042 -2.210825920105 -1.048307895660 -0.384870052338 -0.752994537354
186 1785749538.723889112 0.117660999298 0.199489593506 -0.017784118652 -2.206607341766 -1.046606063843 -0.388000011444 -0.756635189056
187 1785749538.757170439 0.104094982147 0.199513912201 -0.030703544617 -2.202198028564 -1.045742988586 -0.391712188721 -0.758697032928
188 1785749538.790462017 0.090096950531 0.199489593506 -0.044964790344 -2.196468830109 -1.045168399811 -0.398582935333 -0.759136676788
189 1785749538.823873281 0.079575061798 0.199489593506 -0.056206226349 -2.191172122955 -1.044497489929 -0.410682201385 -0.759197711945
190 1785749538.857201576 0.069389343262 0.199489593506 -0.064307212830 -2.183118343353 -1.043514251709 -0.426743507385 -0.759272575378
191 1785749538.890481949 0.058434963226 0.199489593506 -0.069460391998 -2.173291206360 -1.040230751038 -0.449169635773 -0.759690284729
192 1785749538.940490007 0.044509887695 0.199513912201 -0.076507091522 -2.159150123596 -1.038001537323 -0.467370986938 -0.760018348694
193 1785749538.973848343 0.036072731018 0.199153900146 -0.083745479584 -2.151504516602 -1.038025379181 -0.470725059509 -0.760191440582
194 1785749539.007164717 0.029768943787 0.196996688843 -0.091416358948 -2.145847797394 -1.038001537323 -0.471717834473 -0.760536193848
195 1785749539.040531635 0.024424076080 0.192513942719 -0.100739479065 -2.141988277435 -1.037977695465 -0.472400665283 -0.762941837311
196 1785749539.073844910 0.019103527069 0.188775539398 -0.110278606415 -2.138489246368 -1.036084175110 -0.476160049438 -0.768278598785
197 1785749539.107265234 0.013158321381 0.188104629517 -0.117756843567 -2.132736682892 -1.033663272858 -0.490019798279 -0.772301197052
198 1785749539.140610933 0.004889965057 0.188104629517 -0.124899864197 -2.124324321747 -1.031314849854 -0.501931190491 -0.773427963257
199 1785749539.173945665 -0.003906726837 0.188104629517 -0.129525661469 -2.114161014557 -1.030427455902 -0.513319492340 -0.773746967316
200 1785749539.207269192 -0.013877868652 0.188128471375 -0.132857799530 -2.102153778076 -1.029661178589 -0.524775028229 -0.773747444153
201 1785749539.240603924 -0.024399757385 0.188128471375 -0.136524200439 -2.089833259583 -1.029253482819 -0.533317089081 -0.773963928223
202 1785749539.273938894 -0.032310009003 0.188128471375 -0.140239238739 -2.078544616699 -1.028773784637 -0.536834716797 -0.774018764496
203 1785749539.307270050 -0.039260864258 0.188128471375 -0.144338130951 -2.069603919983 -1.026305675507 -0.542709350586 -0.774158477783
204 1785749539.340539455 -0.047098159790 0.188152313232 -0.150473594666 -2.057979583740 -1.023477077484 -0.549911975861 -0.774458885193
205 1785749539.373855591 -0.053713321686 0.188128471375 -0.155675411224 -2.050860881805 -1.022278785706 -0.554416656494 -0.774674415588
206 1785749539.407181501 -0.060592651367 0.188152313232 -0.160971641541 -2.042711257935 -1.021487236023 -0.562766075134 -0.774674415588
207 1785749539.440529108 -0.067423820496 0.188128471375 -0.165286064148 -2.033267974854 -1.021415710449 -0.570611476898 -0.774762630463
208 1785749539.473848343 -0.076436042786 0.188128471375 -0.168066501617 -2.022290229797 -1.021391391754 -0.582798480988 -0.774829387665
209 1785749539.507187128 -0.085232257843 0.188152313232 -0.169600486755 -2.011145114899 -1.021415710449 -0.592988967896 -0.774815082550
210 1785749539.540557146 -0.095323085785 0.188176631927 -0.172524929047 -1.998921394348 -1.021439552307 -0.599463939667 -0.774897575378
211 1785749539.573946476 -0.104310512543 0.188152313232 -0.175761222839 -1.988398551941 -1.021439552307 -0.606097698212 -0.774964332581
212 1785749539.607266665 -0.112292289734 0.188152313232 -0.178468704224 -1.979027271271 -1.021415710449 -0.614705562592 -0.774976253510
213 1785749539.640628815 -0.119818687439 0.188152313232 -0.181273460388 -1.971597194672 -1.021439552307 -0.619219779968 -0.774935722351
214 1785749539.673942327 -0.127416133881 0.188152313232 -0.184988975525 -1.964023113251 -1.021487236023 -0.624493122101 -0.774970054626
215 1785749539.707215309 -0.134942531586 0.188152313232 -0.188511848450 -1.959013938904 -1.021511554718 -0.626784801483 -0.774954319000
216 1785749539.740527391 -0.141773700714 0.188152313232 -0.192969799042 -1.953476428986 -1.021511554718 -0.628520011902 -0.774973869324
217 1785749539.773841858 -0.149419307709 0.188152313232 -0.196422100067 -1.947365283966 -1.021511554718 -0.631563186646 -0.774938106537
218 1785749539.807187557 -0.156178951263 0.188176631927 -0.199249744415 -1.939191818237 -1.021535396576 -0.635097503662 -0.774939537048
219 1785749539.840614080 -0.164016246796 0.188152313232 -0.202557563782 -1.930730342865 -1.021583080292 -0.639521121979 -0.775008201599
220 1785749539.873845577 -0.170846939087 0.188152313232 -0.205817222595 -1.924810409546 -1.021990299225 -0.641805171967 -0.775073528290
221 1785749539.907265186 -0.175425529480 0.188152313232 -0.209100723267 -1.921982765198 -1.022590160370 -0.642784595490 -0.775111675262
222 1785749539.940525055 -0.178732872009 0.188104629517 -0.212791442871 -1.920376300812 -1.023069381714 -0.643360137939 -0.775075435638
223 1785749539.973909140 -0.179595470428 0.187696456909 -0.216866493225 -1.919441699982 -1.023261070251 -0.644232273102 -0.775096416473
224 1785749540.007176399 -0.181489467621 0.186858177185 -0.221372604370 -1.915822982788 -1.023284912109 -0.645700454712 -0.775110244751
225 1785749540.040585518 -0.185420513153 0.186235427856 -0.226765632629 -1.908296108246 -1.023284912109 -0.647497177124 -0.775093555450
226 1785749540.073893070 -0.193497657776 0.185731410980 -0.231990814209 -1.896264076233 -1.023332595825 -0.649263858795 -0.775215625763
227 1785749540.107187510 -0.200328826904 0.185563564301 -0.234938621521 -1.885718345642 -1.023477077484 -0.650098800659 -0.775211334229
228 1785749540.140548468 -0.207135200500 0.185348033905 -0.236855506897 -1.875148296356 -1.024411678314 -0.651971817017 -0.775193214417
229 1785749540.173928499 -0.210587501526 0.185132503510 -0.237263679504 -1.866783142090 -1.024699211121 -0.655783176422 -0.775172233582
230 1785749540.207232714 -0.211449623108 0.185060501099 -0.237551212311 -1.860766887665 -1.024723052979 -0.660972595215 -0.775211334229
231 1785749540.240542412 -0.211617469788 0.185060501099 -0.238174915314 -1.854104042053 -1.024747848511 -0.663611412048 -0.775203704834
232 1785749540.273844719 -0.212145328522 0.185036659241 -0.238438129425 -1.849022388458 -1.024770736694 -0.666181564331 -0.775258541107
233 1785749540.323915005 -0.214637279510 0.185060501099 -0.238653659821 -1.842047214508 -1.024747848511 -0.674638748169 -0.775238037109
234 1785749540.357172251 -0.218040943146 0.185060501099 -0.238893508911 -1.837205886841 -1.024770736694 -0.677696228027 -0.775254726410
235 1785749540.390554428 -0.220989704132 0.185036659241 -0.239109039307 -1.833922386169 -1.024770736694 -0.678451061249 -0.775235652924
236 1785749540.423855543 -0.224369049072 0.185060501099 -0.239085197449 -1.830590248108 -1.024747848511 -0.680119037628 -0.775282382965
237 1785749540.457187414 -0.227293014526 0.185060501099 -0.239252567291 -1.827666759491 -1.024747848511 -0.683002471924 -0.775305271149
238 1785749540.490529299 -0.230360984802 0.185036659241 -0.239564418793 -1.824622154236 -1.024723052979 -0.686574459076 -0.775531768799
239 1785749540.524013758 -0.234244346619 0.185060501099 -0.239780426025 -1.821722030640 -1.024531364441 -0.688125610352 -0.776620864868
240 1785749540.557157278 -0.237767219543 0.185060501099 -0.239731788635 -1.818678855896 -1.024339675903 -0.689050674438 -0.777245044708
241 1785749540.590480804 -0.241770267487 0.185060501099 -0.239708900452 -1.814915180206 -1.024196147919 -0.689647674561 -0.777613639832
242 1785749540.624167442 -0.244310379028 0.185060501099 -0.239708900452 -1.812182903290 -1.023045063019 -0.690488338470 -0.777721405029
243 1785749540.657154083 -0.245748519897 0.185108661652 -0.239756584167 -1.808923244476 -1.021967411041 -0.691820621490 -0.777770042419
244 1785749540.690477848 -0.246515750885 0.185420036316 -0.239827632904 -1.806382179260 -1.021439552307 -0.692373275757 -0.777763366699
245 1785749540.723847389 -0.247450828552 0.186498641968 -0.239924430847 -1.803170681000 -1.021055221558 -0.692898750305 -0.777761936188
246 1785749540.757184029 -0.248600959778 0.188056468964 -0.239900588989 -1.800822257996 -1.020144939423 -0.693609237671 -0.777764797211
247 1785749540.790511608 -0.249127864838 0.189182758331 -0.239900588989 -1.799047946930 -1.019546031952 -0.694268703461 -0.777791023254
248 1785749540.823848248 -0.249320030212 0.191771507263 -0.239924430847 -1.797897338867 -1.018779754639 -0.695570468903 -0.777809619904
249 1785749540.857197762 -0.249415874481 0.193137645721 -0.239924430847 -1.796818733215 -1.017844676971 -0.695895671844 -0.778003692627
250 1785749540.890516758 -0.249464035034 0.194407939911 -0.239924430847 -1.795141696930 -1.017220973969 -0.696404457092 -0.778048515320
251 1785749540.923942804 -0.249679565430 0.195271492004 -0.239924430847 -1.792552947998 -1.016765594482 -0.697713851929 -0.778124809265
252 1785749540.957179308 -0.250086784363 0.195391178131 -0.239924430847 -1.790371417999 -1.015830516815 -0.700725078583 -0.778186321259
253 1785749540.990492344 -0.250614643097 0.195391178131 -0.239972114563 -1.788094520569 -1.014944076538 -0.704164981842 -0.778378009796
254 1785749541.023835421 -0.251452922821 0.195462703705 -0.239972114563 -1.786272525787 -1.014153003693 -0.707487583160 -0.778374671936
255 1785749541.057162762 -0.252651691437 0.195558547974 -0.239995956421 -1.783924102783 -1.013457298279 -0.710833072662 -0.778345108032
256 1785749541.090492964 -0.254209518433 0.195630550385 -0.240235805511 -1.780496120453 -1.012835502625 -0.713474273682 -0.778336524963
257 1785749541.123894691 -0.256271362305 0.195678710938 -0.240235805511 -1.777404308319 -1.012571334839 -0.714630126953 -0.778355598450
258 1785749541.157181263 -0.257612705231 0.195750236511 -0.240211963654 -1.774168491364 -1.012499332428 -0.715161800385 -0.778376579285
259 1785749541.190495491 -0.258643627167 0.195870399475 -0.240187644958 -1.771868228912 -1.011660099030 -0.716165542603 -0.778350353241
260 1785749541.223824024 -0.259027004242 0.196061611176 -0.240163803101 -1.770189762115 -1.008544445038 -0.716776371002 -0.778517246246
261 1785749541.257169247 -0.259050846100 0.196109771729 -0.240187644958 -1.769927024841 -1.007130146027 -0.717562675476 -0.778504371643
262 1785749541.290503025 -0.259267330170 0.196205615997 -0.240211963654 -1.768824100494 -1.007010459900 -0.719188690186 -0.778481006622
263 1785749541.323833942 -0.260249614716 0.197499752045 -0.240259647369 -1.765971660614 -1.006914615631 -0.722636222839 -0.778493881226
264 1785749541.357187033 -0.261831283569 0.199753284454 -0.240067958832 -1.762328147888 -1.006459236145 -0.724283218384 -0.779463291168
265 1785749541.390462875 -0.264180660248 0.200927734375 -0.239372730255 -1.758948802948 -1.005883693695 -0.724848270416 -0.780163288116
266 1785749541.423860312 -0.265666484833 0.202077865601 -0.238701820374 -1.756288051605 -1.004973411560 -0.726267814636 -0.780479431152
267 1785749541.457155228 -0.266169548035 0.202341556549 -0.238126754761 -1.754371166229 -1.004301548004 -0.727670669556 -0.780452251434
268 1785749541.490465641 -0.266313552856 0.202437400818 -0.237383365631 -1.752980709076 -1.003990173340 -0.729342937469 -0.780461311340
269 1785749541.523840666 -0.266481876373 0.202461719513 -0.236999988556 -1.752309322357 -1.003870487213 -0.730775356293 -0.780452251434
270 1785749541.557159662 -0.266937255859 0.202437400818 -0.237048149109 -1.750991821289 -1.003870487213 -0.731876373291 -0.780029296875
271 1785749541.590465546 -0.267727851868 0.202437400818 -0.237024307251 -1.749313354492 -1.003798484802 -0.733140945435 -0.779399871826
272 1785749541.623841763 -0.268399238586 0.202390193939 -0.237024307251 -1.747467994690 -1.003774642944 -0.733519077301 -0.778406143188
273 1785749541.673819304 -0.269213676453 0.202294349670 -0.236976146698 -1.744998931885 -1.003774642944 -0.733569145203 -0.777511596680
274 1785749541.707170010 -0.269620895386 0.202221393585 -0.236976146698 -1.744472503662 -1.003798484802 -0.733546733856 -0.777300357819
275 1785749541.740496635 -0.270579814911 0.201190948486 -0.236928462982 -1.743297100067 -1.003798484802 -0.733726501465 -0.777211666107
276 1785749541.773841619 -0.271778583527 0.199824333191 -0.236952304840 -1.742602348328 -1.003822803497 -0.733798980713 -0.776832103729
277 1785749541.807123184 -0.273600101471 0.196829319000 -0.237071990967 -1.740517616272 -1.004062175751 -0.734255790710 -0.775608539581
278 1785749541.840500832 -0.276332378387 0.194240570068 -0.236928462982 -1.737784862518 -1.007872581482 -0.734791755676 -0.774965763092
279 1785749541.873833656 -0.279400348663 0.192083358765 -0.236448287964 -1.735100269318 -1.012954235077 -0.734779834747 -0.774841308594
280 1785749541.907160044 -0.282444477081 0.190884113312 -0.235514163971 -1.730426788330 -1.014872550964 -0.734797000885 -0.774878025055
281 1785749541.940500259 -0.285344600677 0.190716743469 -0.234987258911 -1.725633144379 -1.014824390411 -0.737518310547 -0.774850368500
282 1785749541.973828316 -0.286806583405 0.190476894379 -0.235083103180 -1.722420692444 -1.014824390411 -0.738393306732 -0.774917125702
283 1785749542.007143974 -0.287213802338 0.190525054932 -0.235034465790 -1.720911026001 -1.014799594879 -0.738874912262 -0.775259017944
284 1785749542.040541410 -0.287189960480 0.190620899200 -0.234987258911 -1.719952583313 -1.013841629028 -0.739613533020 -0.775329589844
285 1785749542.073802233 -0.287142753601 0.190836906433 -0.235010147095 -1.719976425171 -1.012355327606 -0.739680290222 -0.775312900543
286 1785749542.107129574 -0.286950111389 0.190932750702 -0.234987258911 -1.720407485962 -1.011924266815 -0.739817142487 -0.775325775146
287 1785749542.140515804 -0.286519050598 0.190979957581 -0.235034465790 -1.721246242523 -1.011732101440 -0.739931106567 -0.775341510773
288 1785749542.173844576 -0.286064147949 0.191052913666 -0.235034465790 -1.721725940704 -1.011468410492 -0.740159988403 -0.775183677673
289 1785749542.207174063 -0.285967350006 0.191555976868 -0.235058784485 -1.722181320190 -1.010198116302 -0.740241527557 -0.774117469788
290 1785749542.240486622 -0.285920143127 0.192107677460 -0.235034465790 -1.722277164459 -1.007370471954 -0.740286827087 -0.773699760437
291 1785749542.273814201 -0.285800457001 0.192562580109 -0.235034465790 -1.722661018372 -1.004566192627 -0.740673542023 -0.773684024811
292 1785749542.307162285 -0.285488128662 0.194096565247 -0.235058784485 -1.723331928253 -1.002432346344 -0.741309165955 -0.773686885834
293 1785749542.340496063 -0.285176753998 0.195822238922 -0.234866619110 -1.723667144775 -1.000035762787 -0.741764545441 -0.774246215820
294 1785749542.373839378 -0.284337520599 0.196948051453 -0.234962940216 -1.724218368530 -0.998813629150 -0.741780757904 -0.774211883545
295 1785749542.407130718 -0.282732486725 0.197883129120 -0.234962940216 -1.725081443787 -0.998023033142 -0.741776943207 -0.774217128754
296 1785749542.440497160 -0.281965255737 0.199465274811 -0.234914302826 -1.725368976593 -0.995434284210 -0.741783142090 -0.774242401123
297 1785749542.473852873 -0.281677722931 0.201598644257 -0.234938621521 -1.725368976593 -0.991646766663 -0.741801738739 -0.774383068085
298 1785749542.507130146 -0.280958175659 0.203372478485 -0.234770774841 -1.725416660309 -0.988531112671 -0.741783142090 -0.774366855621
299 1785749542.540510654 -0.279807567596 0.204066753387 -0.234530925751 -1.725488662720 -0.986181735992 -0.742005348206 -0.774864673615
300 1785749542.573921204 -0.278705596924 0.204066753387 -0.234411239624 -1.725656509399 -0.985032081604 -0.742235183716 -0.774954319000
301 1785749542.607137442 -0.278249740601 0.204066753387 -0.234435558319 -1.725824832916 -0.984959125519 -0.742735385895 -0.775181293488
302 1785749542.640515566 -0.278010368347 0.204091548920 -0.234387397766 -1.725824832916 -0.984935283661 -0.743010997772 -0.775433540344
303 1785749542.673867464 -0.277914524078 0.204066753387 -0.234315395355 -1.725824832916 -0.984959125519 -0.743073940277 -0.775499343872
304 1785749542.707145691 -0.277866363525 0.203947067261 -0.234219551086 -1.725848197937 -0.984982967377 -0.743071556091 -0.775554180145
305 1785749542.740504503 -0.277770519257 0.203516006470 -0.234099864960 -1.725824832916 -0.984982967377 -0.743075370789 -0.775718688965
306 1785749542.773847342 -0.277698516846 0.203084945679 -0.234052181244 -1.725800991058 -0.984959125519 -0.743108272552 -0.775729179382
307 1785749542.807163954 -0.277626991272 0.202773571014 -0.233980178833 -1.725776195526 -0.984959125519 -0.743583679199 -0.775730133057
308 1785749542.840468645 -0.277602672577 0.202628612518 -0.233620643616 -1.725752353668 -0.984982967377 -0.745232105255 -0.775801658630
309 1785749542.873867273 -0.277602672577 0.202604770660 -0.233117103577 -1.725728988647 -0.984959125519 -0.747664928436 -0.775839328766
310 1785749542.907154322 -0.277602672577 0.202533245087 -0.232781410217 -1.725705146790 -0.984959125519 -0.749206542969 -0.775918483734
311 1785749542.940501690 -0.277602672577 0.202245712280 -0.232685565948 -1.725656509399 -0.984982967377 -0.750479221344 -0.775992870331
312 1785749542.973798990 -0.277650833130 0.201526641846 -0.232589721680 -1.725464820862 -0.984982967377 -0.751390457153 -0.776024341583
313 1785749543.007143974 -0.277650833130 0.200520038605 -0.232302665710 -1.725224971771 -0.985007286072 -0.752299308777 -0.776016712189
314 1785749543.040473461 -0.277698516846 0.199465274811 -0.232086658478 -1.724889755249 -0.985007286072 -0.752827644348 -0.775985240936
315 1785749543.073813200 -0.277698516846 0.198459148407 -0.232062339783 -1.724505901337 -0.985007286072 -0.753113746643 -0.775999546051
316 1785749543.107129574 -0.277722835541 0.198123455048 -0.232015132904 -1.724146366119 -0.984982967377 -0.753955841064 -0.776000976562
317 1785749543.140479565 -0.277770519257 0.197907447815 -0.231966495514 -1.723619461060 -0.984982967377 -0.755224704742 -0.775801181793
318 1785749543.190468311 -0.277962207794 0.197475910187 -0.231726646423 -1.722277164459 -0.985007286072 -0.756680965424 -0.775604248047
319 1785749543.223914385 -0.278201580048 0.196805000305 -0.231487274170 -1.721702098846 -0.985055923462 -0.757080554962 -0.775600433350
320 1785749543.257189989 -0.278490066528 0.196205615997 -0.231151580811 -1.721054553986 -0.985223293304 -0.757675170898 -0.775635719299
321 1785749543.290466785 -0.278681755066 0.194983959198 -0.230648517609 -1.720144271851 -0.985535144806 -0.758206844330 -0.775626659393
322 1785749543.323915005 -0.278753757477 0.194888114929 -0.230072975159 -1.720048427582 -0.985606670380 -0.759645462036 -0.775625228882
323 1785749543.357197523 -0.278801441193 0.194888114929 -0.229929447174 -1.719999790192 -0.985654830933 -0.761267185211 -0.775630950928
324 1785749543.390470982 -0.278801441193 0.194863319397 -0.229977130890 -1.719999790192 -0.985654830933 -0.762440204620 -0.775577068329
325 1785749543.423925400 -0.278801441193 0.194863319397 -0.230000972748 -1.719999790192 -0.985630989075 -0.763266563416 -0.775532245636
326 1785749543.457160950 -0.278824806213 0.194839477539 -0.230000972748 -1.719999790192 -0.985606670380 -0.763807296753 -0.775474548340
327 1785749543.490484715 -0.278849124908 0.194839477539 -0.230025291443 -1.719976425171 -0.985606670380 -0.764264583588 -0.775488376617
328 1785749543.523854733 -0.278801441193 0.194839477539 -0.230025291443 -1.719999790192 -0.985582828522 -0.764481067657 -0.775503158569
329 1785749543.557140827 -0.278824806213 0.194839477539 -0.230025291443 -1.719999790192 -0.985510826111 -0.764713764191 -0.775469303131
330 1785749543.590463638 -0.278801441193 0.194839477539 -0.230049133301 -1.719976425171 -0.985270500183 -0.765032768250 -0.775476932526
331 1785749543.623887062 -0.278824806213 0.194815158844 -0.230072975159 -1.719928741455 -0.984982967377 -0.766006469727 -0.775482177734
332 1785749543.657147884 -0.278801441193 0.194839477539 -0.230121135712 -1.719952583313 -0.984840393066 -0.767467975616 -0.775484561920
333 1785749543.690481186 -0.278824806213 0.194839477539 -0.230072975159 -1.719952583313 -0.984743595123 -0.768880844116 -0.775456905365
334 1785749543.723887682 -0.278824806213 0.194863319397 -0.230096817017 -1.719952583313 -0.984719753265 -0.769703388214 -0.775492668152
335 1785749543.757147074 -0.278824806213 0.194863319397 -0.230072975159 -1.719928741455 -0.984695911407 -0.770131587982 -0.775467872620
336 1785749543.790506601 -0.278849124908 0.194839477539 -0.230072975159 -1.719903945923 -0.984671592712 -0.770997047424 -0.775483608246
337 1785749543.823891401 -0.278824806213 0.194839477539 -0.230072975159 -1.719903945923 -0.984647750854 -0.771224498749 -0.775496482849
338 1785749543.857242823 -0.278824806213 0.194192409515 -0.229929447174 -1.719808101654 -0.984671592712 -0.771362304688 -0.775515079498
339 1785749543.890512466 -0.278801441193 0.190908908844 -0.229306221008 -1.719377517700 -0.984959125519 -0.771376132965 -0.777203083038
340 1785749543.923857927 -0.278777599335 0.187600612640 -0.229138851166 -1.717866897583 -0.985319137573 -0.771516799927 -0.778142929077
341 1785749543.957183838 -0.278801441193 0.184293270111 -0.229065895081 -1.715877532959 -0.985966205597 -0.771582603455 -0.778602600098
342 1785749543.990462780 -0.278777599335 0.180985927582 -0.229138851166 -1.714847087860 -0.987859249115 -0.771788597107 -0.778717041016
343 1785749544.023866653 -0.278777599335 0.179523944855 -0.229138851166 -1.714655399323 -0.990256786346 -0.772647857666 -0.778718471527
344 1785749544.057145119 -0.278777599335 0.179356098175 -0.229186534882 -1.714679241180 -0.991238594055 -0.772788524628 -0.778728008270
345 1785749544.090466022 -0.278777599335 0.179356098175 -0.229115009308 -1.714726924896 -0.992221832275 -0.773112773895 -0.778719425201
346 1785749544.123894691 -0.278801441193 0.179307937622 -0.229282379150 -1.714775085449 -0.994906425476 -0.773543357849 -0.779119014740
347 1785749544.157162189 -0.278824806213 0.179284095764 -0.229306221008 -1.714775085449 -0.996320724487 -0.774093627930 -0.780055046082
348 1785749544.190473318 -0.278777599335 0.179164409637 -0.229257583618 -1.714751243591 -0.997471332550 -0.774526119232 -0.780356407166
349 1785749544.223861456 -0.278753757477 0.178564548492 -0.229090213776 -1.714775085449 -1.000011920929 -0.775246143341 -0.780457496643
350 1785749544.257147789 -0.278728961945 0.177078723907 -0.228970527649 -1.714775085449 -1.002264499664 -0.775780200958 -0.780462741852
351 1785749544.290472984 -0.278705596924 0.175425052643 -0.229019165039 -1.714775085449 -1.003894329071 -0.775932312012 -0.780482292175
352 1785749544.323864222 -0.278705596924 0.174322128296 -0.228994369507 -1.714775085449 -1.005980014801 -0.776113986969 -0.780447959900
353 1785749544.357146263 -0.278681755066 0.173579692841 -0.228994369507 -1.714751243591 -1.006914615631 -0.776224136353 -0.780487537384
354 1785749544.390485287 -0.278681755066 0.172956943512 -0.228850364685 -1.714751243591 -1.007633686066 -0.776219367981 -0.780444145203
355 1785749544.423878193 -0.278657913208 0.171877861023 -0.228466987610 -1.714703083038 -1.008161067963 -0.776281833649 -0.780473232269
356 1785749544.457161427 -0.278633117676 0.171206474304 -0.228419303894 -1.714607238770 -1.008904457092 -0.776397705078 -0.780479431152
357 1785749544.490492105 -0.278081893921 0.170320034027 -0.229929447174 -1.713121414185 -1.010438442230 -0.778417587280 -0.780484676361
358 1785749544.523916721 -0.276619911194 0.169337272644 -0.231080055237 -1.710364818573 -1.012499332428 -0.782008171082 -0.780780315399
359 1785749544.557164192 -0.273839473724 0.167347908020 -0.231822490692 -1.708758831024 -1.014703750610 -0.783184051514 -0.782099246979
360 1785749544.590484142 -0.271610736847 0.166125297546 -0.231774806976 -1.707944393158 -1.016550064087 -0.783183574677 -0.782243251801
361 1785749544.624008656 -0.269525051117 0.165789127350 -0.231678962708 -1.707919597626 -1.018419265747 -0.783178329468 -0.782399654388
362 1785749544.673852444 -0.267799377441 0.165741920471 -0.231367588043 -1.707919597626 -1.020168781281 -0.783162593842 -0.783893585205
363 1785749544.707172632 -0.267033100128 0.165741920471 -0.231031894684 -1.707895755768 -1.022374629974 -0.783183574677 -0.785202503204
364 1785749544.740502596 -0.266841411591 0.165741920471 -0.230624675751 -1.707895755768 -1.025010585785 -0.783402919769 -0.785190582275
365 1785749544.773828745 -0.266792774200 0.165718078613 -0.229353427887 -1.707871913910 -1.028198719025 -0.783396720886 -0.782478332520
366 1785749544.807164192 -0.266769409180 0.165718078613 -0.228371620178 -1.707895755768 -1.031506538391 -0.783421516418 -0.778491020203
367 1785749544.840491056 -0.266505241394 0.165670394897 -0.226789474487 -1.707895755768 -1.034166812897 -0.783435821533 -0.775682926178
368 1785749544.873895407 -0.265594959259 0.165670394897 -0.223721504211 -1.707919597626 -1.035652160645 -0.783467292786 -0.774302482605
369 1785749544.907126188 -0.264252662659 0.165670394897 -0.221252441406 -1.707871913910 -1.036611080170 -0.783469200134 -0.772505760193
370 1785749544.940471888 -0.261903285980 0.165741920471 -0.219143867493 -1.707848548889 -1.037258625031 -0.783472537994 -0.768057823181
371 1785749544.973864079 -0.259770393372 0.165766239166 -0.217033863068 -1.707895755768 -1.037498474121 -0.783437728882 -0.763818264008
372 1785749545.007136345 -0.257852554321 0.165933609009 -0.214805603027 -1.707848548889 -1.037570476532 -0.783449649811 -0.761679649353
373 1785749545.040479183 -0.256989955902 0.166005611420 -0.212695598602 -1.707871913910 -1.037594318390 -0.783475399017 -0.758805751801
374 1785749545.073891878 -0.255504131317 0.166053771973 -0.209843635559 -1.707871913910 -1.037594318390 -0.783445358276 -0.752773761749
375 1785749545.107129335 -0.254209518433 0.166053771973 -0.206296443939 -1.708806991577 -1.037570476532 -0.783533096313 -0.747694492340
376 1785749545.140468836 -0.252603530884 0.166101455688 -0.203012943268 -1.709933757782 -1.035700798035 -0.783526897430 -0.746029376984
377 1785749545.173841715 -0.249751567841 0.166484832764 -0.199369430542 -1.712976932526 -1.029253482819 -0.783565044403 -0.745399951935
378 1785749545.207130432 -0.244670391083 0.166796207428 -0.194312095642 -1.720120429993 -1.022374629974 -0.783526420593 -0.744610786438
379 1785749545.240483046 -0.238174438477 0.166868209839 -0.189686298370 -1.728149414062 -1.014561176300 -0.783526420593 -0.744064331055
380 1785749545.273855686 -0.229425907135 0.166820049286 -0.183573722839 -1.740468978882 -1.005643844604 -0.783556938171 -0.743551254272
381 1785749545.307140589 -0.220557689667 0.166796207428 -0.176815032959 -1.751902103424 -0.999771595001 -0.783702850342 -0.743109703064
382 1785749545.340489388 -0.209867954254 0.166796207428 -0.169624328613 -1.765420913696 -0.995601654053 -0.783761978149 -0.743066310883
383 1785749545.373864412 -0.198554515839 0.166843891144 -0.160875797272 -1.779489994049 -0.988242626190 -0.783731460571 -0.743097782135
384 1785749545.407163382 -0.190429687500 0.166843891144 -0.154117107391 -1.790203571320 -0.981627941132 -0.783946990967 -0.743083000183
385 1785749545.440498829 -0.181057453156 0.166772365570 -0.143930912018 -1.806478023529 -0.975228309631 -0.784189701080 -0.743054389954
386 1785749545.473823309 -0.173795700073 0.166604518890 -0.133072376251 -1.818582057953 -0.969307422638 -0.784524917603 -0.742945194244
387 1785749545.507135630 -0.166269779205 0.165525913239 -0.118715763092 -1.830950260162 -0.966695785522 -0.784545898438 -0.739004135132
388 1785749545.540515423 -0.155435562134 0.162026882172 -0.101817607880 -1.843269824982 -0.966647624969 -0.784548759460 -0.729718685150
389 1785749545.573858976 -0.141413688660 0.155147552490 -0.079838752747 -1.856021404266 -0.969500064850 -0.784567356110 -0.720620155334
390 1785749545.607155561 -0.124516010284 0.144553661346 -0.056685447693 -1.870473861694 -0.976738452911 -0.784545898438 -0.712461948395
391 1785749545.640484095 -0.104359149933 0.131155014038 -0.028522491455 -1.886605262756 -0.981172561646 -0.784537792206 -0.709273815155
392 1785749545.673873186 -0.078664302826 0.113778114319 0.002038002014 -1.901992797852 -0.985151767731 -0.784574508667 -0.705765724182
393 1785749545.707134724 -0.059465885162 0.099828720093 0.027803897858 -1.912755012512 -0.990304470062 -0.784554004669 -0.698979854584
394 1785749545.740483522 -0.040866851807 0.087628841400 0.053857803345 -1.921143531799 -0.998429298401 -0.784568309784 -0.680556297302
395 1785749545.773864746 -0.023465633392 0.078256607056 0.081684589386 -1.927782535553 -1.010725975037 -0.784602165222 -0.654407978058
396 1785749545.807132959 -0.006974697113 0.071522235870 0.109200477600 -1.933103561401 -1.028198719025 -0.785469055176 -0.622983932495
397 1785749545.840471983 0.008916854858 0.067855358124 0.131275653839 -1.939215660095 -1.054275989532 -0.786324024200 -0.577502727509
398 1785749545.873871326 0.028762340546 0.065074920654 0.147358417511 -1.950169563293 -1.082295417786 -0.761887073517 -0.529349327087
399 1785749545.907182693 0.049758434296 0.062917232513 0.156083106995 -1.964310646057 -1.109547615051 -0.725872993469 -0.489396095276
400 1785749545.940565109 0.069149017334 0.059609889984 0.161403656006 -1.977852344513 -1.128698348999 -0.689972400665 -0.461679935455
401 1785749545.973866940 0.092374324799 0.051172733307 0.167180061340 -1.992593288422 -1.138357639313 -0.662178039551 -0.445972442627
402 1785749546.007160425 0.108864784241 0.041081905365 0.174754142761 -2.004385471344 -1.142432212830 -0.644793033600 -0.430893898010
403 1785749546.040502787 0.123533248901 0.028594493866 0.186211109161 -2.014548301697 -1.150317668915 -0.633591175079 -0.407419681549
404 1785749546.073866606 0.140359878540 0.015339851379 0.201910018921 -2.021163463593 -1.166161060333 -0.629444599152 -0.377522945404
405 1785749546.107219458 0.155506610870 0.006542682648 0.216123580933 -2.025190353394 -1.180518150330 -0.625642299652 -0.348068237305
406 1785749546.140480995 0.175233364105 0.000527381897 0.228922843933 -2.026795864105 -1.201801776886 -0.614340782166 -0.312344074249
407 1785749546.190492868 0.208045959473 -0.001006603241 0.240116596222 -2.026820182800 -1.227256298065 -0.590809822083 -0.260333538055
408 1785749546.223884583 0.228466987610 -0.001222610474 0.247977733612 -2.026556491852 -1.239959716797 -0.578989028931 -0.238007545471
409 1785749546.257184982 0.242776393890 -0.001318454742 0.253418922424 -2.026556491852 -1.250553607941 -0.567684650421 -0.217081546783
410 1785749546.290504932 0.253753662109 -0.001942157745 0.257829189301 -2.026580333710 -1.262034893036 -0.551581859589 -0.197037220001
411 1785749546.323933840 0.261687755585 -0.002613067627 0.260153770447 -2.026580333710 -1.269560813904 -0.533823966980 -0.183579444885
412 1785749546.357150793 0.265546321869 -0.004578113556 0.259290695190 -2.026677131653 -1.275121688843 -0.507771968842 -0.171557426453
413 1785749546.390472651 0.267367839813 -0.009850978851 0.258931159973 -2.026484489441 -1.280443191528 -0.485089302063 -0.164684295654
414 1785749546.423861027 0.268446445465 -0.017832756042 0.260273456573 -2.025118350983 -1.285931110382 -0.470573902130 -0.152266502380
415 1785749546.457167864 0.269429683685 -0.025933742523 0.262047767639 -2.023800849915 -1.296070098877 -0.463109970093 -0.136406898499
416 1785749546.490491152 0.273456573486 -0.032142162323 0.264803409576 -2.021403789520 -1.307406425476 -0.457866668701 -0.117397308350
417 1785749546.523860455 0.281844615936 -0.034322738647 0.268015861511 -2.018095493317 -1.315867424011 -0.454809188843 -0.098073005676
418 1785749546.557170153 0.292990684509 -0.034394741058 0.270029067993 -2.015434741974 -1.320637702942 -0.451609611511 -0.081031799316
419 1785749546.590491295 0.307395935059 -0.034370899200 0.271922111511 -2.013182163239 -1.323801517487 -0.446972370148 -0.071179866791
420 1785749546.623884201 0.323573589325 -0.034370899200 0.273743629456 -2.010904788971 -1.326365947723 -0.442959785461 -0.065859317780
421 1785749546.657172203 0.336349010468 -0.034370899200 0.274199008942 -2.008748054504 -1.327229022980 -0.440791606903 -0.059191226959
422 1785749546.690488338 0.346824169159 -0.034370899200 0.274318695068 -2.007046222687 -1.328595161438 -0.437920093536 -0.052388191223
423 1785749546.723877192 0.353031158447 -0.034898757935 0.274367332458 -2.006206989288 -1.329698085785 -0.435040473938 -0.047135829926
424 1785749546.757176161 0.357202529907 -0.037319183350 0.274654865265 -2.006112098694 -1.332213878632 -0.428279876709 -0.042379856110
425 1785749546.790495157 0.360126018524 -0.040315151215 0.274822235107 -2.006039619446 -1.337271690369 -0.422654628754 -0.035778045654
426 1785749546.823851347 0.362954139709 -0.042328834534 0.274678707123 -2.005943775177 -1.339980602264 -0.421005249023 -0.026868820190
427 1785749546.857193708 0.366454124451 -0.042784214020 0.274582862854 -2.005920410156 -1.341705799103 -0.417717456818 -0.019155025482
428 1785749546.890476704 0.370121002197 -0.042784214020 0.275013923645 -2.005775928497 -1.344654083252 -0.412405014038 -0.011316776276
429 1785749546.923984051 0.374387264252 -0.042616367340 0.276068687439 -2.004074096680 -1.347698211670 -0.408298492432 -0.004102230072
430 1785749546.957162380 0.378030300140 -0.041824817657 0.277339458466 -2.001101970673 -1.351772785187 -0.405046463013 0.011597633362
431 1785749546.990483284 0.383063793182 -0.040890693665 0.277914524078 -1.997626781464 -1.355631351471 -0.401871681213 0.026985168457
432 1785749547.023839951 0.388744354248 -0.040771007538 0.278609752655 -1.996284008026 -1.358220100403 -0.398972034454 0.038784980774
433 1785749547.057152510 0.395576000214 -0.040771007538 0.278969287872 -1.995613098145 -1.359250068665 -0.397595405579 0.045951843262
434 1785749547.090477228 0.402238845825 -0.040794849396 0.278993129730 -1.994918346405 -1.360208988190 -0.397026538849 0.055119991302
435 1785749547.123856306 0.406888484955 -0.040818214417 0.278969287872 -1.993887424469 -1.361120223999 -0.396744251251 0.059844970703
436 1785749547.157165289 0.409213542938 -0.041034221649 0.279016971588 -1.993480205536 -1.361791610718 -0.396387100220 0.066913604736
437 1785749547.190478325 0.410819053650 -0.041537284851 0.278993129730 -1.993432521820 -1.362270832062 -0.395869255066 0.072926521301
438 1785749547.223917007 0.411490440369 -0.043047428131 0.278993129730 -1.993480205536 -1.362534523010 -0.395672321320 0.077303886414
439 1785749547.257167101 0.411922454834 -0.044917583466 0.279088973999 -1.993432521820 -1.362726211548 -0.395194530487 0.079535961151
440 1785749547.290495157 0.412352561951 -0.045612335205 0.279472351074 -1.993456363678 -1.362845897675 -0.393531799316 0.080206871033
441 1785749547.323962927 0.412688732147 -0.045300960541 0.279615879059 -1.993456363678 -1.362965583801 -0.389415740967 0.080296516418
442 1785749547.357237101 0.412760734558 -0.043383598328 0.279639720917 -1.993240833282 -1.363013744354 -0.381037235260 0.080338478088
443 1785749547.390491724 0.412760734558 -0.039596080780 0.279639720917 -1.991515159607 -1.363013744354 -0.373126506805 0.082419872284
444 1785749547.423856497 0.412784576416 -0.035904884338 0.279783725739 -1.988063335419 -1.363013744354 -0.363553524017 0.084640502930
445 1785749547.457224131 0.412832736969 -0.034131050110 0.279975414276 -1.985115051270 -1.363037586212 -0.358721256256 0.087217807770
446 1785749547.490483999 0.412976264954 -0.032741069794 0.279376506805 -1.980561256409 -1.363062381744 -0.356663703918 0.091378688812
447 1785749547.523860216 0.413048267365 -0.032597541809 0.277722835541 -1.977349281311 -1.365099430084 -0.352684974670 0.094961166382
448 1785749547.557129622 0.413048267365 -0.032597541809 0.275781631470 -1.972556114197 -1.368430614471 -0.348600387573 0.099318027496
449 1785749547.590459108 0.413072109222 -0.032597541809 0.272953033447 -1.968288898468 -1.372241497040 -0.342331409454 0.103142261505
450 1785749547.623915434 0.413072109222 -0.032621383667 0.267655849457 -1.963831424713 -1.375166416168 -0.331305980682 0.105109691620
451 1785749547.657146454 0.413095951080 -0.032597541809 0.258667469025 -1.959636688232 -1.376699924469 -0.320241451263 0.107403278351
452 1785749547.690491915 0.413072109222 -0.032453536987 0.251573562622 -1.957503318787 -1.377538681030 -0.311432838440 0.109367847443
453 1785749547.723865032 0.413095951080 -0.031326770782 0.244406223297 -1.955873489380 -1.378017902374 -0.302990436554 0.110742092133
454 1785749547.757156372 0.413120269775 -0.028402805328 0.241050720215 -1.955154895782 -1.378233909607 -0.297295570374 0.111854553223
455 1785749547.807130814 0.413095951080 -0.022147178650 0.234939098358 -1.954987049103 -1.378305912018 -0.284877300262 0.115954399109
456 1785749547.840472937 0.413095951080 -0.018216133118 0.229210376740 -1.954939365387 -1.378305912018 -0.276284694672 0.119079589844
457 1785749547.873844385 0.413095951080 -0.016251087189 0.223961830139 -1.954939365387 -1.378329753876 -0.267434120178 0.121476173401
458 1785749547.907185078 0.413120269775 -0.015723228455 0.220366001129 -1.954939365387 -1.378329753876 -0.263399600983 0.122683048248
459 1785749547.940475464 0.413120269775 -0.014956474304 0.217634201050 -1.954939365387 -1.378329753876 -0.261847019196 0.123249530792
460 1785749547.973841429 0.413095951080 -0.014308929443 0.215668201447 -1.954891204834 -1.378329753876 -0.258916854858 0.123902320862
461 1785749548.007164240 0.413120269775 -0.014165878296 0.214469909668 -1.954411506653 -1.378354072571 -0.255187988281 0.124720573425
462 1785749548.040495872 0.413072109222 -0.014093399048 0.213918209076 -1.953022003174 -1.378329753876 -0.253190517426 0.125333309174
463 1785749548.073879957 0.413095951080 -0.013829708099 0.213726520538 -1.951391220093 -1.378354072571 -0.251474857330 0.125662326813
464 1785749548.107131481 0.413120269775 -0.012823581696 0.213679313660 -1.950337409973 -1.378354072571 -0.250920772552 0.125693798065
465 1785749548.140477896 0.413095951080 -0.012056350708 0.213630676270 -1.949090957642 -1.378354072571 -0.250275611877 0.125688552856
466 1785749548.173853397 0.413024425507 -0.009923458099 0.213366985321 -1.948275566101 -1.378354072571 -0.249374866486 0.125662326813
467 1785749548.207182407 0.412664890289 -0.008461475372 0.212288379669 -1.947700500488 -1.378354072571 -0.247405052185 0.125672340393
468 1785749548.240483284 0.411370754242 -0.007382392883 0.211497783661 -1.947269439697 -1.378354072571 -0.243582725525 0.125677585602
469 1785749548.274014473 0.410388469696 -0.006831645966 0.210731029510 -1.947220802307 -1.378354072571 -0.241326332092 0.126464366913
470 1785749548.307137728 0.409142017365 -0.006471633911 0.210155487061 -1.947197437286 -1.378354072571 -0.240391254425 0.127352714539
471 1785749548.340513945 0.408326625824 -0.005776882172 0.209676265717 -1.947197437286 -1.378376960754 -0.239290237427 0.128651618958
472 1785749548.373862505 0.408062934875 -0.005129337311 0.208214282990 -1.947173595428 -1.378376960754 -0.238875389099 0.130253314972
473 1785749548.407147169 0.407991409302 -0.004793643951 0.206273078918 -1.947220802307 -1.378376960754 -0.238805770874 0.131630420685
474 1785749548.440490246 0.407967090607 -0.004386425018 0.203995704651 -1.947197437286 -1.378354072571 -0.238783359528 0.132751941681
475 1785749548.473938704 0.407943248749 -0.003475666046 0.201934814453 -1.947148799896 -1.378354072571 -0.238779544830 0.133213043213
476 1785749548.507143974 0.407967090607 -0.002636909485 0.200232982635 -1.946980953217 -1.378376960754 -0.238786220551 0.133223533630
477 1785749548.540487528 0.407943248749 -0.001342773438 0.199441909790 -1.946549892426 -1.378354072571 -0.238781929016 0.133374691010
478 1785749548.573884487 0.407918453217 -0.001102447510 0.199154376984 -1.945686817169 -1.378376960754 -0.238088607788 0.133408546448
479 1785749548.607341766 0.407822608948 -0.001006603241 0.198962688446 -1.945039749146 -1.378354072571 -0.238008975983 0.133624076843
480 1785749548.640498877 0.407511234283 -0.000910758972 0.198410987854 -1.943697452545 -1.378354072571 -0.237907409668 0.133633136749
481 1785749548.673866034 0.407248020172 -0.000623226166 0.197931766510 -1.943074703217 -1.378376960754 -0.237634181976 0.133659362793
482 1785749548.707141638 0.407032012939 0.000455856323 0.196948528290 -1.942786693573 -1.378354072571 -0.237668514252 0.133646011353
483 1785749548.740514517 0.406912326813 0.001606464386 0.196325778961 -1.942379474640 -1.378376960754 -0.237548828125 0.133634567261
484 1785749548.773895741 0.406840801239 0.002181053162 0.195774078369 -1.942187786102 -1.378376960754 -0.236741542816 0.133660316467
485 1785749548.807152033 0.406816482544 0.002253055573 0.194503784180 -1.941996097565 -1.378354072571 -0.236336708069 0.133622646332
486 1785749548.840490818 0.406792640686 0.002276897430 0.191627979279 -1.941900253296 -1.378354072571 -0.233922958374 0.133804798126
487 1785749548.873912811 0.406720638275 0.002276897430 0.186283111572 -1.941732406616 -1.378354072571 -0.227882862091 0.133771896362
488 1785749548.907163143 0.406384468079 0.002276897430 0.180003643036 -1.941204547882 -1.378376960754 -0.219824790955 0.133780479431
489 1785749548.940524340 0.405737876892 0.002276897430 0.175593376160 -1.940462112427 -1.378354072571 -0.217423915863 0.133794307709
490 1785749548.973846197 0.405162811279 0.002276897430 0.173004627228 -1.939311504364 -1.378376960754 -0.216246128082 0.133780479431
491 1785749549.007136106 0.405042171478 0.002971649170 0.171230792999 -1.938832283020 -1.378354072571 -0.215301513672 0.133764743805
492 1785749549.040509701 0.404971122742 0.005728244781 0.169600963593 -1.937921047211 -1.378354072571 -0.214780330658 0.134516716003
493 1785749549.073889732 0.404850482941 0.009035587311 0.168618202209 -1.937250614166 -1.378376960754 -0.214539527893 0.135713577271
494 1785749549.107156754 0.404539108276 0.010881900787 0.167899608612 -1.936771392822 -1.378354072571 -0.214287281036 0.136634349823
495 1785749549.140516520 0.403820514679 0.011480808258 0.167707920074 -1.935548782349 -1.378354072571 -0.213432312012 0.136943817139
496 1785749549.173978329 0.402646064758 0.013350009918 0.167563438416 -1.933942317963 -1.378354072571 -0.213302612305 0.137090206146
497 1785749549.207165003 0.400297641754 0.014884948730 0.167443752289 -1.932312488556 -1.378354072571 -0.213232994080 0.137086868286
498 1785749549.240503788 0.397876262665 0.015244007111 0.167371749878 -1.930347442627 -1.378354072571 -0.212984561920 0.137352466583
499 1785749549.273879766 0.394712924957 0.016178607941 0.166389465332 -1.927878379822 -1.378354072571 -0.212912559509 0.137346267700
500 1785749549.323888063 0.391620635986 0.018120288849 0.164519309998 -1.925338268280 -1.378354072571 -0.212926864624 0.137346267700
501 1785749549.357160807 0.390853404999 0.018479824066 0.163513183594 -1.924019813538 -1.378354072571 -0.212927818298 0.137377738953
502 1785749549.390483856 0.390374183655 0.018503665924 0.162961483002 -1.923468112946 -1.378354072571 -0.212661266327 0.137403964996
503 1785749549.423925400 0.389895439148 0.018527507782 0.161738872528 -1.922821044922 -1.378354072571 -0.212636470795 0.137379169464
504 1785749549.457158327 0.389247894287 0.018527507782 0.161235809326 -1.922125816345 -1.378376960754 -0.212603569031 0.137373924255
505 1785749549.490497589 0.387641906738 0.018527507782 0.160613059998 -1.920951843262 -1.378376960754 -0.212604999542 0.137365341187
506 1785749549.523841858 0.386203765869 0.018551826477 0.160037517548 -1.919513702393 -1.378354072571 -0.212625980377 0.137381076813
507 1785749549.557195425 0.384957313538 0.018551826477 0.159917354584 -1.917547702789 -1.378354072571 -0.212611675262 0.137629985809
508 1785749549.590474129 0.383998394012 0.018551826477 0.159965515137 -1.914744377136 -1.378354072571 -0.212620735168 0.138338565826
509 1785749549.623891354 0.383495330811 0.018575668335 0.159869670868 -1.910909175873 -1.378376960754 -0.212608814240 0.141444683075
510 1785749549.657170773 0.383303642273 0.018623352051 0.159654140472 -1.907673358917 -1.378376960754 -0.212514877319 0.145662784576
511 1785749549.690501451 0.383255481720 0.018671512604 0.159486293793 -1.904581546783 -1.378354072571 -0.212521076202 0.148260593414
512 1785749549.723950863 0.383255481720 0.018838882446 0.159174919128 -1.902423858643 -1.378354072571 -0.212514400482 0.150627136230
513 1785749549.757192373 0.383231639862 0.019822120667 0.158383369446 -1.900554656982 -1.378376960754 -0.212533950806 0.153598308563
514 1785749549.790490627 0.383255481720 0.021955013275 0.157880306244 -1.899858951569 -1.378354072571 -0.212511539459 0.155247688293
515 1785749549.823911905 0.383183956146 0.023201465607 0.157904624939 -1.899188518524 -1.378354072571 -0.212536811829 0.157914638519
516 1785749549.857156515 0.383183956146 0.024064540863 0.157832622528 -1.899068355560 -1.378354072571 -0.212378978729 0.159709453583
517 1785749549.890547514 0.383183956146 0.024687290192 0.157689094543 -1.899068355560 -1.378354072571 -0.212317466736 0.161783218384
518 1785749549.923925161 0.383088111877 0.025550842285 0.157497406006 -1.899020671844 -1.378354072571 -0.212317466736 0.163288116455
519 1785749549.957213640 0.382944107056 0.026125431061 0.157425403595 -1.898996829987 -1.378354072571 -0.212314605713 0.163837432861
520 1785749549.990480900 0.382608890533 0.026197433472 0.157400608063 -1.898972511292 -1.378376960754 -0.212340831757 0.164813995361
521 1785749550.023939371 0.382224559784 0.026484966278 0.157353401184 -1.898948192596 -1.378354072571 -0.212326526642 0.166706562042
522 1785749550.057294369 0.381793498993 0.026701450348 0.157353401184 -1.898948192596 -1.378354072571 -0.212331771851 0.168498516083
523 1785749550.090478897 0.381338119507 0.026964664459 0.157329559326 -1.898924827576 -1.378354072571 -0.212310791016 0.170450210571
524 1785749550.124017954 0.380786418915 0.027851104736 0.157257080078 -1.898900985718 -1.378354072571 -0.212357044220 0.171113014221
525 1785749550.157187939 0.380187511444 0.028977870941 0.157113075256 -1.898876667023 -1.378354072571 -0.212333202362 0.171306610107
526 1785749550.190491438 0.379660129547 0.030272483826 0.156658172607 -1.898876667023 -1.378329753876 -0.212327957153 0.171748638153
527 1785749550.223929644 0.379468441010 0.030488014221 0.155723094940 -1.898756504059 -1.378329753876 -0.212109565735 0.173062801361
528 1785749550.257223845 0.379421234131 0.030511856079 0.154093265533 -1.898396968842 -1.378354072571 -0.211986541748 0.177141666412
529 1785749550.290544271 0.379421234131 0.030511856079 0.151432514191 -1.897821903229 -1.378329753876 -0.211851596832 0.182811737061
530 1785749550.323922157 0.379372596741 0.030488014221 0.147478103638 -1.897439002991 -1.378329753876 -0.211737155914 0.186337947845
531 1785749550.357180357 0.379348278046 0.030511856079 0.144338607788 -1.897414684296 -1.378329753876 -0.211754322052 0.189667701721
532 1785749550.390463829 0.379300594330 0.030559539795 0.141654014587 -1.897367000580 -1.378329753876 -0.211758136749 0.191674709320
533 1785749550.423969030 0.379276752472 0.030847072601 0.140191555023 -1.896983623505 -1.378329753876 -0.211761951447 0.192899703979
534 1785749550.457135916 0.379276752472 0.032285213470 0.139280796051 -1.896287918091 -1.378329753876 -0.211770057678 0.193233489990
535 1785749550.490464926 0.379276752472 0.033795356750 0.138609886169 -1.895353794098 -1.378329753876 -0.211759567261 0.193451881409
536 1785749550.523912907 0.379252433777 0.034538745880 0.137890338898 -1.893699169159 -1.378329753876 -0.211779117584 0.196414947510
537 1785749550.557168722 0.379252433777 0.034778118134 0.136212825775 -1.891231060028 -1.378329753876 -0.211621284485 0.201461791992
538 1785749550.590464592 0.379252433777 0.034922122955 0.133984088898 -1.889456748962 -1.378329753876 -0.211475849152 0.205927848816
539 1785749550.623895407 0.379252433777 0.034922122955 0.131563186646 -1.888522624969 -1.378329753876 -0.211456775665 0.207193851471
540 1785749550.657137394 0.379252433777 0.034898281097 0.129741668701 -1.888282299042 -1.378329753876 -0.211479663849 0.207717418671
541 1785749550.690464258 0.379252433777 0.034922122955 0.129405498505 -1.888139247894 -1.378329753876 -0.211484432220 0.208032608032
542 1785749550.723970413 0.379252433777 0.034922122955 0.129645824432 -1.888090610504 -1.378329753876 -0.211475849152 0.208203315735
543 1785749550.757225037 0.379252433777 0.034922122955 0.130100727081 -1.887994766235 -1.378329753876 -0.211482048035 0.208299636841
544 1785749550.807173729 0.379252433777 0.035545825958 0.130988121033 -1.887755393982 -1.378329753876 -0.211480617523 0.208494186401
545 1785749550.840481520 0.379252433777 0.036431789398 0.131251811981 -1.887539386749 -1.378329753876 -0.211463451385 0.208486080170
546 1785749550.873961687 0.379252433777 0.037103652954 0.131323337555 -1.887395858765 -1.378329753876 -0.210929393768 0.208880901337
547 1785749550.907226801 0.379228591919 0.037222385406 0.131299495697 -1.887347698212 -1.378329753876 -0.210263729095 0.210048675537
548 1785749550.940491199 0.379252433777 0.037222385406 0.131203651428 -1.887323856354 -1.378329753876 -0.209875583649 0.211548805237
549 1785749550.974111080 0.379204750061 0.037199497223 0.131227493286 -1.887300014496 -1.378305912018 -0.209510803223 0.213134288788
550 1785749551.007223606 0.379228591919 0.037247180939 0.131155967712 -1.887300014496 -1.378329753876 -0.209317684174 0.214613914490
551 1785749551.040502787 0.379228591919 0.037247180939 0.131155967712 -1.887276172638 -1.378329753876 -0.209159851074 0.215716362000
552 1785749551.073864937 0.379204750061 0.037222385406 0.131035327911 -1.887132167816 -1.378329753876 -0.209074974060 0.216217517853
553 1785749551.107313395 0.379180908203 0.037271022797 0.130964279175 -1.886724472046 -1.378329753876 -0.209064483643 0.216518402100
554 1785749551.140513897 0.379204750061 0.037678718567 0.130868434906 -1.886173248291 -1.378329753876 -0.209021091461 0.216640472412
555 1785749551.173918009 0.379204750061 0.038229465485 0.130819797516 -1.885143280029 -1.378329753876 -0.209010124207 0.216992378235
556 1785749551.207206488 0.379228591919 0.038589000702 0.130796432495 -1.884758949280 -1.378329753876 -0.208897113800 0.217279434204
557 1785749551.240503788 0.379180908203 0.040770530701 0.130508899689 -1.884280204773 -1.378329753876 -0.208888053894 0.217742443085
558 1785749551.274042845 0.378941059113 0.044341564178 0.130388259888 -1.883057594299 -1.378329753876 -0.208860874176 0.217900753021
559 1785749551.307180882 0.378101825714 0.046474933624 0.130508899689 -1.882505893707 -1.378329753876 -0.208563804626 0.217898845673
560 1785749551.340559006 0.376592159271 0.048176765442 0.130460262299 -1.881811141968 -1.378329753876 -0.208280086517 0.217926502228
561 1785749551.373944283 0.375825405121 0.049279212952 0.130460262299 -1.881571292877 -1.378329753876 -0.208282470703 0.218076705933
562 1785749551.407187223 0.375681877136 0.049519062042 0.130460262299 -1.881451606750 -1.378329753876 -0.208224773407 0.218594074249
563 1785749551.440516233 0.375657558441 0.049638748169 0.130436420441 -1.881379604340 -1.378329753876 -0.208134174347 0.219086170197
564 1785749551.473984003 0.375657558441 0.050117969513 0.130413055420 -1.881236076355 -1.378329753876 -0.208109378815 0.220806598663
565 1785749551.507191658 0.375608921051 0.050981044769 0.130388259888 -1.881164073944 -1.378329753876 -0.208098888397 0.224504470825
566 1785749551.540593624 0.375608921051 0.052226543427 0.130413055420 -1.881188392639 -1.378305912018 -0.208126544952 0.227462768555
567 1785749551.573983908 0.375608921051 0.053185939789 0.130484104156 -1.881140232086 -1.378329753876 -0.207989692688 0.230192661285
568 1785749551.607296944 0.375586032867 0.053425788879 0.130508899689 -1.881116390228 -1.378329753876 -0.207662582397 0.231947422028
569 1785749551.640502691 0.375561714172 0.053450107574 0.130484104156 -1.881140232086 -1.378329753876 -0.207674503326 0.233375072479
570 1785749551.673979759 0.375586032867 0.053450107574 0.130508899689 -1.881140232086 -1.378329753876 -0.207693099976 0.233535289764
571 1785749551.707249641 0.375586032867 0.053450107574 0.130700588226 -1.881140232086 -1.378329753876 -0.207678794861 0.233747959137
572 1785749551.740495682 0.375608921051 0.053689479828 0.131011962891 -1.881116390228 -1.378329753876 -0.207687377930 0.234006881714
573 1785749551.773908854 0.375586032867 0.054456233978 0.131587028503 -1.881116390228 -1.378305912018 -0.207690238953 0.234071254730
574 1785749551.807239056 0.375586032867 0.055822372437 0.132138729095 -1.881140232086 -1.378329753876 -0.207686424255 0.234080314636
575 1785749551.840562344 0.375537872314 0.057068824768 0.133456230164 -1.881140232086 -1.378329753876 -0.207661628723 0.234094142914
576 1785749551.874008417 0.375561714172 0.057404041290 0.134559154510 -1.881427764893 -1.378305912018 -0.207705974579 0.234101295471
577 1785749551.907254934 0.375561714172 0.057428359985 0.135398387909 -1.882314205170 -1.378305912018 -0.207674980164 0.234278678894
578 1785749551.940515757 0.375537872314 0.057428359985 0.135805606842 -1.883464813232 -1.378305912018 -0.207683563232 0.234282016754
579 1785749551.973917246 0.375561714172 0.057380199432 0.137267589569 -1.884711265564 -1.378329753876 -0.207667827606 0.234272003174
580 1785749552.007284164 0.375513076782 0.057404041290 0.141054153442 -1.886413574219 -1.378305912018 -0.207678318024 0.234310150146
581 1785749552.040515900 0.375537872314 0.057428359985 0.145225524902 -1.887419700623 -1.378305912018 -0.207691669464 0.234328269958
582 1785749552.073844671 0.375537872314 0.057428359985 0.149084091187 -1.888785839081 -1.378305912018 -0.207665443420 0.234396934509
583 1785749552.107185841 0.375537872314 0.057428359985 0.152152061462 -1.890367984772 -1.378305912018 -0.207277774811 0.234409809113
584 1785749552.140517235 0.375537872314 0.057452201843 0.153781890869 -1.892069339752 -1.378305912018 -0.207112789154 0.234422683716
585 1785749552.173976183 0.375513076782 0.057524204254 0.153997421265 -1.894107341766 -1.378329753876 -0.207005977631 0.234516143799
586 1785749552.207259178 0.375561714172 0.057668685913 0.153302669525 -1.896312236786 -1.378329753876 -0.207026004791 0.234492778778
587 1785749552.240558863 0.375513076782 0.057764530182 0.151864528656 -1.899188518524 -1.378329753876 -0.207024574280 0.234501361847
588 1785749552.290501118 0.375513076782 0.057787418365 0.150234699249 -1.902280330658 -1.378329753876 -0.206997871399 0.234595298767
589 1785749552.323972940 0.375490188599 0.057787418365 0.149491310120 -1.903742313385 -1.378329753876 -0.207027435303 0.234600067139
590 1785749552.357235909 0.375513076782 0.057811737061 0.149467468262 -1.904125690460 -1.378329753876 -0.207032203674 0.234711647034
591 1785749552.390500546 0.375513076782 0.057811737061 0.149539470673 -1.904245376587 -1.378329753876 -0.207035064697 0.234731197357
592 1785749552.423924923 0.375490188599 0.057811737061 0.149610996246 -1.904509544373 -1.378329753876 -0.207008361816 0.234778404236
593 1785749552.457205772 0.375490188599 0.057764530182 0.149515151978 -1.905204296112 -1.378329753876 -0.207030773163 0.234785556793
594 1785749552.490493536 0.375513076782 0.057764530182 0.149491310120 -1.905540466309 -1.378329753876 -0.206999301910 0.235805988312
595 1785749552.523916006 0.375490188599 0.057787418365 0.149515151978 -1.905611515045 -1.378329753876 -0.206994056702 0.237785339355
596 1785749552.557214022 0.375490188599 0.057787418365 0.149682998657 -1.905635356903 -1.378329753876 -0.207002162933 0.239417552948
597 1785749552.590487719 0.375490188599 0.057811737061 0.149755001068 -1.905635356903 -1.378305912018 -0.207024574280 0.241430759430
598 1785749552.623922110 0.375490188599 0.057811737061 0.149563312531 -1.905659675598 -1.378329753876 -0.207026958466 0.244388580322
599 1785749552.657326221 0.375513076782 0.057860374451 0.148316860199 -1.905683517456 -1.378329753876 -0.207003593445 0.246867179871
600 1785749552.690582514 0.375513076782 0.057907581329 0.145704746246 -1.905707359314 -1.378329753876 -0.207015037537 0.248728275299
601 1785749552.723924637 0.375513076782 0.057907581329 0.143259525299 -1.905803203583 -1.378329753876 -0.207009792328 0.250444889069
602 1785749552.757201195 0.375513076782 0.057931900024 0.141246795654 -1.906139373779 -1.378329753876 -0.207025527954 0.252034187317
603 1785749552.790582180 0.375513076782 0.057931900024 0.139449119568 -1.907121658325 -1.378329753876 -0.207001209259 0.253158569336
604 1785749552.823950529 0.375513076782 0.057931900024 0.138825416565 -1.908128738403 -1.378329753876 -0.207020759583 0.253582954407
605 1785749552.857308388 0.375513076782 0.057931900024 0.138514041901 -1.909159183502 -1.378354072571 -0.207015037537 0.254056930542
606 1785749552.890502214 0.375537872314 0.057931900024 0.138394355774 -1.909853935242 -1.378329753876 -0.206999301910 0.254158020020
607 1785749552.923974037 0.375537872314 0.057956218719 0.138249874115 -1.910141468048 -1.378329753876 -0.207016944885 0.254284381866
608 1785749552.957264662 0.375537872314 0.058027744293 0.138034343719 -1.910357952118 -1.378354072571 -0.206990242004 0.254452228546
609 1785749552.990526199 0.375537872314 0.058434963226 0.137674808502 -1.910597324371 -1.378354072571 -0.206989288330 0.254554271698
610 1785749553.023972034 0.375537872314 0.059249877930 0.137339591980 -1.910789012909 -1.378376960754 -0.207028388977 0.254533767700
611 1785749553.057309389 0.375513076782 0.060017108917 0.136332511902 -1.910909175873 -1.378354072571 -0.207007408142 0.254548072815
612 1785749553.090576649 0.375537872314 0.060711860657 0.135445594788 -1.910980701447 -1.378354072571 -0.206996917725 0.254667758942
613 1785749553.124048471 0.375537872314 0.060832023621 0.133719921112 -1.911028862000 -1.378376960754 -0.207011699677 0.254672527313
614 1785749553.157322407 0.375537872314 0.060856342316 0.132018089294 -1.911028862000 -1.378521442413 -0.207008361816 0.254695415497
615 1785749553.190577269 0.375537872314 0.060856342316 0.131060123444 -1.911076545715 -1.379456043243 -0.207013607025 0.254688739777
616 1785749553.223987818 0.375537872314 0.060856342316 0.130196571350 -1.911100387573 -1.380869865417 -0.207015037537 0.254679679871
617 1785749553.257268667 0.375537872314 0.060832023621 0.129861354828 -1.911651611328 -1.382428169250 -0.206999301910 0.254688262939
618 1785749553.290587664 0.375513076782 0.060856342316 0.129765510559 -1.912490844727 -1.383338928223 -0.207003593445 0.254676342010
619 1785749553.324028254 0.375561714172 0.060856342316 0.129813671112 -1.914360046387 -1.383746147156 -0.207036495209 0.254681587219
620 1785749553.357254028 0.375561714172 0.060832023621 0.129813671112 -1.915870189667 -1.383914947510 -0.207003593445 0.254690170288
621 1785749553.390585423 0.375561714172 0.060832023621 0.129837512970 -1.917428016663 -1.384057521820 -0.207010269165 0.254662513733
622 1785749553.423919439 0.375561714172 0.060856342316 0.129909515381 -1.918794155121 -1.384153366089 -0.207032680511 0.254683494568
623 1785749553.457307577 0.375561714172 0.060856342316 0.129957199097 -1.919920921326 -1.384202003479 -0.207036018372 0.254769802094
624 1785749553.490498781 0.375657558441 0.060856342316 0.129909515381 -1.921910285950 -1.384274005890 -0.207010269165 0.254757881165
625 1785749553.523922205 0.375753402710 0.060856342316 0.129909515381 -1.924331188202 -1.384274005890 -0.206997871399 0.254763126373
626 1785749553.557165146 0.376064777374 0.060856342316 0.129837512970 -1.926727771759 -1.384297847748 -0.207015037537 0.254776477814
627 1785749553.590491533 0.376424312592 0.060856342316 0.129909515381 -1.928813457489 -1.384322166443 -0.206995964050 0.254758358002
628 1785749553.623948812 0.376712322235 0.060856342316 0.129933357239 -1.930179595947 -1.384345054626 -0.206994056702 0.254843235016
629 1785749553.657183647 0.376855373383 0.060879230499 0.129933357239 -1.931138515472 -1.384322166443 -0.206994056702 0.254808425903
630 1785749553.690470695 0.376855373383 0.060856342316 0.129909515381 -1.931330204010 -1.384369850159 -0.207018852234 0.254805564880
631 1785749553.723893642 0.376951217651 0.060856342316 0.129885196686 -1.931402206421 -1.384369850159 -0.207020759583 0.254856586456
632 1785749553.757164478 0.377047061920 0.060856342316 0.129861354828 -1.931545734406 -1.384369850159 -0.207035064697 0.254865646362
633 1785749553.790482759 0.377120018005 0.060856342316 0.129909515381 -1.931641578674 -1.384369850159 -0.207015037537 0.254892349243
634 1785749553.823855639 0.377263545990 0.060856342316 0.129885196686 -1.931737422943 -1.384369850159 -0.207011699677 0.254891872406
635 1785749553.873897076 0.377646923065 0.060856342316 0.129933357239 -1.931785583496 -1.384369850159 -0.207030773163 0.254897117615
636 1785749553.907423258 0.377910137177 0.060856342316 0.129909515381 -1.931785583496 -1.384393692017 -0.207034587860 0.254876136780
637 1785749553.940481186 0.378246307373 0.060856342316 0.129909515381 -1.931857109070 -1.384393692017 -0.206992626190 0.254887104034
638 1785749553.973950624 0.378773689270 0.060856342316 0.129861354828 -1.931881427765 -1.384393692017 -0.206993103027 0.255040168762
639 1785749554.007230520 0.379325389862 0.060856342316 0.129789352417 -1.931857109070 -1.384393692017 -0.207022190094 0.255125999451
640 1785749554.040564537 0.379971981049 0.060856342316 0.129813671112 -1.931857109070 -1.384393692017 -0.207007408142 0.255540847778
641 1785749554.073972464 0.380307674408 0.060856342316 0.129813671112 -1.931857109070 -1.384393692017 -0.207029342651 0.255856037140
642 1785749554.107169390 0.380403518677 0.060832023621 0.129837512970 -1.931881427765 -1.384393692017 -0.207002162933 0.256055355072
643 1785749554.140499830 0.380451202393 0.060856342316 0.129837512970 -1.931881427765 -1.384393692017 -0.207032203674 0.256268501282
644 1785749554.173852682 0.380570888519 0.060856342316 0.129813671112 -1.931881427765 -1.384418010712 -0.207002162933 0.256469726562
645 1785749554.207215071 0.380714893341 0.060856342316 0.129621982574 -1.931881427765 -1.384418010712 -0.206999301910 0.256974697113
646 1785749554.240491629 0.380955219269 0.060879230499 0.128447055817 -1.931857109070 -1.384418010712 -0.207006454468 0.258397102356
647 1785749554.273965597 0.381193637848 0.060856342316 0.126913070679 -1.931857109070 -1.384418010712 -0.207030773163 0.260138988495
648 1785749554.307264090 0.381481170654 0.060856342316 0.125523090363 -1.931881427765 -1.384418010712 -0.207013607025 0.261919021606
649 1785749554.340543270 0.381985187531 0.060879230499 0.124012947083 -1.931905269623 -1.384441852570 -0.207001209259 0.263510704041
650 1785749554.373899937 0.382535934448 0.060832023621 0.123221874237 -1.931929111481 -1.384441852570 -0.207034587860 0.264394283295
651 1785749554.407200336 0.383375167847 0.060856342316 0.122646808624 -1.931905269623 -1.384441852570 -0.206999301910 0.265622615814
652 1785749554.440596819 0.384261608124 0.060879230499 0.122574806213 -1.931905269623 -1.384489536285 -0.207028388977 0.267361640930
653 1785749554.473994732 0.385628223419 0.060856342316 0.122598648071 -1.931929111481 -1.384465694427 -0.207015037537 0.268522262573
654 1785749554.507184982 0.386802673340 0.060879230499 0.122670650482 -1.931881427765 -1.384513854980 -0.207000732422 0.269559860229
655 1785749554.540678263 0.387689590454 0.060856342316 0.122766494751 -1.931929111481 -1.384513854980 -0.207007408142 0.270080566406
656 1785749554.573862076 0.388384342194 0.060879230499 0.122862339020 -1.931929111481 -1.384537696838 -0.207005023956 0.270395755768
657 1785749554.607414961 0.388864517212 0.060856342316 0.122814655304 -1.931929111481 -1.384609699249 -0.206991672516 0.270810127258
658 1785749554.640663385 0.389223575592 0.060856342316 0.122838497162 -1.931929111481 -1.384921073914 -0.206990242004 0.271152973175
659 1785749554.673829079 0.389534950256 0.060856342316 0.122766494751 -1.931929111481 -1.385112762451 -0.207005977631 0.271297454834
660 1785749554.707182884 0.389799594879 0.060879230499 0.122814655304 -1.931929111481 -1.385257244110 -0.207024097443 0.271435737610
661 1785749554.740506649 0.389966487885 0.060856342316 0.122814655304 -1.931929111481 -1.385328769684 -0.207029819489 0.271523475647
662 1785749554.773826361 0.390038013458 0.060856342316 0.122814655304 -1.931929111481 -1.385376930237 -0.207023143768 0.271590709686
663 1785749554.807193518 0.390087127686 0.060879230499 0.122766494751 -1.931929111481 -1.385376930237 -0.207002162933 0.271660327911
664 1785749554.840502977 0.390158653259 0.060879230499 0.122718811035 -1.931929111481 -1.385424137115 -0.207023143768 0.271691799164
665 1785749554.873878002 0.390158653259 0.060879230499 0.122694492340 -1.931929111481 -1.385472774506 -0.207011699677 0.271755695343
666 1785749554.907155991 0.390182495117 0.060927867889 0.122622966766 -1.931952953339 -1.385520458221 -0.207029342651 0.271807670593
667 1785749554.940501690 0.390229701996 0.060975074768 0.122670650482 -1.931929111481 -1.385520458221 -0.207011222839 0.271811485291
668 1785749554.973845243 0.390229701996 0.061023712158 0.122646808624 -1.931952953339 -1.385544300079 -0.206996917725 0.271780014038
669 1785749555.007211685 0.390278339386 0.061070919037 0.122646808624 -1.931929111481 -1.385568618774 -0.206999301910 0.271812915802
670 1785749555.040496111 0.390278339386 0.061095714569 0.122646808624 -1.931929111481 -1.385568618774 -0.207017898560 0.271851539612
671 1785749555.073832750 0.390254497528 0.061119556427 0.122598648071 -1.931929111481 -1.385591506958 -0.207036018372 0.271883487701
672 1785749555.107225180 0.390278339386 0.061119556427 0.122527122498 -1.931952953339 -1.385591506958 -0.206993103027 0.271891117096
673 1785749555.140497684 0.390278339386 0.061119556427 0.122407436371 -1.931929111481 -1.385615825653 -0.207028388977 0.271880626678
674 1785749555.173834801 0.390278339386 0.061143875122 0.122287273407 -1.931952953339 -1.385615825653 -0.206998348236 0.271905422211
675 1785749555.207184315 0.390302658081 0.061143875122 0.122167587280 -1.931952953339 -1.385615825653 -0.207029342651 0.271906852722
676 1785749555.240490675 0.390325546265 0.061143875122 0.122119903564 -1.931929111481 -1.385640144348 -0.207005023956 0.271950721741
677 1785749555.273874998 0.390325546265 0.061143875122 0.122095108032 -1.931952953339 -1.385640144348 -0.206991672516 0.271944046021
678 1785749555.307227850 0.390325546265 0.061143875122 0.121975421906 -1.931952953339 -1.385664463043 -0.207036495209 0.271942138672
679 1785749555.340468884 0.390325546265 0.061167716980 0.121952056885 -1.931952953339 -1.385640144348 -0.206990242004 0.271957397461
680 1785749555.373898983 0.390325546265 0.061191558838 0.121807575226 -1.931929111481 -1.385664463043 -0.207003593445 0.271986007690
681 1785749555.423878193 0.390350341797 0.061167716980 0.121735572815 -1.931976795197 -1.385664463043 -0.207035064697 0.271994113922
682 1785749555.457216501 0.390350341797 0.061167716980 0.121711730957 -1.931952953339 -1.385664463043 -0.207003593445 0.271987438202
683 1785749555.490497112 0.390350341797 0.061167716980 0.121687889099 -1.931929111481 -1.385688304901 -0.206989288330 0.271994113922
684 1785749555.523963690 0.390374183655 0.061167716980 0.121711730957 -1.931976795197 -1.385688304901 -0.207036018372 0.271999359131
685 1785749555.557219267 0.390374183655 0.061191558838 0.121664524078 -1.931952953339 -1.385688304901 -0.206998348236 0.272013187408
686 1785749555.590478420 0.390350341797 0.061191558838 0.121592044830 -1.931952953339 -1.385664463043 -0.207014083862 0.272008419037
687 1785749555.623838425 0.390350341797 0.061191558838 0.121424198151 -1.931952953339 -1.385688304901 -0.206994056702 0.271993637085
688 1785749555.657206774 0.390350341797 0.061191558838 0.121304512024 -1.931952953339 -1.385688304901 -0.207036018372 0.271971702576
689 1785749555.690481901 0.390350341797 0.061215400696 0.121280670166 -1.931952953339 -1.385664463043 -0.206993103027 0.271978378296
690 1785749555.723841906 0.390374183655 0.061191558838 0.121256351471 -1.931952953339 -1.385688304901 -0.206990242004 0.271967887878
691 1785749555.757275343 0.390374183655 0.061191558838 0.121232509613 -1.931952953339 -1.385688304901 -0.207006454468 0.272194862366
692 1785749555.790502071 0.390350341797 0.061167716980 0.121208667755 -1.931952953339 -1.385712146759 -0.207036495209 0.272269725800
693 1785749555.823884964 0.390374183655 0.061191558838 0.121184825897 -1.931952953339 -1.385664463043 -0.207009792328 0.272387981415
694 1785749555.857212305 0.390374183655 0.061215400696 0.121160984039 -1.931929111481 -1.385688304901 -0.207003116608 0.272631168365
695 1785749555.890485764 0.390398502350 0.061191558838 0.120873451233 -1.931952953339 -1.385688304901 -0.207024574280 0.272714614868
696 1785749555.923962355 0.390374183655 0.061191558838 0.120752811432 -1.931952953339 -1.385688304901 -0.206994056702 0.273028373718
697 1785749555.957277298 0.390374183655 0.061215400696 0.120633125305 -1.931952953339 -1.385712146759 -0.207020759583 0.273746967316
698 1785749555.990540028 0.390398502350 0.061191558838 0.120537281036 -1.931929111481 -1.385688304901 -0.207001209259 0.274426460266
699 1785749556.023847580 0.390374183655 0.061191558838 0.120490074158 -1.931952953339 -1.385712146759 -0.206989288330 0.274680614471
700 1785749556.057283163 0.390374183655 0.061215400696 0.120418071747 -1.931952953339 -1.385712146759 -0.207026004791 0.274842262268
701 1785749556.090499640 0.390398502350 0.061215400696 0.120418071747 -1.931952953339 -1.385688304901 -0.207029819489 0.274999141693
702 1785749556.124190569 0.390398502350 0.061215400696 0.120418071747 -1.931952953339 -1.385712146759 -0.206998348236 0.275300502777
703 1785749556.157197237 0.390350341797 0.061191558838 0.120345592499 -1.931952953339 -1.385712146759 -0.207005977631 0.275685310364
704 1785749556.190469742 0.390398502350 0.061215400696 0.120177745819 -1.931976795197 -1.385688304901 -0.207005023956 0.276708602905
705 1785749556.223910570 0.390398502350 0.061215400696 0.119986057281 -1.931976795197 -1.385712146759 -0.206999301910 0.277758598328
706 1785749556.257236719 0.390374183655 0.061215400696 0.119698524475 -1.931952953339 -1.385712146759 -0.207030773163 0.278471469879
707 1785749556.290490627 0.390398502350 0.061239719391 0.119290828705 -1.931952953339 -1.385712146759 -0.206999301910 0.278864383698
708 1785749556.323858500 0.390398502350 0.061239719391 0.119075775146 -1.931976795197 -1.385712146759 -0.206999301910 0.279113292694
709 1785749556.357369423 0.390374183655 0.061215400696 0.118811607361 -1.931952953339 -1.385712146759 -0.207018852234 0.279160022736
710 1785749556.390463114 0.390398502350 0.061239719391 0.118667602539 -1.931952953339 -1.385712146759 -0.207025527954 0.279309749603
711 1785749556.423835278 0.390398502350 0.061263561249 0.118667602539 -1.931952953339 -1.385712146759 -0.207014083862 0.279348373413
712 1785749556.457255602 0.390398502350 0.061263561249 0.118571758270 -1.931976795197 -1.385735988617 -0.207019329071 0.279464721680
713 1785749556.490462542 0.390398502350 0.061239719391 0.118428230286 -1.931952953339 -1.385712146759 -0.207033634186 0.280192375183
714 1785749556.523803473 0.390398502350 0.061263561249 0.118308544159 -1.931952953339 -1.385735988617 -0.207021713257 0.281177997589
715 1785749556.557183504 0.390446186066 0.061263561249 0.118116855621 -1.931952953339 -1.385735988617 -0.207021713257 0.282238483429
716 1785749556.590466261 0.390398502350 0.061263561249 0.117925167084 -1.931976795197 -1.385735988617 -0.206995964050 0.282943725586
717 1785749556.623843670 0.390398502350 0.061263561249 0.117733478546 -1.931976795197 -1.385712146759 -0.207032203674 0.283710479736
718 1785749556.657301426 0.390421390533 0.061263561249 0.117541790009 -1.931976795197 -1.385735988617 -0.206989288330 0.284412860870
719 1785749556.690540075 0.390421390533 0.061287403107 0.117541790009 -1.931952953339 -1.385735988617 -0.206992626190 0.284992694855
720 1785749556.723877430 0.390398502350 0.061287403107 0.117517948151 -1.931976795197 -1.385712146759 -0.207014083862 0.285749912262
721 1785749556.757243395 0.390446186066 0.061287403107 0.117493152618 -1.931976795197 -1.385735988617 -0.207021713257 0.286296844482
722 1785749556.790480614 0.390421390533 0.061287403107 0.117493152618 -1.931952953339 -1.385735988617 -0.207005977631 0.286770343781
723 1785749556.823827744 0.390421390533 0.061287403107 0.117469310760 -1.931976795197 -1.385712146759 -0.207015037537 0.286838054657
724 1785749556.857268810 0.390446186066 0.061287403107 0.117277622223 -1.931976795197 -1.385712146759 -0.207026958466 0.286829948425
725 1785749556.890484810 0.390421390533 0.061287403107 0.116966247559 -1.931976795197 -1.385735988617 -0.206991672516 0.287003040314
726 1785749556.940493822 0.390446186066 0.061311244965 0.116606712341 -1.931976795197 -1.385712146759 -0.207004547119 0.287256717682
727 1785749556.973877430 0.390470027924 0.061455249786 0.116439342499 -1.931952953339 -1.385735988617 -0.207019329071 0.287229537964
728 1785749557.007310867 0.390470027924 0.061983108521 0.116343498230 -1.931976795197 -1.385735988617 -0.207024097443 0.287214279175
729 1785749557.040489197 0.390470027924 0.062917232513 0.116247653961 -1.931952953339 -1.385735988617 -0.206995964050 0.287249088287
730 1785749557.073848009 0.390494346619 0.063683986664 0.116127014160 -1.931976795197 -1.385735988617 -0.206998348236 0.287239551544
731 1785749557.107200861 0.390494346619 0.064666748047 0.116079807281 -1.931976795197 -1.385735988617 -0.206990242004 0.287350177765
732 1785749557.140505314 0.390542030334 0.065050601959 0.116031169891 -1.931952953339 -1.385735988617 -0.207032203674 0.287353515625
733 1785749557.173898220 0.390517234802 0.065074920654 0.116007328033 -1.932001113892 -1.385735988617 -0.206995487213 0.287326335907
734 1785749557.207219362 0.390542030334 0.065097808838 0.116007328033 -1.931952953339 -1.385735988617 -0.207007408142 0.287417888641
735 1785749557.240511417 0.390542030334 0.065097808838 0.115983963013 -1.931976795197 -1.385735988617 -0.207009792328 0.287413120270
736 1785749557.273926497 0.390542030334 0.065074920654 0.115959167480 -1.931976795197 -1.385712146759 -0.207001209259 0.287414550781
737 1785749557.307351589 0.390565872192 0.065097808838 0.115935325623 -1.931952953339 -1.385735988617 -0.207024097443 0.287587642670
738 1785749557.340504169 0.390565872192 0.065097808838 0.115935325623 -1.931976795197 -1.385712146759 -0.206992626190 0.287559986115
739 1785749557.373874187 0.390565872192 0.065097808838 0.115935325623 -1.931952953339 -1.385735988617 -0.207011699677 0.287767887115
740 1785749557.407227039 0.390590190887 0.065097808838 0.115935325623 -1.931976795197 -1.385735988617 -0.206997871399 0.288189411163
741 1785749557.440506220 0.390590190887 0.065122127533 0.115935325623 -1.931976795197 -1.385735988617 -0.206989288330 0.288257122040
742 1785749557.473915815 0.390590190887 0.065122127533 0.115935325623 -1.931952953339 -1.385735988617 -0.206996917725 0.288308620453
743 1785749557.507372379 0.390614032745 0.065146446228 0.115935325623 -1.931976795197 -1.385735988617 -0.207021713257 0.288375377655
744 1785749557.540505886 0.390637874603 0.065146446228 0.115911483765 -1.931976795197 -1.385760307312 -0.207011699677 0.288607120514
745 1785749557.573880672 0.390661716461 0.065122127533 0.115888118744 -1.931952953339 -1.385735988617 -0.206995964050 0.289124011993
746 1785749557.607218981 0.390637874603 0.065146446228 0.115888118744 -1.931952953339 -1.385735988617 -0.207006454468 0.289571285248
747 1785749557.640503407 0.390686035156 0.065146446228 0.115888118744 -1.931952953339 -1.385735988617 -0.207024574280 0.289992332458
748 1785749557.673843384 0.390709877014 0.065170764923 0.115888118744 -1.931976795197 -1.385735988617 -0.207003593445 0.290798664093
749 1785749557.707204103 0.390733718872 0.065146446228 0.115911483765 -1.931976795197 -1.385735988617 -0.207008361816 0.291314125061
750 1785749557.740470409 0.390757560730 0.065146446228 0.115863323212 -1.931976795197 -1.385712146759 -0.207019329071 0.291493415833
751 1785749557.773873091 0.390805721283 0.065170764923 0.115647792816 -1.931952953339 -1.385760307312 -0.207016944885 0.291814327240
752 1785749557.807236910 0.390853404999 0.065170764923 0.115528106689 -1.931976795197 -1.385735988617 -0.207016468048 0.292477130890
753 1785749557.840471506 0.391068935394 0.065146446228 0.115528106689 -1.931952953339 -1.385735988617 -0.206993103027 0.293079376221
754 1785749557.873889208 0.391164779663 0.065146446228 0.115575790405 -1.931976795197 -1.385760307312 -0.207000732422 0.293932914734
755 1785749557.907230139 0.391236782074 0.065146446228 0.115528106689 -1.931976795197 -1.385735988617 -0.207015037537 0.295146465302
756 1785749557.940467596 0.391284942627 0.065146446228 0.115288257599 -1.931952953339 -1.385951995850 -0.207003116608 0.296260356903
757 1785749557.973897934 0.391260623932 0.065170764923 0.114569187164 -1.931952953339 -1.387102603912 -0.207003116608 0.297259330750
758 1785749558.007156372 0.391333580017 0.065193653107 0.113586902618 -1.931976795197 -1.388037681580 -0.207005977631 0.297643184662
759 1785749558.040506363 0.391356468201 0.065170764923 0.112411975861 -1.931976795197 -1.389235496521 -0.207010269165 0.298246860504
760 1785749558.073944330 0.391380310059 0.065170764923 0.111213684082 -1.931976795197 -1.390242099762 -0.207015037537 0.298967838287
761 1785749558.107211828 0.391380310059 0.065193653107 0.110638618469 -1.931976795197 -1.391512393951 -0.207005023956 0.299462318420
762 1785749558.140475273 0.391404628754 0.065193653107 0.110278606415 -1.931976795197 -1.392567634583 -0.207017898560 0.299872875214
763 1785749558.173898220 0.391429424286 0.065146446228 0.109488010406 -1.931976795197 -1.393166542053 -0.206990242004 0.300966262817
764 1785749558.207280874 0.391429424286 0.065170764923 0.108889102936 -1.931976795197 -1.393669605255 -0.207003116608 0.301482200623
765 1785749558.240500689 0.391453266144 0.065170764923 0.108624935150 -1.931952953339 -1.394125461578 -0.206999301910 0.301862716675
766 1785749558.273889303 0.391453266144 0.065170764923 0.108529090881 -1.931976795197 -1.394340038300 -0.207033634186 0.301994323730
767 1785749558.307223320 0.391476154327 0.065170764923 0.108433246613 -1.931976795197 -1.394652366638 -0.207004547119 0.302093029022
768 1785749558.340490341 0.391500473022 0.065170764923 0.108337402344 -1.932144641876 -1.394891738892 -0.206993103027 0.302240848541
769 1785749558.373884439 0.391524791718 0.065170764923 0.108193874359 -1.932672500610 -1.395059585571 -0.207006454468 0.302448749542
770 1785749558.407248974 0.391571998596 0.065170764923 0.108121871948 -1.933223724365 -1.395155429840 -0.207024097443 0.302453994751
771 1785749558.440492868 0.391549110413 0.065170764923 0.108121871948 -1.934014797211 -1.395203590393 -0.206998348236 0.302527904510
772 1785749558.473890543 0.391644954681 0.065170764923 0.108049869537 -1.934901237488 -1.395275115967 -0.207027435303 0.302574634552
773 1785749558.507242918 0.392387390137 0.065170764923 0.108026027679 -1.936578750610 -1.395299434662 -0.207003116608 0.302665710449
774 1785749558.557264805 0.394401073456 0.065146446228 0.107954025269 -1.939263343811 -1.395347118378 -0.207023143768 0.302672386169
775 1785749558.590497017 0.395311832428 0.065146446228 0.107642650604 -1.941421031952 -1.395370960236 -0.207024574280 0.302677154541
776 1785749558.623900890 0.395742893219 0.065146446228 0.107474327087 -1.942739486694 -1.395394802094 -0.206990242004 0.302693367004
777 1785749558.657268763 0.396006107330 0.065170764923 0.107522964478 -1.944177627563 -1.395419120789 -0.207024574280 0.302777290344
778 1785749558.690478086 0.396151065826 0.065170764923 0.107522964478 -1.944465160370 -1.395419120789 -0.207035064697 0.302923202515
779 1785749558.723849297 0.396293640137 0.065170764923 0.107522964478 -1.944489002228 -1.395419120789 -0.207028388977 0.302918910980
780 1785749558.757242203 0.396414279938 0.065170764923 0.107522964478 -1.944536685944 -1.395419120789 -0.207007408142 0.302921772003
781 1785749558.790480137 0.396533966064 0.065146446228 0.107258796692 -1.944632053375 -1.395443916321 -0.207014083862 0.302916526794
782 1785749558.823926210 0.396654129028 0.065146446228 0.107139587402 -1.944704532623 -1.395419120789 -0.206993103027 0.302905559540
783 1785749558.857229471 0.396725654602 0.065170764923 0.107186794281 -1.944704532623 -1.395466804504 -0.206996917725 0.302909374237
784 1785749558.890480042 0.396797657013 0.065170764923 0.107186794281 -1.944704532623 -1.395466804504 -0.207002162933 0.302900314331
785 1785749558.923919201 0.396893501282 0.065170764923 0.107235431671 -1.944728374481 -1.395443916321 -0.207024574280 0.302941322327
786 1785749558.957215548 0.397181034088 0.065170764923 0.107235431671 -1.944752693176 -1.395466804504 -0.207016468048 0.302971839905
787 1785749558.990475893 0.397948265076 0.065170764923 0.107186794281 -1.944776535034 -1.395466804504 -0.206995487213 0.302978038788
788 1785749559.023867130 0.399002552032 0.065146446228 0.107114791870 -1.944752693176 -1.395443916321 -0.206994056702 0.302963256836
789 1785749559.057256460 0.400320529938 0.065170764923 0.107186794281 -1.944728374481 -1.395443916321 -0.207024097443 0.302999973297
790 1785749559.090492487 0.401351451874 0.065505981445 0.107211589813 -1.944728374481 -1.395443916321 -0.207003593445 0.302981853485
791 1785749559.123868465 0.401927471161 0.067255496979 0.107186794281 -1.944704532623 -1.395443916321 -0.207010269165 0.302998065948
792 1785749559.157237530 0.402070045471 0.069412231445 0.107211589813 -1.944752693176 -1.395466804504 -0.206991672516 0.303001880646
793 1785749559.190491676 0.402094841003 0.070131778717 0.107211589813 -1.944752693176 -1.395443916321 -0.206990242004 0.302981853485
794 1785749559.223881006 0.402119159698 0.070466995239 0.107211589813 -1.944728374481 -1.395490646362 -0.207016944885 0.303008556366
795 1785749559.257191181 0.402166843414 0.070466995239 0.107211589813 -1.944728374481 -1.395466804504 -0.207035064697 0.303029060364
796 1785749559.290482759 0.402142047882 0.070466995239 0.107211589813 -1.944704532623 -1.395490646362 -0.206999301910 0.303025245667
797 1785749559.323859453 0.402166843414 0.070466995239 0.107211589813 -1.944704532623 -1.395443916321 -0.207035064697 0.303017139435
798 1785749559.357230186 0.402190685272 0.070466995239 0.107211589813 -1.944632053375 -1.395466804504 -0.207011222839 0.302989482880
799 1785749559.390491247 0.402190685272 0.070466995239 0.107235431671 -1.944561004639 -1.395466804504 -0.206999301910 0.303013324738
800 1785749559.423974514 0.402238845825 0.070466995239 0.107235431671 -1.944393157959 -1.395466804504 -0.207033634186 0.303029060364
801 1785749559.457245350 0.402238845825 0.070466995239 0.107235431671 -1.944177627563 -1.395466804504 -0.206994056702 0.303102493286
802 1785749559.490473032 0.402262687683 0.070491313934 0.107211589813 -1.944105625153 -1.395466804504 -0.206999301910 0.303121089935
803 1785749559.523846388 0.402262687683 0.070466995239 0.107235431671 -1.944009780884 -1.395490646362 -0.207004547119 0.303109169006
804 1785749559.557276011 0.402238845825 0.070443153381 0.107235431671 -1.943721771240 -1.395443916321 -0.207021713257 0.303123474121
805 1785749559.590487003 0.402262687683 0.070466995239 0.107211589813 -1.943050861359 -1.395466804504 -0.206989288330 0.303077697754
806 1785749559.623955488 0.402286529541 0.070466995239 0.107235431671 -1.942427158356 -1.395490646362 -0.206990242004 0.303093433380
807 1785749559.657242775 0.402262687683 0.070466995239 0.107186794281 -1.941325187683 -1.395466804504 -0.207004547119 0.303109169006
808 1785749559.690563440 0.402310371399 0.070443153381 0.107235431671 -1.940653800964 -1.395466804504 -0.207009792328 0.303125381470
809 1785749559.723948717 0.402286529541 0.070466995239 0.107235431671 -1.940078735352 -1.395466804504 -0.206996917725 0.303156375885
810 1785749559.757136106 0.402286529541 0.070443153381 0.107211589813 -1.939287662506 -1.395466804504 -0.207025527954 0.303133010864
811 1785749559.790500879 0.402310371399 0.070466995239 0.107235431671 -1.939095973969 -1.395466804504 -0.207015037537 0.303132057190
812 1785749559.823918343 0.402334690094 0.070466995239 0.107378482819 -1.939071655273 -1.395466804504 -0.206995487213 0.303130626678
813 1785749559.857157469 0.402334690094 0.070443153381 0.107834339142 -1.939047813416 -1.395466804504 -0.207035064697 0.303133010864
814 1785749559.890493870 0.402334690094 0.070443153381 0.108289718628 -1.939047813416 -1.395466804504 -0.207020282745 0.303257942200
815 1785749559.923962116 0.402334690094 0.070443153381 0.108648777008 -1.939047813416 -1.395443916321 -0.207012653351 0.303254127502
816 1785749559.957174540 0.402358531952 0.070466995239 0.109583854675 -1.939023971558 -1.395466804504 -0.207020759583 0.303393363953
817 1785749559.990540266 0.402334690094 0.070466995239 0.110446453094 -1.939000129700 -1.395443916321 -0.207011222839 0.304086208344
818 1785749560.023923635 0.402574062347 0.070466995239 0.111501216888 -1.939047813416 -1.395443916321 -0.207013607025 0.305325984955
819 1785749560.073917150 0.406241893768 0.070491313934 0.112939357758 -1.939023971558 -1.395443916321 -0.206996917725 0.306692600250
820 1785749560.107227325 0.410243988037 0.070923328400 0.113898277283 -1.938975811005 -1.395443916321 -0.206994056702 0.306777954102
821 1785749560.140534878 0.414079189301 0.072360515594 0.114329338074 -1.938951969147 -1.395443916321 -0.207008838654 0.306866645813
822 1785749560.173956871 0.416428565979 0.073750495911 0.115384101868 -1.938904285431 -1.395443916321 -0.207026004791 0.306869506836
823 1785749560.207265139 0.419040203094 0.074278354645 0.116750717163 -1.938879966736 -1.395419120789 -0.207011222839 0.306964397430
824 1785749560.240537405 0.421125888824 0.074398040771 0.118044853210 -1.938808441162 -1.395443916321 -0.207018852234 0.307018280029
825 1785749560.273951530 0.422492504120 0.074446201324 0.118715763092 -1.938784122467 -1.395419120789 -0.207004547119 0.307052135468
826 1785749560.307269812 0.423474311829 0.074493885040 0.119554996490 -1.938784122467 -1.395299434662 -0.207026004791 0.307032108307
827 1785749560.340539455 0.424146175385 0.074493885040 0.119722843170 -1.938784122467 -1.395107746124 -0.207025527954 0.307028293610
828 1785749560.373925686 0.424385547638 0.074493885040 0.119866371155 -1.938784122467 -1.394916057587 -0.206999301910 0.307010173798
829 1785749560.407306910 0.424409389496 0.074493885040 0.119986057281 -1.938784122467 -1.394676208496 -0.207027435303 0.307044506073
830 1785749560.440533876 0.424457550049 0.074518203735 0.120201587677 -1.938760280609 -1.394556522369 -0.206999301910 0.307030200958
831 1785749560.473902225 0.424481391907 0.074542045593 0.120345592499 -1.938784122467 -1.394460201263 -0.207011222839 0.307038784027
832 1785749560.507186890 0.424505233765 0.074518203735 0.120345592499 -1.938760280609 -1.394412994385 -0.207020759583 0.307045936584
833 1785749560.540599108 0.424673080444 0.074518203735 0.120345592499 -1.938784122467 -1.394412994385 -0.207003593445 0.307034015656
834 1785749560.574180126 0.424984455109 0.074518203735 0.120465278625 -1.938784122467 -1.394364833832 -0.207032680511 0.307023525238
835 1785749560.607313871 0.425392627716 0.074542045593 0.120656967163 -1.938712596893 -1.394364833832 -0.207015037537 0.307028770447
836 1785749560.640524864 0.425511360168 0.074518203735 0.120752811432 -1.938520908356 -1.394340038300 -0.207016468048 0.307199478149
837 1785749560.673963308 0.425535678864 0.074542045593 0.120728969574 -1.937705516815 -1.394317150116 -0.206995487213 0.307380199432
838 1785749560.707164526 0.425607204437 0.074518203735 0.120681762695 -1.937034130096 -1.394340038300 -0.206994056702 0.307387351990
839 1785749560.740529776 0.425607204437 0.074518203735 0.120728969574 -1.936531066895 -1.394317150116 -0.207019329071 0.307780742645
840 1785749560.773934364 0.425631523132 0.074542045593 0.120705604553 -1.935716629028 -1.394317150116 -0.207025527954 0.307960033417
841 1785749560.807231426 0.425680160522 0.074518203735 0.120777606964 -1.935188770294 -1.394317150116 -0.207003116608 0.308027744293
842 1785749560.840527534 0.425703048706 0.074542045593 0.120897293091 -1.934901237488 -1.394317150116 -0.207036018372 0.308017253876
843 1785749560.873899460 0.425703048706 0.074518203735 0.120969295502 -1.934733390808 -1.394317150116 -0.207012653351 0.308124065399
844 1785749560.907232523 0.425726890564 0.074518203735 0.120921134949 -1.934589862823 -1.394292831421 -0.207011222839 0.308465003967
845 1785749560.940499306 0.425751686096 0.074518203735 0.120777606964 -1.934541702271 -1.394317150116 -0.207028388977 0.309650421143
846 1785749560.973906279 0.425776004791 0.074518203735 0.120849132538 -1.934494018555 -1.394292831421 -0.207015037537 0.310369491577
847 1785749561.007161140 0.425751686096 0.074542045593 0.120944976807 -1.934470176697 -1.394292831421 -0.207016944885 0.311243057251
848 1785749561.040534496 0.425798892975 0.074518203735 0.120969295502 -1.934398174286 -1.394317150116 -0.207028388977 0.312193870544
849 1785749561.073900461 0.425798892975 0.074518203735 0.120969295502 -1.934302330017 -1.394292831421 -0.207008838654 0.312600135803
850 1785749561.107269049 0.425823688507 0.074518203735 0.120944976807 -1.934182643890 -1.394292831421 -0.207002162933 0.313009738922
851 1785749561.140524864 0.425823688507 0.074518203735 0.120897293091 -1.934086799622 -1.394292831421 -0.207009792328 0.313656330109
852 1785749561.173967123 0.425823688507 0.074518203735 0.120921134949 -1.934062480927 -1.394292831421 -0.207016944885 0.314836978912
853 1785749561.207152367 0.425798892975 0.074493885040 0.120944976807 -1.934014797211 -1.394292831421 -0.207016944885 0.315757274628
854 1785749561.240519285 0.425798892975 0.074518203735 0.120944976807 -1.933990955353 -1.394292831421 -0.206999301910 0.316085338593
855 1785749561.273906469 0.425847530365 0.074518203735 0.120993137360 -1.933942317963 -1.394268512726 -0.206989288330 0.316299438477
856 1785749561.307250023 0.425847530365 0.074518203735 0.120993137360 -1.933918952942 -1.394268512726 -0.207030773163 0.316569328308
857 1785749561.340513468 0.425847530365 0.074518203735 0.120944976807 -1.933918952942 -1.394268512726 -0.206989288330 0.316606044769
858 1785749561.373889208 0.425871849060 0.074518203735 0.120944976807 -1.933895111084 -1.394268512726 -0.207000732422 0.316826820374
859 1785749561.407250643 0.425895690918 0.074518203735 0.120969295502 -1.933870315552 -1.394292831421 -0.207025527954 0.317574977875
860 1785749561.440504551 0.425895690918 0.074493885040 0.120944976807 -1.933870315552 -1.394268512726 -0.207035064697 0.318075656891
861 1785749561.473899364 0.425871849060 0.074518203735 0.120969295502 -1.933823108673 -1.394268512726 -0.207028388977 0.318693161011
862 1785749561.507240772 0.425919532776 0.074518203735 0.120969295502 -1.933558940887 -1.394268512726 -0.207016944885 0.319226264954
863 1785749561.540505409 0.425919532776 0.074542045593 0.120944976807 -1.933247566223 -1.394292831421 -0.207012653351 0.319466590881
864 1785749561.573928595 0.425919532776 0.074685573578 0.120921134949 -1.933055877686 -1.394268512726 -0.206997871399 0.319477081299
865 1785749561.607160807 0.425967216492 0.075045108795 0.120873451233 -1.932864189148 -1.394268512726 -0.206995487213 0.319534301758
866 1785749561.640499115 0.425991535187 0.075500488281 0.120944976807 -1.932648658752 -1.394292831421 -0.207025527954 0.319669723511
867 1785749561.690490484 0.425991535187 0.075932025909 0.120969295502 -1.932289123535 -1.394244194031 -0.207029342651 0.319718837738
868 1785749561.723932505 0.426015377045 0.076123714447 0.120921134949 -1.932144641876 -1.394292831421 -0.207016468048 0.319827556610
869 1785749561.757153511 0.426015377045 0.076171875000 0.120897293091 -1.932048797607 -1.394268512726 -0.207029342651 0.319889545441
870 1785749561.790490389 0.426039218903 0.076195716858 0.120921134949 -1.931952953339 -1.394268512726 -0.207019329071 0.320138454437
871 1785749561.823946476 0.426063060760 0.076195716858 0.120921134949 -1.931857109070 -1.394268512726 -0.207015037537 0.320762634277
872 1785749561.857147694 0.426063060760 0.076195716858 0.120921134949 -1.931617736816 -1.394268512726 -0.207035064697 0.321356296539
873 1785749561.890461922 0.426087379456 0.076195716858 0.120921134949 -1.931306362152 -1.394268512726 -0.207000732422 0.321671962738
874 1785749561.923943520 0.426087379456 0.076195716858 0.120944976807 -1.931018829346 -1.394292831421 -0.207016944885 0.321928024292
875 1785749561.957172394 0.426111221313 0.076195716858 0.120921134949 -1.930586814880 -1.394268512726 -0.207012653351 0.322339057922
876 1785749561.990502357 0.426135063171 0.076219558716 0.120921134949 -1.930538654327 -1.394268512726 -0.207023143768 0.323296546936
877 1785749562.023939848 0.426135063171 0.076219558716 0.120921134949 -1.930514812469 -1.394268512726 -0.207008361816 0.324051380157
878 1785749562.057173967 0.426158905029 0.076195716858 0.120897293091 -1.930467128754 -1.394268512726 -0.207019329071 0.324654102325
879 1785749562.090496540 0.426183223724 0.076195716858 0.120921134949 -1.930443286896 -1.394268512726 -0.207034587860 0.324973106384
880 1785749562.123942375 0.426183223724 0.076219558716 0.120897293091 -1.930443286896 -1.394268512726 -0.207013607025 0.325204372406
881 1785749562.157168388 0.426207065582 0.076219558716 0.120897293091 -1.930443286896 -1.394244194031 -0.206994056702 0.325491905212
882 1785749562.190504789 0.426230907440 0.076219558716 0.120921134949 -1.930443286896 -1.394268512726 -0.206999301910 0.326210498810
883 1785749562.223944664 0.426230907440 0.076195716858 0.120897293091 -1.930443286896 -1.394268512726 -0.207023143768 0.326373100281
884 1785749562.257169008 0.426230907440 0.076219558716 0.120873451233 -1.930395126343 -1.394244194031 -0.207036018372 0.326579570770
885 1785749562.290480375 0.426230907440 0.076219558716 0.120921134949 -1.930395126343 -1.394244194031 -0.207002162933 0.326889991760
886 1785749562.323813200 0.426254749298 0.076219558716 0.120921134949 -1.930395126343 -1.394268512726 -0.206991672516 0.327006340027
887 1785749562.357159138 0.426254749298 0.076243877411 0.120873451233 -1.930395126343 -1.394244194031 -0.206999301910 0.327097415924
888 1785749562.390478373 0.426302909851 0.076339244843 0.120897293091 -1.930418968201 -1.394244194031 -0.207028388977 0.327170848846
889 1785749562.423931599 0.427093982697 0.076962471008 0.120897293091 -1.930418968201 -1.394268512726 -0.207036495209 0.327412605286
890 1785749562.457151175 0.429490566254 0.077250480652 0.120897293091 -1.930395126343 -1.394268512726 -0.207030773163 0.327728748322
891 1785749562.490477085 0.431600093842 0.077250480652 0.120873451233 -1.930371284485 -1.394268512726 -0.207008838654 0.327842235565
892 1785749562.523954868 0.433301925659 0.077274322510 0.120897293091 -1.930347442627 -1.394268512726 -0.207028388977 0.327882289886
893 1785749562.557250977 0.433469295502 0.077274322510 0.120897293091 -1.930418968201 -1.394268512726 -0.206998348236 0.327867984772
894 1785749562.590542555 0.433469295502 0.077274322510 0.120849132538 -1.930395126343 -1.394292831421 -0.207008361816 0.328131198883
895 1785749562.623958826 0.433469295502 0.077250480652 0.120681762695 -1.930418968201 -1.394340038300 -0.206995487213 0.328373432159
896 1785749562.657176256 0.433493614197 0.077274322510 0.120177745819 -1.930467128754 -1.394460201263 -0.207003593445 0.328351497650
897 1785749562.690506697 0.433469295502 0.077250480652 0.119842529297 -1.930443286896 -1.394867897034 -0.207000732422 0.328517913818
898 1785749562.723936319 0.433469295502 0.077274322510 0.119459152222 -1.930490970612 -1.395898342133 -0.207022190094 0.328528404236
899 1785749562.757160664 0.433469295502 0.077274322510 0.118787765503 -1.930514812469 -1.397744178772 -0.207030773163 0.328561306000
900 1785749562.790477514 0.433541297913 0.077274322510 0.118212699890 -1.930635452271 -1.399757385254 -0.207013607025 0.328540802002
901 1785749562.824005365 0.433828830719 0.077274322510 0.117660999298 -1.930778503418 -1.401674747467 -0.207020282745 0.328571796417
902 1785749562.857154846 0.434668064117 0.077274322510 0.116487026215 -1.930946826935 -1.402896881104 -0.207020759583 0.328554153442
903 1785749562.890481710 0.436153888702 0.077274322510 0.115623950958 -1.931089878082 -1.403856277466 -0.207024097443 0.328674316406
904 1785749562.923969507 0.437424659729 0.077250480652 0.114713668823 -1.931138515472 -1.405964851379 -0.207030773163 0.328672885895
905 1785749562.957167149 0.437927722931 0.077250480652 0.114185810089 -1.931161880493 -1.407642841339 -0.207009792328 0.328645706177
906 1785749562.990461349 0.438071250916 0.077250480652 0.113994121552 -1.931161880493 -1.408553600311 -0.206998348236 0.328641891479
907 1785749563.023911238 0.438095092773 0.077250480652 0.113802433014 -1.931402206421 -1.409296989441 -0.207006454468 0.328645706177
908 1785749563.057166100 0.438095092773 0.077202796936 0.113778591156 -1.932096958160 -1.410590648651 -0.206998348236 0.328708648682
909 1785749563.090480566 0.438215255737 0.077202796936 0.113730430603 -1.932936191559 -1.411478042603 -0.207013607025 0.328712463379
910 1785749563.140506029 0.440036296844 0.077154636383 0.113610744476 -1.934494018555 -1.412820339203 -0.207012653351 0.329168796539
911 1785749563.173897028 0.442457675934 0.077154636383 0.113610744476 -1.935261249542 -1.413419246674 -0.207009792328 0.329992294312
912 1785749563.207180023 0.445861816406 0.077129840851 0.113610744476 -1.935548782349 -1.414018630981 -0.207015037537 0.331696510315
913 1785749563.240517855 0.448186397552 0.077129840851 0.113491058350 -1.935572624207 -1.414354324341 -0.206994056702 0.332391262054
914 1785749563.273977280 0.450007438660 0.077106952667 0.112891197205 -1.935524940491 -1.414521694183 -0.207009792328 0.331845283508
915 1785749563.307179451 0.450343132019 0.077129840851 0.112316608429 -1.935548782349 -1.414713382721 -0.207016944885 0.329397201538
916 1785749563.340542316 0.450438976288 0.077129840851 0.111477851868 -1.935572624207 -1.415073871613 -0.207006454468 0.327733039856
917 1785749563.373954296 0.450438976288 0.077106952667 0.110566616058 -1.935572624207 -1.415385246277 -0.207005977631 0.326980113983
918 1785749563.407183170 0.450414657593 0.077129840851 0.109368324280 -1.935572624207 -1.415624618530 -0.206990242004 0.326815128326
919 1785749563.440520525 0.450414657593 0.077129840851 0.108193874359 -1.935572624207 -1.415792465210 -0.207008361816 0.326639175415
920 1785749563.473920584 0.450438976288 0.077106952667 0.106443881989 -1.935572624207 -1.415912151337 -0.207008361816 0.326520442963
921 1785749563.507246733 0.450438976288 0.077082633972 0.104382514954 -1.935595989227 -1.416151523590 -0.207008838654 0.326560974121
922 1785749563.540540218 0.450414657593 0.076842784882 0.102009773254 -1.935524940491 -1.417278289795 -0.206999301910 0.326514244080
923 1785749563.573895216 0.450462818146 0.076770782471 0.100907325745 -1.935404300690 -1.418668746948 -0.207001209259 0.326459884644
924 1785749563.607161522 0.450438976288 0.076746940613 0.100284099579 -1.935236454010 -1.419626712799 -0.207034587860 0.326420783997
925 1785749563.640549898 0.450438976288 0.076770782471 0.099804401398 -1.935165405273 -1.420202732086 -0.207020282745 0.325981140137
926 1785749563.674024343 0.450438976288 0.076770782471 0.099588871002 -1.935092926025 -1.420465946198 -0.207018852234 0.324899673462
927 1785749563.707174540 0.450462818146 0.076891422272 0.099469184875 -1.935069084167 -1.420585632324 -0.206994056702 0.323085784912
928 1785749563.740555048 0.450438976288 0.077129840851 0.098966121674 -1.935044765472 -1.421545028687 -0.202636241913 0.319600582123
929 1785749563.773849964 0.450462818146 0.077225685120 0.098150730133 -1.934997081757 -1.422935009003 -0.199297904968 0.315498352051
930 1785749563.807148218 0.450414657593 0.077586174011 0.097575664520 -1.934877395630 -1.424325466156 -0.197329044342 0.311392784119
931 1785749563.840559006 0.450487613678 0.078472137451 0.097144603729 -1.934829235077 -1.424972057343 -0.195765972137 0.310064792633
932 1785749563.873930454 0.450462818146 0.079527378082 0.096976280212 -1.934853076935 -1.425091743469 -0.193752765656 0.309681415558
933 1785749563.907181263 0.450487613678 0.080773830414 0.097000122070 -1.934853076935 -1.425115585327 -0.192782402039 0.309658050537
934 1785749563.940510988 0.450487613678 0.081756591797 0.097192287445 -1.934853076935 -1.425115585327 -0.192118644714 0.309663295746
935 1785749563.973914623 0.450487613678 0.082259654999 0.097504138947 -1.934829235077 -1.425091743469 -0.191462993622 0.309645175934
936 1785749564.007186174 0.450462818146 0.082643032074 0.097839355469 -1.934829235077 -1.425068855286 -0.191030979156 0.309631347656
937 1785749564.040511370 0.450462818146 0.082667827606 0.097982883453 -1.934853076935 -1.425068855286 -0.190747261047 0.309623718262
938 1785749564.073833704 0.450487613678 0.082667827606 0.097935199738 -1.934853076935 -1.425068855286 -0.190766334534 0.309638023376
939 1785749564.107159853 0.450487613678 0.082643032074 0.097935199738 -1.934853076935 -1.425068855286 -0.190785884857 0.309593677521
940 1785749564.140593767 0.450462818146 0.082667827606 0.097982883453 -1.934853076935 -1.425068855286 -0.190660953522 0.309590816498
941 1785749564.173848629 0.450487613678 0.082690715790 0.097982883453 -1.934853076935 -1.425068855286 -0.190664768219 0.309363365173
942 1785749564.207161903 0.450487613678 0.082690715790 0.098078727722 -1.934853076935 -1.425044059753 -0.190431118011 0.309396266937
943 1785749564.240509510 0.450510501862 0.082667827606 0.098054885864 -1.934829235077 -1.425044059753 -0.190157890320 0.309360980988
944 1785749564.273888588 0.450510501862 0.082667827606 0.098007678986 -1.934829235077 -1.425068855286 -0.190160274506 0.309360027313
945 1785749564.307158470 0.450487613678 0.082667827606 0.097982883453 -1.934853076935 -1.425044059753 -0.190114498138 0.309363365173
946 1785749564.340569973 0.450462818146 0.082667827606 0.097959041595 -1.934829235077 -1.425068855286 -0.190081596375 0.309379577637
947 1785749564.373836756 0.450487613678 0.082667827606 0.097982883453 -1.934829235077 -1.425044059753 -0.190005302429 0.309390068054
948 1785749564.407164574 0.450510501862 0.082667827606 0.097982883453 -1.934877395630 -1.425044059753 -0.189946174622 0.309364795685
949 1785749564.440598965 0.450487613678 0.082667827606 0.097982883453 -1.934853076935 -1.425044059753 -0.189921379089 0.309395313263
950 1785749564.490508080 0.450510501862 0.082667827606 0.097935199738 -1.934877395630 -1.425044059753 -0.189911365509 0.309368610382
951 1785749564.523834229 0.450510501862 0.082643032074 0.097887039185 -1.934853076935 -1.425044059753 -0.189905643463 0.309382438660
952 1785749564.557168245 0.450534820557 0.082667827606 0.097911834717 -1.934853076935 -1.425044059753 -0.189909934998 0.309392452240
953 1785749564.590500355 0.450487613678 0.082643032074 0.097911834717 -1.934853076935 -1.425068855286 -0.189880847931 0.309385776520
954 1785749564.623839855 0.450487613678 0.082643032074 0.097935199738 -1.934829235077 -1.425044059753 -0.189917564392 0.309396266937
955 1785749564.657183170 0.450510501862 0.082667827606 0.097911834717 -1.934853076935 -1.425044059753 -0.189803123474 0.309284687042
956 1785749564.690509081 0.450510501862 0.082667827606 0.097935199738 -1.934829235077 -1.425044059753 -0.189785957336 0.309289932251
957 1785749564.723942757 0.450510501862 0.082643032074 0.097791194916 -1.934829235077 -1.425044059753 -0.189802169800 0.309293746948
958 1785749564.757178307 0.450487613678 0.082643032074 0.097623825073 -1.934853076935 -1.425044059753 -0.189801692963 0.309168338776
959 1785749564.790472984 0.450487613678 0.082643032074 0.097575664520 -1.934853076935 -1.425044059753 -0.189787864685 0.309172153473
960 1785749564.823829651 0.450534820557 0.082667827606 0.097647666931 -1.934853076935 -1.425068855286 -0.189821720123 0.309211730957
961 1785749564.857173920 0.450510501862 0.082643032074 0.097623825073 -1.934853076935 -1.425044059753 -0.189664363861 0.309201240540
962 1785749564.890496254 0.450510501862 0.082643032074 0.097671508789 -1.934853076935 -1.425020217896 -0.189613819122 0.309188842773
963 1785749564.923834085 0.450510501862 0.082643032074 0.097695350647 -1.934853076935 -1.424948215485 -0.189599514008 0.309203624725
964 1785749564.957162380 0.450510501862 0.082643032074 0.097671508789 -1.934853076935 -1.424877166748 -0.189623355865 0.309181213379
965 1785749564.990517139 0.450510501862 0.082643032074 0.097647666931 -1.934853076935 -1.424684524536 -0.189631462097 0.309193134308
966 1785749565.023828745 0.450510501862 0.082643032074 0.097695350647 -1.934853076935 -1.424636840820 -0.189595699310 0.309206485748
967 1785749565.057167530 0.450534820557 0.082667827606 0.097791194916 -1.934853076935 -1.424516677856 -0.189613819122 0.309198379517
968 1785749565.090490580 0.450559139252 0.082667827606 0.097791194916 -1.934829235077 -1.424421310425 -0.189594268799 0.308686256409
969 1785749565.123911858 0.450534820557 0.082643032074 0.097791194916 -1.934853076935 -1.424373149872 -0.189588069916 0.308458805084
970 1785749565.157168388 0.450559139252 0.082643032074 0.097719669342 -1.934853076935 -1.424349308014 -0.189583778381 0.308306694031
971 1785749565.190541983 0.450559139252 0.082643032074 0.097743511200 -1.934853076935 -1.424301147461 -0.189569473267 0.308137416840
972 1785749565.223830700 0.450534820557 0.082643032074 0.097815513611 -1.934853076935 -1.424277305603 -0.189567089081 0.307975769043
973 1785749565.257158041 0.450534820557 0.082667827606 0.097911834717 -1.934853076935 -1.424252510071 -0.189556121826 0.307960033417
974 1785749565.290492535 0.450510501862 0.082643032074 0.097982883453 -1.934829235077 -1.423942089081 -0.189558029175 0.307876586914
975 1785749565.323823452 0.450534820557 0.082667827606 0.098007678986 -1.934853076935 -1.423606395721 -0.189565658569 0.307825565338
976 1785749565.357168674 0.450510501862 0.082643032074 0.097959041595 -1.934877395630 -1.423390388489 -0.189545631409 0.307837486267
977 1785749565.390498400 0.450510501862 0.082643032074 0.097935199738 -1.934853076935 -1.423247337341 -0.189547538757 0.307862758636
978 1785749565.423841238 0.450534820557 0.082619190216 0.097982883453 -1.934877395630 -1.423030853271 -0.189563274384 0.307820796967
979 1785749565.457177401 0.450534820557 0.082667827606 0.097935199738 -1.934853076935 -1.422575473785 -0.189547538757 0.307723522186
980 1785749565.490506172 0.450559139252 0.082690715790 0.097982883453 -1.934853076935 -1.421784400940 -0.189544200897 0.307713031769
981 1785749565.523832560 0.450559139252 0.082667827606 0.098031044006 -1.934853076935 -1.421161651611 -0.189545631409 0.307704925537
982 1785749565.557180166 0.450534820557 0.082643032074 0.098007678986 -1.934853076935 -1.420777320862 -0.189565658569 0.307715415955
983 1785749565.590506792 0.450559139252 0.082619190216 0.097959041595 -1.934829235077 -1.420562744141 -0.189544200897 0.307684898376
984 1785749565.623837471 0.450559139252 0.082643032074 0.097982883453 -1.934853076935 -1.420442104340 -0.189554691315 0.307724952698
985 1785749565.657150030 0.450534820557 0.082643032074 0.098150730133 -1.934829235077 -1.420322418213 -0.189512729645 0.307675838470
986 1785749565.690494537 0.450510501862 0.082643032074 0.098414421082 -1.934829235077 -1.420250415802 -0.189506530762 0.307480335236
987 1785749565.723830700 0.450559139252 0.082643032074 0.098678588867 -1.934829235077 -1.420202732086 -0.189533710480 0.307387351990
988 1785749565.757155418 0.450534820557 0.082667827606 0.098774433136 -1.934853076935 -1.420154571533 -0.189539432526 0.307302951813
989 1785749565.790513754 0.450534820557 0.082643032074 0.098726272583 -1.934853076935 -1.420130729675 -0.189504146576 0.307260990143
990 1785749565.823849440 0.450559139252 0.082667827606 0.098726272583 -1.934853076935 -1.420106887817 -0.189516544342 0.307145118713
991 1785749565.857175827 0.450559139252 0.082667827606 0.098774433136 -1.934853076935 -1.420082569122 -0.189514160156 0.307061672211
992 1785749565.890504122 0.450559139252 0.082667827606 0.098798274994 -1.934853076935 -1.420082569122 -0.189493179321 0.307071685791
993 1785749565.923848629 0.450559139252 0.082667827606 0.098870277405 -1.934829235077 -1.420082569122 -0.189523696899 0.307075977325
994 1785749565.957179546 0.450534820557 0.082643032074 0.098894119263 -1.934853076935 -1.420058727264 -0.189493179321 0.307096958160
995 1785749566.007172585 0.450559139252 0.082643032074 0.098846435547 -1.934853076935 -1.420058727264 -0.189535617828 0.307415962219
996 1785749566.040575266 0.450559139252 0.082667827606 0.098894119263 -1.934853076935 -1.420058727264 -0.189521789551 0.308550357819
997 1785749566.073832273 0.450534820557 0.082667827606 0.098870277405 -1.934853076935 -1.420034885406 -0.189496994019 0.308918476105
998 1785749566.107272625 0.450559139252 0.082667827606 0.098917961121 -1.934853076935 -1.420011043549 -0.189521789551 0.309092998505
999 1785749566.140625238 0.450559139252 0.082667827606 0.098989963531 -1.934853076935 -1.420034885406 -0.189534187317 0.309495449066
1000 1785749566.173841953 0.450534820557 0.082667827606 0.099061965942 -1.934877395630 -1.420011043549 -0.189520835876 0.309748649597
1001 1785749566.207161903 0.450559139252 0.082667827606 0.099085807800 -1.934853076935 -1.420011043549 -0.189525127411 0.309813976288
1002 1785749566.240515232 0.450583457947 0.082690715790 0.099085807800 -1.934853076935 -1.420011043549 -0.189506530762 0.309882640839
1003 1785749566.273843050 0.450559139252 0.082690715790 0.099109649658 -1.934853076935 -1.420011043549 -0.189511775970 0.310040473938
1004 1785749566.307230473 0.450559139252 0.082667827606 0.099085807800 -1.934853076935 -1.420011043549 -0.189520835876 0.310029983521
1005 1785749566.340514421 0.450559139252 0.082667827606 0.099085807800 -1.934877395630 -1.419986724854 -0.189539432526 0.310162544250
1006 1785749566.373841524 0.450534820557 0.082667827606 0.099085807800 -1.934853076935 -1.419986724854 -0.189400196075 0.310168743134
1007 1785749566.407172680 0.450559139252 0.082667827606 0.099061965942 -1.934853076935 -1.420011043549 -0.189414501190 0.310263633728
1008 1785749566.440572262 0.450559139252 0.082667827606 0.099037647247 -1.934853076935 -1.419986724854 -0.189409255981 0.310292720795
1009 1785749566.473905325 0.450534820557 0.082690715790 0.099061965942 -1.934829235077 -1.420011043549 -0.189427375793 0.310335636139
1010 1785749566.507199049 0.450534820557 0.082667827606 0.099085807800 -1.934829235077 -1.419986724854 -0.189413070679 0.310338020325
1011 1785749566.540507078 0.450559139252 0.082667827606 0.099061965942 -1.934877395630 -1.419986724854 -0.189421176910 0.310486316681
1012 1785749566.573829412 0.450559139252 0.082667827606 0.099061965942 -1.934829235077 -1.419986724854 -0.189397811890 0.310461521149
1013 1785749566.607167959 0.450559139252 0.082667827606 0.099061965942 -1.934877395630 -1.419986724854 -0.189404964447 0.310473918915
1014 1785749566.640587330 0.450534820557 0.082667827606 0.099061965942 -1.934853076935 -1.419986724854 -0.189439773560 0.310631275177
1015 1785749566.673822641 0.450559139252 0.082667827606 0.099085807800 -1.934853076935 -1.419986724854 -0.189416885376 0.310915946960
1016 1785749566.707160473 0.450559139252 0.082690715790 0.099085807800 -1.934853076935 -1.419986724854 -0.189439296722 0.311556816101
1017 1785749566.740587473 0.450559139252 0.082667827606 0.099061965942 -1.934877395630 -1.419986724854 -0.189404010773 0.312509536743
1018 1785749566.773843288 0.450559139252 0.082690715790 0.099061965942 -1.934877395630 -1.419986724854 -0.189412117004 0.313251018524
1019 1785749566.807159662 0.450559139252 0.082667827606 0.099085807800 -1.934853076935 -1.419986724854 -0.189415454865 0.314425468445
1020 1785749566.840560198 0.450583457947 0.082643032074 0.099085807800 -1.934853076935 -1.419986724854 -0.189430236816 0.315087318420
1021 1785749566.873818874 0.450559139252 0.082667827606 0.099061965942 -1.934877395630 -1.419986724854 -0.189406871796 0.316142082214
1022 1785749566.907197475 0.450559139252 0.082667827606 0.099085807800 -1.934877395630 -1.419986724854 -0.189408302307 0.316888332367
1023 1785749566.940608025 0.450534820557 0.082667827606 0.099109649658 -1.934853076935 -1.419986724854 -0.189418792725 0.317835330963
1024 1785749566.973812819 0.450559139252 0.082667827606 0.099157810211 -1.934877395630 -1.419986724854 -0.189404964447 0.317953109741
1025 1785749567.007153988 0.450559139252 0.082690715790 0.099325180054 -1.934853076935 -1.419962882996 -0.189400196075 0.318332672119
1026 1785749567.040505171 0.450559139252 0.082690715790 0.099493026733 -1.934973716736 -1.419986724854 -0.189404964447 0.318589210510
1027 1785749567.073835850 0.450583457947 0.082715034485 0.099684715271 -1.935140609741 -1.419986724854 -0.189414501190 0.318840980530
1028 1785749567.107159376 0.450559139252 0.082690715790 0.099853038788 -1.935261249542 -1.419986724854 -0.189399719238 0.319015979767
1029 1785749567.140507221 0.450583457947 0.082690715790 0.099876403809 -1.935380458832 -1.419986724854 -0.189418315887 0.319076538086
1030 1785749567.173834562 0.450583457947 0.082690715790 0.099876403809 -1.935476303101 -1.419986724854 -0.189429283142 0.319232940674
1031 1785749567.207246780 0.450559139252 0.082690715790 0.099853038788 -1.935524940491 -1.419986724854 -0.189403057098 0.319242000580
1032 1785749567.240553141 0.450559139252 0.082690715790 0.099829196930 -1.935620784760 -1.419986724854 -0.189406394958 0.319379329681
1033 1785749567.273831367 0.450559139252 0.082690715790 0.099829196930 -1.936075687408 -1.419986724854 -0.189408302307 0.319632053375
1034 1785749567.307166815 0.450583457947 0.082690715790 0.099853038788 -1.936578750610 -1.419986724854 -0.189399719238 0.319922447205
1035 1785749567.340572596 0.450583457947 0.082667827606 0.099829196930 -1.937274456024 -1.419986724854 -0.189440727234 0.320334434509
1036 1785749567.373832703 0.450583457947 0.082690715790 0.099829196930 -1.938544750214 -1.419986724854 -0.189418792725 0.320693492889
1037 1785749567.407251596 0.450583457947 0.082690715790 0.099853038788 -1.939287662506 -1.419962882996 -0.189422607422 0.321053028107
1038 1785749567.440681219 0.450559139252 0.082690715790 0.099829196930 -1.940198421478 -1.419986724854 -0.189429283142 0.321135997772
1039 1785749567.473828316 0.450583457947 0.082667827606 0.099876403809 -1.940797328949 -1.420011043549 -0.189400196075 0.321174144745
1040 1785749567.507156134 0.450583457947 0.082690715790 0.099972248077 -1.941421031952 -1.419986724854 -0.189414501190 0.321326255798
1041 1785749567.540526152 0.450583457947 0.082643032074 0.100451946259 -1.942451000214 -1.420011043549 -0.189416885376 0.321422100067
1042 1785749567.590759516 0.450583457947 0.082690715790 0.102369308472 -1.942739486694 -1.419986724854 -0.189427852631 0.321905136108
1043 1785749567.623807669 0.450583457947 0.082690715790 0.103424072266 -1.942763328552 -1.419986724854 -0.189410686493 0.322550296783
1044 1785749567.657154322 0.450559139252 0.082667827606 0.104478359222 -1.942834377289 -1.419962882996 -0.189416885376 0.322872161865
1045 1785749567.690532684 0.450583457947 0.082690715790 0.104694366455 -1.943098545074 -1.419986724854 -0.189413070679 0.323108673096
1046 1785749567.723797560 0.450583457947 0.082667827606 0.104910373688 -1.944297313690 -1.419986724854 -0.189436912537 0.323287963867
1047 1785749567.757122993 0.450583457947 0.082690715790 0.105077743530 -1.945135593414 -1.419986724854 -0.189439296722 0.323402881622
1048 1785749567.790513039 0.450559139252 0.082690715790 0.105293273926 -1.946645736694 -1.419962882996 -0.189416885376 0.323630809784
1049 1785749567.823797703 0.450583457947 0.082667827606 0.105389118195 -1.947269439697 -1.419986724854 -0.189402580261 0.323745727539
1050 1785749567.857142210 0.450583457947 0.082667827606 0.105580806732 -1.948227405548 -1.419986724854 -0.189442157745 0.323829174042
1051 1785749567.890808821 0.450583457947 0.082667827606 0.106156826019 -1.948754787445 -1.420011043549 -0.189406394958 0.324031352997
1052 1785749567.924002409 0.450606346130 0.082667827606 0.107114791870 -1.948827266693 -1.419986724854 -0.189404964447 0.324038505554
1053 1785749567.957163334 0.450583457947 0.082643032074 0.108984947205 -1.948827266693 -1.419986724854 -0.189414501190 0.324114322662
1054 1785749567.990665436 0.450583457947 0.082643032074 0.112268447876 -1.948827266693 -1.419986724854 -0.189425945282 0.324080467224
1055 1785749568.023970366 0.450583457947 0.082643032074 0.114329338074 -1.948827266693 -1.419986724854 -0.189436435699 0.324074745178
1056 1785749568.057284117 0.450606346130 0.082667827606 0.115863323212 -1.948850631714 -1.419962882996 -0.189401149750 0.324139118195
1057 1785749568.090538025 0.450583457947 0.082667827606 0.116846561432 -1.948827266693 -1.419986724854 -0.189435482025 0.324121952057
1058 1785749568.123810530 0.450583457947 0.082643032074 0.117756843567 -1.948850631714 -1.419962882996 -0.189404010773 0.324121952057
1059 1785749568.157285213 0.450583457947 0.082667827606 0.118428230286 -1.948850631714 -1.419986724854 -0.189406394958 0.324144840240
1060 1785749568.190543652 0.450583457947 0.082643032074 0.118979930878 -1.948850631714 -1.419986724854 -0.189427852631 0.324130535126
1061 1785749568.223894596 0.450583457947 0.082667827606 0.119315147400 -1.948850631714 -1.419986724854 -0.189438343048 0.324195861816
1062 1785749568.257380009 0.450559139252 0.082643032074 0.119435310364 -1.948827266693 -1.419986724854 -0.189416885376 0.324179172516
1063 1785749568.290546179 0.450583457947 0.082619190216 0.119554996490 -1.948875427246 -1.419986724854 -0.189410209656 0.324205398560
1064 1785749568.323790550 0.450583457947 0.082619190216 0.119842529297 -1.948850631714 -1.419962882996 -0.189416885376 0.324181079865
1065 1785749568.357187033 0.450583457947 0.082619190216 0.120633125305 -1.948875427246 -1.419986724854 -0.189411640167 0.324172019958
1066 1785749568.390562296 0.450606346130 0.082594871521 0.121783733368 -1.948875427246 -1.419962882996 -0.189437866211 0.324178695679
1067 1785749568.423827887 0.450606346130 0.082476139069 0.122958183289 -1.948850631714 -1.419962882996 -0.189434528351 0.324243545532
1068 1785749568.457177162 0.450583457947 0.082427501678 0.123869419098 -1.948850631714 -1.419962882996 -0.189436912537 0.324253559113
1069 1785749568.490515947 0.450583457947 0.082379341125 0.125307559967 -1.948875427246 -1.419843196869 -0.189433097839 0.324263095856
1070 1785749568.523821592 0.450583457947 0.082355499268 0.126601219177 -1.948875427246 -1.419267654419 -0.189424037933 0.324233055115
1071 1785749568.557168245 0.450559139252 0.082355499268 0.129022121429 -1.948850631714 -1.418572902679 -0.189442157745 0.324221134186
1072 1785749568.590535641 0.450606346130 0.082331657410 0.131179809570 -1.948875427246 -1.417685508728 -0.189410209656 0.324256420135
1073 1785749568.623823166 0.450606346130 0.082331657410 0.132809638977 -1.948875427246 -1.416631698608 -0.189443111420 0.324233055115
1074 1785749568.657172203 0.450583457947 0.082331657410 0.133911609650 -1.948875427246 -1.415504932404 -0.189404010773 0.324236869812
1075 1785749568.690482378 0.450583457947 0.082307815552 0.135110855103 -1.948850631714 -1.414258480072 -0.189427375793 0.324243068695
1076 1785749568.723818302 0.450583457947 0.082307815552 0.135973453522 -1.948875427246 -1.412987709045 -0.189396381378 0.324248313904
1077 1785749568.757159472 0.450583457947 0.082307815552 0.137124061584 -1.948875427246 -1.411910057068 -0.189409255981 0.324222564697
1078 1785749568.790493727 0.450583457947 0.082283496857 0.138441562653 -1.948875427246 -1.410902976990 -0.189368247986 0.324243545532
1079 1785749568.823826075 0.450559139252 0.082307815552 0.139520168304 -1.948875427246 -1.410039901733 -0.189361572266 0.324222564697
1080 1785749568.857157946 0.450606346130 0.082307815552 0.140887260437 -1.948875427246 -1.409488677979 -0.189356327057 0.324248790741
1081 1785749568.890482903 0.450606346130 0.082307815552 0.141294479370 -1.948875427246 -1.409080982208 -0.189379215240 0.324243068695
1082 1785749568.923820496 0.450583457947 0.082307815552 0.141749858856 -1.948875427246 -1.408841133118 -0.189353942871 0.324241638184
1083 1785749568.957144737 0.450606346130 0.082307815552 0.142851829529 -1.948875427246 -1.408626556396 -0.189394950867 0.324248790741
1084 1785749568.990476370 0.450606346130 0.082283496857 0.144002437592 -1.948875427246 -1.408290386200 -0.189361572266 0.324302196503
1085 1785749569.023810863 0.450583457947 0.082259654999 0.145656108856 -1.948875427246 -1.407522678375 -0.189366817474 0.324267864227
1086 1785749569.057163715 0.450583457947 0.082259654999 0.147693634033 -1.948899269104 -1.406636714935 -0.189362049103 0.324302196503
1087 1785749569.090510130 0.450583457947 0.082235813141 0.150426387787 -1.948899269104 -1.405533790588 -0.189384460449 0.324302673340
1088 1785749569.123824120 0.450606346130 0.082211971283 0.152678966522 -1.948875427246 -1.404407978058 -0.189361572266 0.324307918549
1089 1785749569.157158613 0.450583457947 0.082187652588 0.154668807983 -1.948875427246 -1.403041362762 -0.189380645752 0.324320316315
1090 1785749569.207148075 0.450606346130 0.082091808319 0.156921386719 -1.948875427246 -1.401434898376 -0.189369678497 0.324313163757
1091 1785749569.240486622 0.450606346130 0.081852436066 0.157208919525 -1.948899269104 -1.400835990906 -0.189363002777 0.324315547943
1092 1785749569.273811340 0.450606346130 0.081372737885 0.157304763794 -1.948875427246 -1.400548458099 -0.189391136169 0.324344635010
1093 1785749569.307165861 0.450583457947 0.081037044525 0.157304763794 -1.948875427246 -1.400356769562 -0.189383029938 0.324340343475
1094 1785749569.340564489 0.450606346130 0.080821514130 0.157472610474 -1.948899269104 -1.400236606598 -0.189377784729 0.324349403381
1095 1785749569.373822451 0.450606346130 0.080701828003 0.157904624939 -1.948899269104 -1.399973869324 -0.189351081848 0.324358463287
1096 1785749569.407148838 0.450606346130 0.080653667450 0.158575057983 -1.948899269104 -1.399661540985 -0.189392089844 0.324353694916
1097 1785749569.440629721 0.450583457947 0.080653667450 0.159151077271 -1.948875427246 -1.399014472961 -0.189380645752 0.324325561523
1098 1785749569.473807573 0.450583457947 0.080629825592 0.160397529602 -1.948899269104 -1.398079872131 -0.189351558685 0.324343204498
1099 1785749569.507168055 0.450606346130 0.080605983734 0.161283969879 -1.948899269104 -1.397312164307 -0.189350128174 0.324356079102
1100 1785749569.540679216 0.450606346130 0.080629825592 0.162458419800 -1.948899269104 -1.396928787231 -0.189373493195 0.324336051941
1101 1785749569.573816061 0.450583457947 0.080629825592 0.162769794464 -1.948899269104 -1.396521568298 -0.189385414124 0.324334144592
1102 1785749569.607145786 0.450583457947 0.080605983734 0.162817955017 -1.948899269104 -1.396090507507 -0.189378738403 0.324350833893
1103 1785749569.640555620 0.450583457947 0.080629825592 0.162817955017 -1.948875427246 -1.394867897034 -0.189372539520 0.324349403381
1104 1785749569.673804522 0.450630664825 0.080605983734 0.162841796875 -1.948899269104 -1.393573760986 -0.189374923706 0.324403285980
1105 1785749569.707156897 0.450606346130 0.080629825592 0.162889480591 -1.948899269104 -1.392351150513 -0.189353942871 0.324400424957
1106 1785749569.740498066 0.450606346130 0.080605983734 0.162889480591 -1.948899269104 -1.391296863556 -0.189366817474 0.324370861053
1107 1785749569.773819447 0.450583457947 0.080605983734 0.162914276123 -1.948875427246 -1.390553474426 -0.189354419708 0.324405670166
1108 1785749569.807151556 0.450583457947 0.080582141876 0.162889480591 -1.948875427246 -1.390098571777 -0.189367294312 0.325132369995
1109 1785749569.840535879 0.450583457947 0.080605983734 0.162914276123 -1.948899269104 -1.389810085297 -0.189352989197 0.326614856720
1110 1785749569.873883486 0.450606346130 0.080582141876 0.162914276123 -1.948875427246 -1.389522552490 -0.189369678497 0.327669620514
1111 1785749569.907161951 0.450606346130 0.080582141876 0.162937641144 -1.948899269104 -1.389330863953 -0.189374923706 0.329162120819
1112 1785749569.940503836 0.450606346130 0.080582141876 0.163010120392 -1.948899269104 -1.389211177826 -0.189376831055 0.329978942871
1113 1785749569.973824263 0.450583457947 0.080582141876 0.163033485413 -1.948899269104 -1.389091491699 -0.189390659332 0.330129623413
1114 1785749570.007165909 0.450606346130 0.080582141876 0.163033485413 -1.948899269104 -1.388612270355 -0.189361572266 0.330212593079
1115 1785749570.040506601 0.450583457947 0.080582141876 0.163129329681 -1.948875427246 -1.387653350830 -0.189350128174 0.330228328705
1116 1785749570.073804617 0.450583457947 0.080605983734 0.163225173950 -1.948875427246 -1.387078285217 -0.189372062683 0.330284595490
1117 1785749570.107154608 0.450606346130 0.080605983734 0.163417339325 -1.948899269104 -1.386670589447 -0.189362049103 0.330270290375
1118 1785749570.140511274 0.450606346130 0.080605983734 0.163657188416 -1.948875427246 -1.386215209961 -0.189353942871 0.330351829529
1119 1785749570.173814058 0.450606346130 0.080605983734 0.163704872131 -1.948899269104 -1.385927677155 -0.189351558685 0.330455780029
1120 1785749570.207150936 0.450606346130 0.080605983734 0.163753032684 -1.948875427246 -1.385712146759 -0.189357757568 0.330488681793
1121 1785749570.240517855 0.450606346130 0.080605983734 0.163753032684 -1.948875427246 -1.385615825653 -0.189390659332 0.330473899841
1122 1785749570.273831129 0.450583457947 0.080605983734 0.163800716400 -1.948827266693 -1.385568618774 -0.189375400543 0.330488681793
1123 1785749570.307151318 0.450583457947 0.080605983734 0.163872718811 -1.948850631714 -1.385495662689 -0.189390659332 0.330472469330
1124 1785749570.340509415 0.450630664825 0.080605983734 0.163920402527 -1.948778629303 -1.385353088379 -0.189378738403 0.330480575562
1125 1785749570.373808384 0.450606346130 0.080605983734 0.163944244385 -1.948778629303 -1.385257244110 -0.189362049103 0.331238269806
1126 1785749570.407171488 0.450606346130 0.080582141876 0.163944244385 -1.948803424835 -1.383482933044 -0.189352512360 0.332460880280
1127 1785749570.440656424 0.450606346130 0.080605983734 0.164040088654 -1.948803424835 -1.381469726562 -0.189362049103 0.333034038544
1128 1785749570.473817110 0.450606346130 0.080605983734 0.164160251617 -1.948754787445 -1.379168510437 -0.189380645752 0.333436012268
1129 1785749570.507151842 0.450583457947 0.080629825592 0.164256095886 -1.947844505310 -1.376244068146 -0.189357757568 0.334230422974
1130 1785749570.540546894 0.450583457947 0.080629825592 0.165095329285 -1.944896221161 -1.374374866486 -0.189380645752 0.335077285767
1131 1785749570.573841810 0.450630664825 0.080989360809 0.167084217072 -1.941037654877 -1.373728275299 -0.189359664917 0.335118293762
1132 1785749570.607189417 0.450679302216 0.081276893616 0.169481277466 -1.937873363495 -1.372960567474 -0.189359664917 0.335102558136
1133 1785749570.640583992 0.450630664825 0.081301212311 0.171039104462 -1.936818599701 -1.370707988739 -0.189282894135 0.335137844086
1134 1785749570.673842669 0.450630664825 0.081301212311 0.172405719757 -1.936387062073 -1.369078159332 -0.189253330231 0.335113048553
1135 1785749570.707229853 0.450630664825 0.081301212311 0.174083232880 -1.936387062073 -1.367568492889 -0.189265727997 0.335135459900
1136 1785749570.740519524 0.450630664825 0.081301212311 0.175545215607 -1.936363220215 -1.366848945618 -0.189286708832 0.335135459900
1137 1785749570.773820639 0.450630664825 0.081301212311 0.176791191101 -1.936363220215 -1.366344928741 -0.189272403717 0.335116386414
1138 1785749570.807174921 0.450630664825 0.081301212311 0.177989482880 -1.936363220215 -1.365818023682 -0.189230442047 0.335116386414
1139 1785749570.857176542 0.450654983521 0.081301212311 0.178924560547 -1.936363220215 -1.364955425262 -0.189239501953 0.335116386414
1140 1785749570.890543222 0.450654983521 0.081301212311 0.179548263550 -1.936339378357 -1.364596366882 -0.189221382141 0.335134029388
1141 1785749570.923834085 0.450630664825 0.081276893616 0.179716110229 -1.936363220215 -1.364307880402 -0.189234256744 0.335103511810
1142 1785749570.957169056 0.450654983521 0.081276893616 0.179859638214 -1.936363220215 -1.364044666290 -0.189234256744 0.335126876831
1143 1785749570.990566969 0.450630664825 0.081301212311 0.179955482483 -1.936339378357 -1.363828659058 -0.189214706421 0.335137844086
1144 1785749571.023832560 0.450630664825 0.081301212311 0.180027484894 -1.936363220215 -1.363229751587 -0.189204692841 0.335142135620
1145 1785749571.057179451 0.450654983521 0.081276893616 0.180410861969 -1.936363220215 -1.362510681152 -0.189243793488 0.335131168365
1146 1785749571.090539932 0.450630664825 0.081301212311 0.181585311890 -1.936339378357 -1.361983299255 -0.189251899719 0.335137367249
1147 1785749571.123836517 0.450654983521 0.081301212311 0.182784080505 -1.936363220215 -1.361360073090 -0.189231872559 0.335117816925
1148 1785749571.157174349 0.450630664825 0.081301212311 0.184269905090 -1.936363220215 -1.360353946686 -0.189177036285 0.335135459900
1149 1785749571.190621138 0.450630664825 0.081276893616 0.185684204102 -1.936339378357 -1.359394550323 -0.189108848572 0.335105895996
1150 1785749571.223829508 0.450654983521 0.081301212311 0.186786174774 -1.936363220215 -1.358866691589 -0.189145565033 0.335134029388
1151 1785749571.257173300 0.450654983521 0.081301212311 0.187696933746 -1.936363220215 -1.358628273010 -0.189149379730 0.335116386414
1152 1785749571.290607452 0.450654983521 0.081301212311 0.188032627106 -1.936339378357 -1.358483791351 -0.189130783081 0.335118293762
1153 1785749571.323828220 0.450654983521 0.081276893616 0.188320159912 -1.936363220215 -1.358436584473 -0.189122676849 0.335108757019
1154 1785749571.357151270 0.450630664825 0.081301212311 0.188560485840 -1.936363220215 -1.358411788940 -0.189124584198 0.335119724274
1155 1785749571.390496254 0.450630664825 0.081301212311 0.188535690308 -1.936363220215 -1.358363628387 -0.189143657684 0.335109233856
1156 1785749571.423824787 0.450654983521 0.081325531006 0.188560485840 -1.936387062073 -1.358363628387 -0.189139842987 0.335130214691
1157 1785749571.457172155 0.450654983521 0.081301212311 0.188488483429 -1.936363220215 -1.358339786530 -0.189138412476 0.335152626038
1158 1785749571.490541220 0.450630664825 0.081301212311 0.188488483429 -1.936363220215 -1.358339786530 -0.189155578613 0.335150718689
1159 1785749571.523816347 0.450679302216 0.081301212311 0.188416004181 -1.936363220215 -1.358339786530 -0.189125537872 0.335151195526
1160 1785749571.557148218 0.450630664825 0.081301212311 0.188344001770 -1.936339378357 -1.358339786530 -0.189129829407 0.335187911987
1161 1785749571.590636492 0.450630664825 0.081301212311 0.188296794891 -1.936363220215 -1.358339786530 -0.189138412476 0.335166931152
1162 1785749571.623829603 0.450654983521 0.081301212311 0.188176155090 -1.936363220215 -1.358315944672 -0.189149379730 0.335154533386
1163 1785749571.657172441 0.450630664825 0.081325531006 0.188080310822 -1.936363220215 -1.358315944672 -0.189057350159 0.335182666779
1164 1785749571.690548420 0.450630664825 0.081301212311 0.187912940979 -1.936363220215 -1.358292102814 -0.189041614532 0.335180759430
1165 1785749571.723829031 0.450654983521 0.081325531006 0.187768936157 -1.936363220215 -1.358292102814 -0.189057350159 0.335160255432
1166 1785749571.757171392 0.450654983521 0.081301212311 0.187529563904 -1.936339378357 -1.358292102814 -0.189025878906 0.335180759430
1167 1785749571.790597916 0.450654983521 0.081301212311 0.187361717224 -1.936363220215 -1.358292102814 -0.189016342163 0.335194587708
1168 1785749571.823804140 0.450654983521 0.081301212311 0.187265872955 -1.936339378357 -1.358292102814 -0.189059734344 0.335171699524
1169 1785749571.857152700 0.450654983521 0.081301212311 0.187193393707 -1.936363220215 -1.358267784119 -0.189034938812 0.335175514221
1170 1785749571.890571117 0.450630664825 0.081301212311 0.187193393707 -1.936363220215 -1.358267784119 -0.189036369324 0.335149288177
1171 1785749571.923837423 0.450630664825 0.081301212311 0.187170028687 -1.936339378357 -1.358292102814 -0.189028263092 0.335186004639
1172 1785749571.957175493 0.450654983521 0.081301212311 0.187170028687 -1.936339378357 -1.358292102814 -0.189038753510 0.335187911987
1173 1785749571.990681410 0.450654983521 0.081301212311 0.187146186829 -1.936339378357 -1.358292102814 -0.189031124115 0.335182666779
1174 1785749572.023840189 0.450606346130 0.081301212311 0.187146186829 -1.936363220215 -1.358267784119 -0.189054489136 0.335163116455
1175 1785749572.057188749 0.450630664825 0.081325531006 0.187146186829 -1.936363220215 -1.358267784119 -0.189029693604 0.335200786591
1176 1785749572.090497732 0.450654983521 0.081325531006 0.187146186829 -1.936363220215 -1.358267784119 -0.189026832581 0.335216999054
1177 1785749572.123813391 0.450654983521 0.081325531006 0.187170028687 -1.936363220215 -1.358243942261 -0.189059734344 0.335206031799
1178 1785749572.157159567 0.450654983521 0.081301212311 0.187122344971 -1.936363220215 -1.358267784119 -0.189058303833 0.335226058960
1179 1785749572.190609217 0.450654983521 0.081325531006 0.187146186829 -1.936339378357 -1.358267784119 -0.189023017883 0.335235118866
1180 1785749572.223817110 0.450630664825 0.081325531006 0.187146186829 -1.936363220215 -1.358267784119 -0.189023017883 0.335239887238
1181 1785749572.257160664 0.450654983521 0.081301212311 0.187146186829 -1.936363220215 -1.358243942261 -0.189037322998 0.335236072540
1182 1785749572.290661335 0.450654983521 0.081301212311 0.187170028687 -1.936363220215 -1.358243942261 -0.189040184021 0.335232734680
1183 1785749572.323818922 0.450679302216 0.081325531006 0.187146186829 -1.936339378357 -1.358243942261 -0.189055919647 0.335200786591
1184 1785749572.373813152 0.450654983521 0.081301212311 0.187170028687 -1.936363220215 -1.358243942261 -0.188998222351 0.335238933563
1185 1785749572.407213449 0.450654983521 0.081325531006 0.187146186829 -1.936363220215 -1.358243942261 -0.188972949982 0.335220813751
1186 1785749572.440583229 0.450630664825 0.081325531006 0.187146186829 -1.936363220215 -1.358243942261 -0.188997745514 0.335215091705
1187 1785749572.473834991 0.450654983521 0.081348419189 0.187122344971 -1.936339378357 -1.358243942261 -0.188986301422 0.335195541382
1188 1785749572.507214546 0.450654983521 0.081348419189 0.187170028687 -1.936339378357 -1.358243942261 -0.188979625702 0.335226058960
1189 1785749572.540677547 0.450654983521 0.081492900848 0.187146186829 -1.936363220215 -1.358243942261 -0.188982486725 0.335236072540
1190 1785749572.573831081 0.450679302216 0.081732749939 0.187170028687 -1.936339378357 -1.358220100403 -0.188965320587 0.335237503052
1191 1785749572.607403755 0.450654983521 0.081804275513 0.187193393707 -1.936339378357 -1.358243942261 -0.189009666443 0.335223197937
1192 1785749572.640570402 0.450679302216 0.081804275513 0.187170028687 -1.936339378357 -1.358243942261 -0.188995361328 0.335198402405
1193 1785749572.673832655 0.450679302216 0.081780433655 0.187193393707 -1.936339378357 -1.358220100403 -0.188966751099 0.335238933563
1194 1785749572.707163095 0.450654983521 0.081804275513 0.187170028687 -1.936339378357 -1.358220100403 -0.189005851746 0.335218906403
1195 1785749572.740750074 0.450654983521 0.081804275513 0.187218189240 -1.936339378357 -1.358243942261 -0.189009666443 0.335206985474
1196 1785749572.773848534 0.450630664825 0.081804275513 0.187193393707 -1.936363220215 -1.358124256134 -0.188970565796 0.335198402405
1197 1785749572.807176352 0.450654983521 0.081804275513 0.187218189240 -1.936339378357 -1.357429027557 -0.188988685608 0.335213661194
1198 1785749572.840653658 0.450679302216 0.081828594208 0.187505245209 -1.936171531677 -1.356949806213 -0.188986301422 0.335205078125
1199 1785749572.873847723 0.450679302216 0.081924438477 0.187649250031 -1.935812473297 -1.356686115265 -0.188981056213 0.335239887238
1200 1785749572.907259941 0.450654983521 0.082571983337 0.187601089478 -1.935428142548 -1.356470584869 -0.188993930817 0.335218906403
1201 1785749572.940767765 0.450654983521 0.083410263062 0.187649250031 -1.935261249542 -1.356374740601 -0.188996791840 0.335224628448
1202 1785749572.973833799 0.450654983521 0.084417343140 0.187625408173 -1.935165405273 -1.356278896332 -0.188978195190 0.335228443146
1203 1785749573.007169485 0.450654983521 0.084872245789 0.187745094299 -1.935116767883 -1.356206893921 -0.188993930817 0.335200786591
1204 1785749573.040770531 0.450654983521 0.084992408752 0.187840938568 -1.935092926025 -1.356158256531 -0.188974380493 0.335222244263
1205 1785749573.073859930 0.450654983521 0.085016250610 0.188200950623 -1.935069084167 -1.356135368347 -0.188990116119 0.335224151611
1206 1785749573.107208252 0.450654983521 0.085063934326 0.189183235168 -1.935069084167 -1.356111049652 -0.189002037048 0.335228443146
1207 1785749573.140699387 0.450654983521 0.085159778595 0.189830780029 -1.935069084167 -1.356062412262 -0.188946723938 0.335210323334
1208 1785749573.173824072 0.450679302216 0.085183620453 0.190142154694 -1.935069084167 -1.356062412262 -0.188951015472 0.335220813751
1209 1785749573.207181454 0.450654983521 0.085183620453 0.190597534180 -1.935044765472 -1.356062412262 -0.188932418823 0.335203170776
1210 1785749573.240518808 0.450654983521 0.085207939148 0.190980434418 -1.935020923615 -1.356015205383 -0.188951969147 0.335464477539
1211 1785749573.273836136 0.450679302216 0.085207939148 0.191052436829 -1.935020923615 -1.356015205383 -0.188957214355 0.335991382599
1212 1785749573.307176590 0.450679302216 0.085183620453 0.191052436829 -1.935020923615 -1.356015205383 -0.188954830170 0.336437702179
1213 1785749573.340680599 0.450679302216 0.085207939148 0.191076278687 -1.935020923615 -1.355990886688 -0.188951015472 0.336673259735
1214 1785749573.373831511 0.450679302216 0.085207939148 0.191076278687 -1.935020923615 -1.355990886688 -0.188948154449 0.336674690247
1215 1785749573.407170057 0.450654983521 0.085207939148 0.191124439240 -1.935020923615 -1.355990886688 -0.188957214355 0.336770057678
1216 1785749573.440738678 0.450654983521 0.085207939148 0.191076278687 -1.934997081757 -1.355990886688 -0.188932418823 0.336833000183
1217 1785749573.473825455 0.450654983521 0.085207939148 0.191076278687 -1.934997081757 -1.355990886688 -0.188958644867 0.336834907532
1218 1785749573.507159948 0.450679302216 0.085207939148 0.191076278687 -1.934997081757 -1.355990886688 -0.188932418823 0.336833000183
1219 1785749573.540738344 0.450679302216 0.085207939148 0.191052436829 -1.935020923615 -1.355990886688 -0.188936233521 0.336862564087
1220 1785749573.573835611 0.450654983521 0.085207939148 0.191052436829 -1.934997081757 -1.355990886688 -0.188951015472 0.336831092834
1221 1785749573.607181072 0.450679302216 0.085207939148 0.191052436829 -1.935020923615 -1.355990886688 -0.188957214355 0.336858272552
1222 1785749573.640641689 0.450679302216 0.085183620453 0.191028594971 -1.934997081757 -1.355990886688 -0.188919067383 0.336826801300
1223 1785749573.673795938 0.450679302216 0.085207939148 0.191076278687 -1.934997081757 -1.355966567993 -0.188919067383 0.336859703064
1224 1785749573.723820686 0.450679302216 0.085207939148 0.191028594971 -1.934997081757 -1.355990886688 -0.188941478729 0.336916446686
1225 1785749573.757148504 0.450679302216 0.085207939148 0.191052436829 -1.935020923615 -1.355966567993 -0.188923358917 0.336879730225
1226 1785749573.790557861 0.450702190399 0.085231781006 0.191052436829 -1.935020923615 -1.355990886688 -0.188928604126 0.336913108826
1227 1785749573.823829174 0.450654983521 0.085207939148 0.191076278687 -1.934997081757 -1.355990886688 -0.188945770264 0.336894035339
1228 1785749573.857151985 0.450679302216 0.085231781006 0.191076278687 -1.935020923615 -1.355990886688 -0.188930034637 0.336897373199
1229 1785749573.890573978 0.450679302216 0.085207939148 0.191076278687 -1.934997081757 -1.355990886688 -0.188925743103 0.336898803711
1230 1785749573.923815727 0.450679302216 0.085207939148 0.191076278687 -1.934997081757 -1.355990886688 -0.188937664032 0.336918830872
1231 1785749573.957170010 0.450679302216 0.085207939148 0.191076278687 -1.935020923615 -1.355990886688 -0.188925743103 0.336907863617
1232 1785749573.990543842 0.450679302216 0.085207939148 0.191076278687 -1.935020923615 -1.355990886688 -0.188927173615 0.336884498596
1233 1785749574.023797274 0.450654983521 0.085207939148 0.191076278687 -1.935020923615 -1.355966567993 -0.188919067383 0.336872577667
1234 1785749574.057147980 0.450654983521 0.085207939148 0.191076278687 -1.934997081757 -1.355990886688 -0.188934803009 0.336897373199
1235 1785749574.090515614 0.450679302216 0.085183620453 0.191076278687 -1.934997081757 -1.355966567993 -0.188932418823 0.336894989014
1236 1785749574.123809814 0.450702190399 0.085183620453 0.191076278687 -1.934997081757 -1.355990886688 -0.188928604126 0.336904048920
1237 1785749574.157176971 0.450702190399 0.085207939148 0.191052436829 -1.935020923615 -1.355966567993 -0.188954830170 0.336905956268
1238 1785749574.190487623 0.450679302216 0.085231781006 0.191076278687 -1.934973716736 -1.355990886688 -0.188956260681 0.336898803711
1239 1785749574.223807573 0.450679302216 0.085231781006 0.191076278687 -1.934997081757 -1.355990886688 -0.188936233521 0.337039947510
1240 1785749574.257154226 0.450679302216 0.085207939148 0.191076278687 -1.934997081757 -1.355966567993 -0.188956260681 0.337019920349
1241 1785749574.290552139 0.450679302216 0.085183620453 0.191076278687 -1.935020923615 -1.355966567993 -0.188942909241 0.337022304535
1242 1785749574.323810101 0.450679302216 0.085207939148 0.191076278687 -1.935020923615 -1.355966567993 -0.188954830170 0.337057590485
1243 1785749574.357242107 0.450679302216 0.085207939148 0.191076278687 -1.935020923615 -1.355966567993 -0.188925743103 0.337017536163
1244 1785749574.390555143 0.450679302216 0.085207939148 0.191076278687 -1.934997081757 -1.355966567993 -0.188932418823 0.337056636810
1245 1785749574.423835039 0.450679302216 0.085207939148 0.191076278687 -1.935020923615 -1.355990886688 -0.188928604126 0.337019920349
1246 1785749574.457177401 0.450702190399 0.085231781006 0.191100597382 -1.934997081757 -1.355966567993 -0.188929557800 0.337062835693
1247 1785749574.490709543 0.450702190399 0.085183620453 0.191124439240 -1.934997081757 -1.355990886688 -0.188936233521 0.337038516998
1248 1785749574.523828506 0.450679302216 0.085207939148 0.191124439240 -1.935044765472 -1.355966567993 -0.188923358917 0.337036609650
1249 1785749574.557154655 0.450679302216 0.085207939148 0.191100597382 -1.935020923615 -1.355966567993 -0.188963890076 0.337092399597
1250 1785749574.590709448 0.450702190399 0.085183620453 0.191100597382 -1.935020923615 -1.355990886688 -0.188953876495 0.337088108063
1251 1785749574.623831034 0.450679302216 0.085207939148 0.191124439240 -1.934997081757 -1.355966567993 -0.188946723938 0.337099075317
1252 1785749574.657179594 0.450702190399 0.085231781006 0.191100597382 -1.934997081757 -1.355966567993 -0.188950538635 0.337207794189
1253 1785749574.690586567 0.450726509094 0.085207939148 0.191124439240 -1.935020923615 -1.355966567993 -0.188939094543 0.337242126465
1254 1785749574.723836660 0.450702190399 0.085207939148 0.191124439240 -1.934997081757 -1.355966567993 -0.188954830170 0.337313175201
1255 1785749574.757160425 0.450702190399 0.085207939148 0.191148281097 -1.934997081757 -1.355943679810 -0.188920497894 0.337321758270
1256 1785749574.790554762 0.450702190399 0.085183620453 0.191124439240 -1.934997081757 -1.355966567993 -0.188962459564 0.337336063385
1257 1785749574.823817968 0.450679302216 0.085183620453 0.191148281097 -1.935020923615 -1.355966567993 -0.188962459564 0.337368965149
1258 1785749574.857194662 0.450702190399 0.085183620453 0.191124439240 -1.935020923615 -1.355966567993 -0.188954830170 0.337356090546
1259 1785749574.890557766 0.450726509094 0.085207939148 0.191100597382 -1.934997081757 -1.355966567993 -0.188924312592 0.337375640869
1260 1785749574.923832417 0.450702190399 0.085183620453 0.191100597382 -1.934997081757 -1.355966567993 -0.188961029053 0.337357521057
1261 1785749574.957156181 0.450726509094 0.085207939148 0.191076278687 -1.935020923615 -1.355966567993 -0.188953399658 0.337393283844
1262 1785749574.990591526 0.450702190399 0.085207939148 0.191052436829 -1.934997081757 -1.355966567993 -0.188938140869 0.337399482727
1263 1785749575.023826838 0.450702190399 0.085207939148 0.190956592560 -1.934997081757 -1.355943679810 -0.188953399658 0.337362289429
1264 1785749575.057145596 0.450679302216 0.085183620453 0.190908908844 -1.934997081757 -1.355943679810 -0.188960075378 0.337363719940
1265 1785749575.090567112 0.450679302216 0.085207939148 0.190908908844 -1.934973716736 -1.355966567993 -0.188921928406 0.337365150452
1266 1785749575.123817682 0.450702190399 0.085207939148 0.190884590149 -1.934901237488 -1.355943679810 -0.188962459564 0.337379932404
1267 1785749575.157168150 0.450702190399 0.085207939148 0.190884590149 -1.934637546539 -1.355943679810 -0.188961029053 0.337386608124
1268 1785749575.190621376 0.450702190399 0.085183620453 0.190884590149 -1.933558940887 -1.355943679810 -0.188921928406 0.337517261505
1269 1785749575.223823786 0.450726509094 0.085183620453 0.190836906433 -1.932096958160 -1.355966567993 -0.188941478729 0.337727546692
1270 1785749575.257157087 0.450702190399 0.085207939148 0.190860748291 -1.930395126343 -1.355943679810 -0.188954830170 0.337726593018
1271 1785749575.290606737 0.450702190399 0.085207939148 0.190860748291 -1.929220676422 -1.355943679810 -0.188946723938 0.337793350220
1272 1785749575.323833942 0.450702190399 0.085207939148 0.190836906433 -1.928381443024 -1.355966567993 -0.188918113708 0.337807655334
1273 1785749575.373819828 0.450702190399 0.085207939148 0.190884590149 -1.927686691284 -1.355943679810 -0.188932418823 0.338136672974
1274 1785749575.407174349 0.450702190399 0.085207939148 0.190836906433 -1.927446842194 -1.355966567993 -0.188951969147 0.338710308075
1275 1785749575.440641165 0.450702190399 0.085207939148 0.190860748291 -1.927183628082 -1.355943679810 -0.188956260681 0.339298725128
1276 1785749575.473798513 0.450702190399 0.085303783417 0.190860748291 -1.926776409149 -1.355943679810 -0.188923358917 0.339800357819
1277 1785749575.507137060 0.450702190399 0.085662841797 0.190836906433 -1.926248550415 -1.355943679810 -0.188957214355 0.340189456940
1278 1785749575.540562868 0.450702190399 0.086286544800 0.190813064575 -1.925817489624 -1.355943679810 -0.188962459564 0.340427875519
1279 1785749575.573805094 0.450702190399 0.086813449860 0.190813064575 -1.925625801086 -1.355966567993 -0.188923358917 0.340711593628
1280 1785749575.607147217 0.450702190399 0.087293624878 0.190836906433 -1.925074577332 -1.355943679810 -0.188957214355 0.341958522797
1281 1785749575.640549183 0.450679302216 0.087844371796 0.190860748291 -1.923995971680 -1.355966567993 -0.188949584961 0.342648983002
1282 1785749575.673886061 0.450679302216 0.088203907013 0.190860748291 -1.923300266266 -1.355943679810 -0.188920497894 0.343595027924
1283 1785749575.707140684 0.450702190399 0.088275909424 0.190836906433 -1.921934127808 -1.355943679810 -0.188958644867 0.344460010529
1284 1785749575.740720034 0.450702190399 0.088299751282 0.190836906433 -1.920591831207 -1.355943679810 -0.188942909241 0.344954013824
1285 1785749575.773805857 0.450702190399 0.088299751282 0.190860748291 -1.919681549072 -1.355943679810 -0.188923358917 0.344930171967
1286 1785749575.807218075 0.450726509094 0.088347434998 0.190860748291 -1.918458938599 -1.355943679810 -0.188937664032 0.345470428467
1287 1785749575.840610743 0.450726509094 0.088347434998 0.190836906433 -1.917740345001 -1.355966567993 -0.188946723938 0.346324920654
1288 1785749575.873805046 0.450726509094 0.088371753693 0.190813064575 -1.917020797729 -1.355943679810 -0.188957214355 0.347311496735
1289 1785749575.907194376 0.450702190399 0.088419437408 0.190836906433 -1.916398048401 -1.355943679810 -0.188923358917 0.347750663757
1290 1785749575.940608263 0.450702190399 0.088731765747 0.190813064575 -1.915966033936 -1.355943679810 -0.188921928406 0.348295688629
1291 1785749575.973823547 0.450726509094 0.088994979858 0.190669059753 -1.915630817413 -1.355943679810 -0.188953876495 0.348358631134
1292 1785749576.007141113 0.450702190399 0.089306354523 0.190333843231 -1.915390968323 -1.355943679810 -0.188921928406 0.348425388336
1293 1785749576.040661097 0.450702190399 0.089714050293 0.189901828766 -1.915223121643 -1.355943679810 -0.188924312592 0.348633289337
1294 1785749576.073816299 0.450702190399 0.090265750885 0.188823223114 -1.915151596069 -1.355943679810 -0.188934803009 0.348717212677
1295 1785749576.107150555 0.450726509094 0.090768814087 0.187864780426 -1.915127277374 -1.355943679810 -0.188946723938 0.348781585693
1296 1785749576.140630960 0.450702190399 0.091104030609 0.187409877777 -1.915103435516 -1.355943679810 -0.188948154449 0.348838806152
1297 1785749576.173799276 0.450726509094 0.091679096222 0.186618328094 -1.915103435516 -1.355943679810 -0.188918113708 0.348861217499
1298 1785749576.207145691 0.450702190399 0.092182636261 0.186211109161 -1.915103435516 -1.355943679810 -0.188958644867 0.348886489868
1299 1785749576.240604639 0.450702190399 0.092302799225 0.186139106750 -1.915079593658 -1.355966567993 -0.188921928406 0.348932743073
1300 1785749576.273827314 0.450726509094 0.092326641083 0.186115264893 -1.915079593658 -1.355943679810 -0.188920497894 0.348908901215
1301 1785749576.307167292 0.450702190399 0.092326641083 0.186115264893 -1.915055751801 -1.355966567993 -0.188948154449 0.348987579346
1302 1785749576.340591669 0.450702190399 0.092326641083 0.186091423035 -1.915031909943 -1.355966567993 -0.188921928406 0.348957061768
1303 1785749576.373829842 0.450726509094 0.092350482941 0.186019420624 -1.915031909943 -1.355966567993 -0.188958644867 0.349086284637
1304 1785749576.407173634 0.450702190399 0.092350482941 0.185947418213 -1.915055751801 -1.355990886688 -0.188916683197 0.349145412445
1305 1785749576.440520525 0.450726509094 0.092350482941 0.185851573944 -1.915055751801 -1.355990886688 -0.188948154449 0.349334239960
1306 1785749576.473824739 0.450726509094 0.092350482941 0.185803890228 -1.915007114410 -1.356015205383 -0.188923358917 0.349343776703
1307 1785749576.507157326 0.450702190399 0.092374324799 0.185803890228 -1.915007114410 -1.355990886688 -0.188945770264 0.349374771118
1308 1785749576.540657043 0.450726509094 0.092374324799 0.185803890228 -1.915031909943 -1.355990886688 -0.188945770264 0.349356174469
1309 1785749576.573854685 0.450726509094 0.092374324799 0.185803890228 -1.915031909943 -1.355990886688 -0.188925743103 0.349381923676
1310 1785749576.607126951 0.450702190399 0.092350482941 0.185755252838 -1.915031909943 -1.355990886688 -0.188962459564 0.349664211273
1311 1785749576.640594482 0.450702190399 0.092374324799 0.185708045959 -1.915031909943 -1.355990886688 -0.188937664032 0.350206375122
1312 1785749576.673808813 0.450726509094 0.092350482941 0.185708045959 -1.915031909943 -1.356015205383 -0.188933849335 0.350458621979
1313 1785749576.707154751 0.450702190399 0.092350482941 0.185708045959 -1.915031909943 -1.355990886688 -0.188950538635 0.351098537445
1314 1785749576.740606546 0.450702190399 0.092350482941 0.185731887817 -1.915031909943 -1.356015205383 -0.188948154449 0.351453781128
1315 1785749576.773810625 0.450702190399 0.092350482941 0.185731887817 -1.915007114410 -1.355990886688 -0.188930034637 0.351796627045
1316 1785749576.807160854 0.450726509094 0.092350482941 0.185780048370 -1.915007114410 -1.355990886688 -0.188948154449 0.352018833160
1317 1785749576.840701342 0.450726509094 0.092374324799 0.185875892639 -1.915007114410 -1.356015205383 -0.188957214355 0.352336883545
1318 1785749576.873839617 0.450702190399 0.092350482941 0.185851573944 -1.915007114410 -1.356015205383 -0.188925743103 0.352765083313
1319 1785749576.907291412 0.450702190399 0.092350482941 0.185851573944 -1.915007114410 -1.356039524078 -0.188938140869 0.353158473969
1320 1785749576.957170010 0.450726509094 0.092374324799 0.185875892639 -1.915007114410 -1.356015205383 -0.188932418823 0.353565692902
1321 1785749576.990595579 0.450702190399 0.092374324799 0.185947418213 -1.915007114410 -1.356015205383 -0.188958644867 0.353708267212
1322 1785749577.023823977 0.450726509094 0.092350482941 0.186019420624 -1.915031909943 -1.356015205383 -0.188961505890 0.353752613068
1323 1785749577.057150602 0.450726509094 0.092350482941 0.186258792877 -1.915031909943 -1.356062412262 -0.188923358917 0.353759288788
1324 1785749577.090719223 0.450702190399 0.092374324799 0.186402797699 -1.915055751801 -1.356111049652 -0.188942909241 0.353748321533
1325 1785749577.123834133 0.450702190399 0.092374324799 0.186402797699 -1.915007114410 -1.356182098389 -0.188925743103 0.353752613068
1326 1785749577.157175303 0.450726509094 0.092374324799 0.186426639557 -1.915031909943 -1.356278896332 -0.188927173615 0.353786468506
1327 1785749577.190677404 0.450726509094 0.092374324799 0.186450481415 -1.915055751801 -1.356470584869 -0.188920497894 0.353773117065
1328 1785749577.223903894 0.450726509094 0.092374324799 0.186426639557 -1.915055751801 -1.357285976410 -0.188929557800 0.353793144226
1329 1785749577.257140160 0.450702190399 0.092374324799 0.186402797699 -1.915151596069 -1.358411788940 -0.188958644867 0.353754043579
1330 1785749577.290701628 0.450702190399 0.092350482941 0.186378955841 -1.915390968323 -1.359658241272 -0.188939094543 0.353786468506
1331 1785749577.323851824 0.450702190399 0.092374324799 0.186378955841 -1.915558815002 -1.360377788544 -0.188932418823 0.353783130646
1332 1785749577.357176065 0.450726509094 0.092374324799 0.186306953430 -1.915582656860 -1.361671924591 -0.188933849335 0.353768348694
1333 1785749577.390598297 0.450702190399 0.092350482941 0.186234951019 -1.915630817413 -1.364020347595 -0.188941478729 0.353838920593
1334 1785749577.423854113 0.450702190399 0.092350482941 0.186067581177 -1.915630817413 -1.366010189056 -0.188920497894 0.353861808777
1335 1785749577.457160473 0.450726509094 0.092374324799 0.185492515564 -1.915798187256 -1.368598461151 -0.188962459564 0.353852272034
1336 1785749577.490540981 0.450726509094 0.092374324799 0.183765888214 -1.916805267334 -1.370587348938 -0.188923358917 0.354027271271
1337 1785749577.523842335 0.450726509094 0.092350482941 0.181537151337 -1.918554782867 -1.372457504272 -0.188954830170 0.354059696198
1338 1785749577.557151794 0.450750827789 0.092326641083 0.178685188293 -1.921239376068 -1.374854564667 -0.188918113708 0.354073047638
1339 1785749577.590567589 0.450750827789 0.092086791992 0.176144123077 -1.923563957214 -1.377466678619 -0.188924312592 0.354036331177
1340 1785749577.623838663 0.450750827789 0.091583251953 0.173676013947 -1.925434112549 -1.380031585693 -0.188929557800 0.354225635529
1341 1785749577.657153845 0.450750827789 0.090912342072 0.171159267426 -1.926847934723 -1.382788181305 -0.188924312592 0.354336738586
1342 1785749577.690553427 0.450726509094 0.088970661163 0.168953418732 -1.927734375000 -1.386215209961 -0.188944339752 0.354329109192
1343 1785749577.723859549 0.450750827789 0.087173938751 0.166365623474 -1.928789138794 -1.389929771423 -0.188921928406 0.354355335236
1344 1785749577.757149458 0.450775146484 0.085279464722 0.162650108337 -1.929915904999 -1.393405914307 -0.188963890076 0.354368209839
1345 1785749577.790554047 0.450750827789 0.083122730255 0.158695220947 -1.931330204010 -1.397480964661 -0.188958644867 0.354455471039
1346 1785749577.823810816 0.450726509094 0.080101966858 0.154644966125 -1.933079719543 -1.401267528534 -0.188932418823 0.354455471039
1347 1785749577.857130527 0.450775146484 0.077633857727 0.150330543518 -1.935020923615 -1.404335021973 -0.188953876495 0.354425907135
1348 1785749577.890533686 0.450750827789 0.075380325317 0.146615028381 -1.936963081360 -1.407498836517 -0.188934803009 0.354486465454
1349 1785749577.923831701 0.450750827789 0.073702812195 0.143355369568 -1.938688755035 -1.409560680389 -0.188921928406 0.354495525360
1350 1785749577.957171679 0.450798034668 0.072216510773 0.137842655182 -1.940653800964 -1.410376071930 -0.188861370087 0.354486465454
1351 1785749577.990625858 0.450798034668 0.069868087769 0.132426261902 -1.942786693573 -1.410590648651 -0.188598632812 0.354819297791
1352 1785749578.023794651 0.450798034668 0.063180923462 0.128902435303 -1.945902347565 -1.412868022919 -0.188179016113 0.355863094330
1353 1785749578.057152271 0.450798034668 0.055319309235 0.125714778900 -1.950240612030 -1.416127681732 -0.188174247742 0.355910778046
1354 1785749578.090518236 0.450775146484 0.049878120422 0.122071266174 -1.954531192780 -1.420754432678 -0.188161373138 0.349841594696
1355 1785749578.123820066 0.450798034668 0.047337532043 0.118835449219 -1.957983016968 -1.423198699951 -0.188186168671 0.343660354614
1356 1785749578.157170534 0.450798034668 0.045948028564 0.116295337677 -1.960547924042 -1.426074981689 -0.188194274902 0.338526725769
1357 1785749578.190567732 0.451661109924 0.045300483704 0.112963199615 -1.963279724121 -1.427105903625 -0.187994956970 0.336365699768
1358 1785749578.223804951 0.453986644745 0.045300483704 0.108841419220 -1.966179847717 -1.427369117737 -0.186012744904 0.335278511047
1359 1785749578.257149458 0.458923816681 0.045204639435 0.099876403809 -1.969511985779 -1.427417278290 -0.180549144745 0.333124637604
1360 1785749578.290672779 0.463621616364 0.044628620148 0.092327117920 -1.971932411194 -1.427584648132 -0.172847270966 0.330715179443
1361 1785749578.323852301 0.468942642212 0.043383121490 0.085591793060 -1.973705768585 -1.428448200226 -0.171289443970 0.328509330750
1362 1785749578.357153654 0.474478721619 0.041944980621 0.080030918121 -1.974832534790 -1.429766178131 -0.170782566071 0.327628135681
1363 1785749578.390612841 0.478506088257 0.041656970978 0.077010631561 -1.975456237793 -1.430892467499 -0.170042991638 0.327183723450
1364 1785749578.423843861 0.482724189758 0.041681289673 0.075333118439 -1.975695133209 -1.431923389435 -0.169427394867 0.326863288879
1365 1785749578.457158327 0.486439704895 0.041681289673 0.074421882629 -1.975719928741 -1.432882308960 -0.168222904205 0.326900005341
1366 1785749578.490606070 0.489411830902 0.041705608368 0.073799133301 -1.975719928741 -1.434247493744 -0.167526721954 0.326638698578
1367 1785749578.523845434 0.491592884064 0.041705608368 0.073463916779 -1.975791454315 -1.436069965363 -0.167056560516 0.326450824738
1368 1785749578.557169676 0.493917942047 0.041705608368 0.072193145752 -1.975839614868 -1.437891483307 -0.166633605957 0.326344966888
1369 1785749578.607171059 0.497920036316 0.041705608368 0.070443153381 -1.976222991943 -1.440695762634 -0.166540622711 0.326232910156
1370 1785749578.640650511 0.501803398132 0.041705608368 0.069556713104 -1.977086067200 -1.442469120026 -0.166407585144 0.326127529144
1371 1785749578.673837423 0.506093978882 0.041705608368 0.068789958954 -1.977589130402 -1.445201873779 -0.165446281433 0.326086997986
1372 1785749578.707262278 0.510168552399 0.041849136353 0.068070411682 -1.977612972260 -1.447071075439 -0.163219928741 0.326101779938
1373 1785749578.740604639 0.513260364532 0.041992664337 0.067759037018 -1.977636814117 -1.448342323303 -0.160760402679 0.325467586517
1374 1785749578.773926497 0.516448020935 0.042280197144 0.067543506622 -1.977636814117 -1.449228763580 -0.157577991486 0.323822498322
1375 1785749578.807152271 0.518173694611 0.043023586273 0.067255496979 -1.977612972260 -1.449803352356 -0.154106140137 0.321140766144
1376 1785749578.840516329 0.519108772278 0.044509887695 0.065769195557 -1.977565288544 -1.450043201447 -0.150410652161 0.318261623383
1377 1785749578.873823643 0.519204616547 0.045492172241 0.064594745636 -1.977565288544 -1.450210571289 -0.144277095795 0.317133903503
1378 1785749578.907255411 0.519204616547 0.045828342438 0.064139366150 -1.977517127991 -1.450283527374 -0.140334129333 0.316926002502
1379 1785749578.940583944 0.519180774689 0.046258449554 0.063755989075 -1.977253437042 -1.450306415558 -0.136708259583 0.316605567932
1380 1785749578.973810911 0.519228458405 0.047649383545 0.063132762909 -1.976798534393 -1.450283527374 -0.132440567017 0.316492557526
1381 1785749579.007234573 0.519348144531 0.049710750580 0.062653541565 -1.976222991943 -1.450283527374 -0.127456188202 0.316353321075
1382 1785749579.040615082 0.520259380341 0.051796436310 0.062653541565 -1.975432395935 -1.450283527374 -0.123437404633 0.316299438477
1383 1785749579.073792696 0.523950099945 0.054839611053 0.062677383423 -1.975143909454 -1.450283527374 -0.119772911072 0.316215991974
1384 1785749579.107227325 0.528456211090 0.058483123779 0.062150478363 -1.974832534790 -1.450306415558 -0.115504264832 0.316208839417
1385 1785749579.140634775 0.533657550812 0.062964916229 0.059489727020 -1.974305629730 -1.450306415558 -0.108180046082 0.315876960754
1386 1785749579.173834801 0.537564277649 0.065793514252 0.054648399353 -1.973370552063 -1.450306415558 -0.101940155029 0.315213203430
1387 1785749579.207183838 0.539338588715 0.066417217255 0.051388740540 -1.972556114197 -1.450283527374 -0.097085475922 0.313740253448
1388 1785749579.240672827 0.539721488953 0.066440105438 0.048177242279 -1.972484111786 -1.450283527374 -0.093822002411 0.312297821045
1389 1785749579.273838520 0.539721488953 0.066464424133 0.043671131134 -1.972532272339 -1.450306415558 -0.089911937714 0.310096263885
1390 1785749579.307156086 0.539721488953 0.066440105438 0.037199020386 -1.972411632538 -1.450283527374 -0.082888126373 0.307696819305
1391 1785749579.340633869 0.539673805237 0.066440105438 0.031614303589 -1.971981048584 -1.450283527374 -0.076408863068 0.305569648743
1392 1785749579.373826504 0.539721488953 0.066440105438 0.026437759399 -1.971045970917 -1.450306415558 -0.070247650146 0.303606033325
1393 1785749579.407171249 0.539721488953 0.066727638245 0.020397663116 -1.970470428467 -1.450306415558 -0.062187671661 0.301561832428
1394 1785749579.440590858 0.539721488953 0.067998409271 0.012846946716 -1.970278739929 -1.450283527374 -0.051588058472 0.300959587097
1395 1785749579.473935843 0.539697647095 0.069988250732 0.006016254425 -1.969871520996 -1.450210571289 -0.040885448456 0.300463199615
1396 1785749579.507174492 0.539745807648 0.072528362274 0.000551223755 -1.969464302063 -1.448868274689 -0.035212993622 0.298810958862
1397 1785749579.540536642 0.539745807648 0.074253559113 -0.003547668457 -1.968960285187 -1.446087837219 -0.030614852905 0.295400142670
1398 1785749579.573830843 0.539673805237 0.075428485870 -0.006663322449 -1.968193531036 -1.443523883820 -0.026810169220 0.291970729828
1399 1785749579.607166290 0.539721488953 0.076267719269 -0.008316993713 -1.965820312500 -1.442277431488 -0.024938106537 0.290511131287
1400 1785749579.640595675 0.539697647095 0.077274322510 -0.008843898773 -1.962992191315 -1.440743446350 -0.021557331085 0.289150238037
1401 1785749579.673901320 0.539721488953 0.077681541443 -0.010330200195 -1.960092067719 -1.439281463623 -0.017910003662 0.287753582001
1402 1785749579.707154274 0.539721488953 0.078280448914 -0.012583732605 -1.958438396454 -1.438082695007 -0.013880729675 0.283892154694
1403 1785749579.740601778 0.539721488953 0.079718589783 -0.016130447388 -1.956832408905 -1.436285495758 -0.011026382446 0.279200553894
1404 1785749579.773869276 0.539721488953 0.081876277924 -0.021044731140 -1.955801486969 -1.433959960938 -0.006222724915 0.274559974670
1405 1785749579.807165861 0.539721488953 0.084824562073 -0.029025554657 -1.954795360565 -1.431348323822 0.001291751862 0.270566463470
1406 1785749579.840528727 0.539745807648 0.087412357330 -0.037150859833 -1.952973365784 -1.428735256195 0.011139392853 0.265964984894
1407 1785749579.873908997 0.539697647095 0.089905261993 -0.045276165009 -1.949569702148 -1.426553726196 0.017275810242 0.261981964111
1408 1785749579.907180071 0.539577960968 0.090720653534 -0.049638748169 -1.946837425232 -1.425643444061 0.019483089447 0.259683132172
1409 1785749579.940527439 0.538666725159 0.091535091400 -0.053065776825 -1.943290233612 -1.424852371216 0.022002220154 0.258066654205
1410 1785749579.973812580 0.536509990692 0.092829704285 -0.056733608246 -1.940342426300 -1.424349308014 0.030178070068 0.256025791168
1411 1785749580.007174969 0.533226013184 0.093046188354 -0.061551094055 -1.937801361084 -1.424013614655 0.039079189301 0.255555152893
1412 1785749580.040576220 0.530997276306 0.093117237091 -0.067998409271 -1.936842441559 -1.423749446869 0.049226284027 0.255518436432
1413 1785749580.073892117 0.529510974884 0.093284606934 -0.073319435120 -1.935380458832 -1.423630714417 0.054527282715 0.255506515503
1414 1785749580.123818398 0.529103755951 0.094843387604 -0.080030441284 -1.933247566223 -1.423557758331 0.061807155609 0.255503177643
1415 1785749580.157142639 0.529103755951 0.096808433533 -0.083601951599 -1.931210517883 -1.423510074615 0.064624309540 0.255424976349
1416 1785749580.190595627 0.529078960419 0.097455501556 -0.085375308990 -1.929915904999 -1.423461914062 0.069135189056 0.255226612091
1417 1785749580.223805904 0.529078960419 0.097599029541 -0.086646080017 -1.929100990295 -1.423414230347 0.073470592499 0.255067825317
1418 1785749580.257152081 0.529078960419 0.097911357880 -0.087532997131 -1.928717613220 -1.423366069794 0.076385021210 0.254926204681
1419 1785749580.290540695 0.528983116150 0.098941326141 -0.087940216064 -1.928430080414 -1.423342227936 0.078014850616 0.254831790924
1420 1785749580.323820591 0.528336524963 0.100882530212 -0.088203907013 -1.928070068359 -1.423318386078 0.079866409302 0.254845142365
1421 1785749580.357137442 0.527233600616 0.102106094360 -0.088658809662 -1.927830219269 -1.423318386078 0.081820964813 0.254805088043
1422 1785749580.390610456 0.526491165161 0.102705001831 -0.088827610016 -1.927830219269 -1.423294544220 0.083207607269 0.254807949066
1423 1785749580.423818827 0.526059627533 0.103375434875 -0.089282512665 -1.927759170532 -1.423247337341 0.084474086761 0.254846096039
1424 1785749580.457202911 0.525964260101 0.103975296021 -0.089546203613 -1.927686691284 -1.423247337341 0.085972785950 0.254822731018
1425 1785749580.490581036 0.525915145874 0.104143142700 -0.089737892151 -1.927614688873 -1.423222541809 0.086709499359 0.254724979401
1426 1785749580.523818493 0.525915145874 0.104334831238 -0.089857578278 -1.927590847015 -1.423198699951 0.087354660034 0.254520416260
1427 1785749580.557156801 0.525868415833 0.104909420013 -0.089978218079 -1.927567481995 -1.423174381256 0.087575912476 0.254371643066
1428 1785749580.590545893 0.525844097137 0.105988502502 -0.090145111084 -1.927567481995 -1.423174381256 0.087563514709 0.253415584564
1429 1785749580.623800993 0.525819778442 0.107162952423 -0.090169906616 -1.927542686462 -1.423126697540 0.087544441223 0.252532958984
1430 1785749580.657129288 0.525795459747 0.108840465546 -0.090074062347 -1.927518844604 -1.423102855682 0.087553501129 0.251574039459
1431 1785749580.690468550 0.525795459747 0.110015392303 -0.090049266815 -1.927423000336 -1.423054695129 0.087944984436 0.251358032227
