# source=dataset_raw/tienyi_prod2_dualArm-gripper-3cameras_394_back-handle-installation_20260803_pm/0803_173020/data/trajectory.hdf5
# formula: delta_joint[t] = master_left_joint[t] - puppet_left_joint[t+2]
# units: joint deltas are assumed radians; timestamp/delta_time are seconds
# columns: master_frame_t puppet_frame_t_plus_2 master_timestamp puppet_timestamp delta_time delta_joint_0 delta_joint_1 delta_joint_2 delta_joint_3 delta_joint_4 delta_joint_5 delta_joint_6 delta_l2_norm
0 2 1785749532.452932835 1785749532.523842812 0.070909977 -0.000650172636 0.004474802353 0.006218034384 -0.029553063600 -0.002909669962 0.004591520759 0.026140538873 0.040563162044
1 3 1785749532.482908010 1785749532.557231903 0.074323893 -0.000532460916 0.008210937996 0.005877314357 -0.029527202803 0.005269665537 0.004585626169 0.025819678102 0.041104192808
2 4 1785749532.523149014 1785749532.590500116 0.067351103 -0.000329556175 0.009745377054 0.003301354032 -0.029556259393 0.007257229442 0.004047990479 0.025806453727 0.041407475762
3 5 1785749532.552892447 1785749532.607203245 0.054310799 -0.000343810653 0.008217442270 0.000264270597 -0.029541878323 0.006482908789 0.006407700658 0.025805865299 0.041103119042
4 6 1785749532.592906952 1785749532.657356262 0.064449310 -0.000380785929 0.004195143484 0.000188074659 -0.028511108389 0.001259258035 0.003602340591 0.025950584621 0.038969967041
5 7 1785749532.623393297 1785749532.690495491 0.067102194 -0.000363475382 0.004748801542 0.000978696932 -0.028504716803 0.001173364523 0.002796820564 0.026745943232 0.039505751822
6 8 1785749532.663215637 1785749532.723829508 0.060613871 -0.000390246717 0.008509523511 -0.002223526588 -0.031956832800 0.003507092586 -0.000827212681 0.025927933536 0.042237296701
7 9 1785749532.692897797 1785749532.757318258 0.064420462 -0.000384514354 0.007999934202 -0.002534425512 -0.032786673795 0.003701360356 0.005648716530 0.025372068474 0.042835569511
8 10 1785749532.732926130 1785749532.790477753 0.057551622 -0.000419541489 0.001725048441 -0.002472417146 -0.032879884433 -0.005745976150 0.006885907414 0.024719293406 0.042211691312
9 11 1785749532.762910604 1785749532.823823929 0.060913324 -0.000447111772 0.000848868442 -0.001303361932 -0.032880823106 -0.007673910656 0.005209322174 0.024417047125 0.042023635012
10 12 1785749532.792895555 1785749532.857193232 0.064297676 -0.000562620770 0.005503237078 -0.000918250814 -0.032874558111 -0.005925294086 0.003338462137 0.023829512522 0.041548550186
11 13 1785749532.832897186 1785749532.890486002 0.057588816 0.001690809998 0.009034572056 -0.001132545064 -0.032833377572 -0.006009362239 0.003243895996 0.023362846486 0.041907679052
12 14 1785749532.862914324 1785749532.923818350 0.060904026 0.003393014057 0.010853979529 -0.000064872360 -0.032860947856 -0.008641300934 0.003221875215 0.023117270191 0.042762463227
13 15 1785749532.902904749 1785749532.957320213 0.054415464 0.002006207702 0.009732754600 -0.001221107023 -0.032852425740 -0.008530826531 0.003205333140 0.023068369301 0.042364173365
14 16 1785749532.932900429 1785749532.990479946 0.057579517 0.000127786472 0.007622204410 -0.001116389310 -0.032874964152 -0.008736645679 0.003193594125 0.023070093789 0.041939017288
15 17 1785749532.962895632 1785749533.023827791 0.060932159 -0.000888602622 0.005049704257 -0.000498307933 -0.033214250874 -0.008459110955 0.003032585865 0.023046297883 0.041732587758
16 18 1785749533.002890825 1785749533.057162046 0.054271221 -0.001201210951 0.003994293517 -0.000856456087 -0.035633060368 -0.007741461234 0.003000698256 0.023092109412 0.043474426113
17 19 1785749533.033322096 1785749533.090482950 0.057160854 -0.000967131370 0.003672766044 -0.000273545377 -0.037981170898 -0.005670320854 0.002979169787 0.023034807840 0.045041082211
18 20 1785749533.062889576 1785749533.123813391 0.060923815 -0.000436595176 0.004847924696 0.000704198662 -0.038148285618 -0.003307268489 0.003023363259 0.023011102890 0.045045201598
19 21 1785749533.102878571 1785749533.157213211 0.054334641 0.000795727956 0.009902562406 0.001200484443 -0.042236795704 0.003711996520 0.003028755693 0.023010940663 0.049361297277
20 22 1785749533.133097887 1785749533.190478086 0.057380199 0.001223043151 0.012098562460 0.000836110150 -0.044164049696 0.005523097834 0.002977992932 0.023016617231 0.051654342840
21 23 1785749533.162898540 1785749533.223821163 0.060922623 0.000475049020 0.012087393434 0.001126614242 -0.043953519473 0.005339576274 0.002993246563 0.022317080745 0.051137408793
22 24 1785749533.202879906 1785749533.257258177 0.054378271 0.000478819336 0.012892314882 0.000330384017 -0.046768358898 0.007090151950 0.002999105517 0.013965500613 0.051069851131
23 25 1785749533.232883215 1785749533.307267904 0.074384689 -0.000825926923 0.007986778620 0.000243061009 -0.042925340754 0.006245268804 0.003003042121 0.014496830409 0.046532724849
24 26 1785749533.272889376 1785749533.340502501 0.067613125 -0.000631656118 0.008173542607 0.000057660465 -0.044205720615 0.007293810036 0.002920265159 0.012394284274 0.047293770670
25 27 1785749533.302879333 1785749533.373848677 0.070969343 -0.000399821608 0.007400709197 0.000508190466 -0.043236264399 0.006554948280 0.002880804424 0.011464014188 0.045904827339
26 28 1785749533.333161831 1785749533.407259941 0.074098110 -0.000339363419 0.007994868447 0.001010055753 -0.042587396510 0.005767127023 0.002935797765 0.015368047421 0.046441309061
27 29 1785749533.372888088 1785749533.440510988 0.067622900 0.000617188873 0.008877379969 0.001197924008 -0.043107062708 0.004412824053 0.002897072682 0.016074458593 0.047170933208
28 30 1785749533.402884960 1785749533.473841429 0.070956469 0.000008867709 0.006908465972 0.001250942516 -0.044186057000 0.004123210537 0.002864825457 0.014577084496 0.047322288126
29 31 1785749533.432939529 1785749533.507237434 0.074297905 0.000751001884 0.008448022540 0.001569968154 -0.044844347840 0.002462886426 0.002902688296 0.015516750822 0.048380516604
30 32 1785749533.472884178 1785749533.540505886 0.067621708 0.000411806476 0.011095939741 0.001776514599 -0.046046397115 0.007201122344 0.002888575885 0.013200393011 0.049811309600
31 33 1785749533.502900839 1785749533.573851109 0.070950270 0.000087620505 0.009774398397 0.002092725074 -0.044196586252 0.008689639785 0.002931698935 0.014821181377 0.048549319167
32 34 1785749533.542912245 1785749533.607275009 0.064362764 0.000087087872 0.010405286813 0.007185588666 -0.042020144394 0.009775109593 0.002928051623 0.011772162793 0.046565146494
33 35 1785749533.572908878 1785749533.640507460 0.067598581 0.000048864945 0.008534674305 0.009072886541 -0.040593848025 0.006961334200 0.002945050375 0.017857710582 0.046680318591
34 36 1785749533.602907658 1785749533.673845768 0.070938110 0.000051794422 0.008142242482 0.010859400987 -0.039768366003 0.001136849288 0.002884761188 0.020017161310 0.046648144014
35 37 1785749533.642900705 1785749533.707246065 0.064345360 0.000047267048 0.007485110242 0.013262130728 -0.040978492728 0.004839690296 0.001900386952 0.012753208118 0.045834795486
36 38 1785749533.672891617 1785749533.740505457 0.067613840 -0.000129650778 0.007917070620 0.011626437786 -0.043653354556 0.006578834749 0.001298538291 0.014903470489 0.048688468215
37 39 1785749533.702899694 1785749533.773870230 0.070970535 -0.000885232242 0.008169036044 0.010977310655 -0.044869528451 0.005964603350 0.001003372825 0.015990963070 0.049935827506
38 40 1785749533.742908001 1785749533.807262659 0.064354658 -0.002912292136 0.008653213732 0.011331916890 -0.046863059877 0.010999266893 0.000935702741 0.006300126383 0.050689932719
39 41 1785749533.772922516 1785749533.840501785 0.067579269 -0.005647441962 0.008615102395 0.010120936588 -0.045583654915 0.010421930567 0.000728610555 0.012790093876 0.050588047544
40 42 1785749533.802882195 1785749533.873815775 0.070933580 -0.006807087602 0.008642827404 0.010427713867 -0.044990726229 0.006691289268 0.000651774607 0.013334135977 0.049768814681
41 43 1785749533.843251467 1785749533.907257795 0.064006329 -0.008069932951 0.008602319221 0.012249888394 -0.044838346714 0.005739470373 -0.000873679380 0.013100505266 0.050049864032
42 44 1785749533.872907639 1785749533.940577269 0.067669630 -0.007265802228 0.008595395002 0.011483123835 -0.044398138004 0.006604047401 -0.000855656156 0.011453238888 0.049043366107
43 45 1785749533.912902117 1785749533.973835945 0.060933828 -0.009197198384 0.008606047647 0.010507751772 -0.045599815119 0.006801162982 -0.001057174941 0.009081893570 0.049782152705
44 46 1785749533.942926407 1785749534.007252932 0.064326525 -0.006510443268 0.007220403535 0.010305004550 -0.044138830979 0.009038821809 -0.001004383398 0.009689156250 0.048223836972
45 47 1785749533.972921848 1785749534.040484905 0.067563057 -0.005944919500 0.003893322132 0.010064552030 -0.042584494227 0.008360430520 -0.001028164302 0.009476798945 0.046108546060
46 48 1785749534.012924671 1785749534.073837757 0.060913086 -0.007750548791 -0.002964051129 0.010379797568 -0.041653144985 0.007329012556 -0.001042869826 0.006530588866 0.044822225333
47 49 1785749534.042920113 1785749534.107572079 0.064651966 -0.006597937416 -0.003117745679 0.010026109569 -0.041505061493 0.005925386937 -0.001034880343 0.012357217679 0.045445881390
48 50 1785749534.072909832 1785749534.140577078 0.067667246 -0.006581625226 -0.003024601799 0.009749102815 -0.041298585845 0.003915765579 -0.001005083415 0.011450257049 0.044727351860
49 51 1785749534.112920761 1785749534.173895121 0.060974360 -0.006863911602 -0.003977544873 0.011092151351 -0.041276215292 -0.001096569909 -0.001009146611 0.009465281835 0.044514136168
50 52 1785749534.142925739 1785749534.207605600 0.064679861 -0.007527358656 -0.003042711919 0.010907387032 -0.041258105797 -0.001357799747 -0.001016999186 0.009752456754 0.044554572495
51 53 1785749534.183302402 1785749534.240524530 0.057222128 -0.009857446967 -0.003080971221 0.009989353596 -0.041231656573 -0.003815668576 -0.000928516126 0.010065296684 0.044980329029
52 54 1785749534.212889433 1785749534.273902416 0.061012983 -0.008803874257 -0.004193859540 0.010043850795 -0.041236982895 -0.007088000451 -0.000922885510 0.013111315668 0.046037619654
53 55 1785749534.243257284 1785749534.307528257 0.064270973 -0.009102494819 -0.005898057670 0.009738280144 -0.041530331451 -0.007462969724 -0.000925528511 0.015512988470 0.047269973114
54 56 1785749534.283142805 1785749534.340566635 0.057423830 -0.009415791755 -0.005534422262 0.010727349497 -0.044551967468 -0.007317552659 -0.000923428459 0.007869259806 0.048327687132
55 57 1785749534.313213110 1785749534.373849154 0.060636044 -0.009838929591 -0.004220739377 0.010948890619 -0.045423082568 -0.007143580708 -0.000908752939 0.008795756073 0.049264345264
56 58 1785749534.342923403 1785749534.407246828 0.064323425 -0.008249606038 -0.003087196917 0.011628080084 -0.045008004864 -0.007038149060 -0.000928597240 0.008545859101 0.048599887609
57 59 1785749534.383389235 1785749534.440566778 0.057177544 -0.011622446881 -0.002734627498 0.011336231279 -0.044771604750 -0.006790647599 -0.000606263791 0.007721621911 0.048802357383
58 60 1785749534.412922382 1785749534.473898649 0.060976267 -0.009953650392 -0.003361337145 0.011609458787 -0.044212979940 -0.005905527478 0.000856045145 0.012786880919 0.048980131316
59 61 1785749534.452938795 1785749534.507234097 0.054295301 -0.011696815227 -0.004553721872 0.013761107065 -0.040646642466 -0.009317293597 0.001007769372 0.006346424014 0.046121298091
60 62 1785749534.483925581 1785749534.540562153 0.056636572 -0.011533739945 -0.003718140898 0.011730718024 -0.037198213628 -0.007944230920 0.001052023324 0.009058734145 0.042596323710
61 63 1785749534.512919903 1785749534.573909998 0.060990095 -0.009117783237 -0.003285271147 0.010247209621 -0.035399052793 -0.007542885469 0.001039397219 0.014025362593 0.041312364795
62 64 1785749534.552900076 1785749534.607597589 0.054697514 -0.009406283244 -0.003583943072 0.009277819838 -0.034791781267 -0.006857301937 0.001050582496 0.007557280221 0.038769931582
63 65 1785749534.582904100 1785749534.640568972 0.057664871 -0.008029441863 -0.004807600785 0.008565481911 -0.034814151820 -0.007968706903 0.001088683517 0.007940653347 0.038739090159
64 66 1785749534.612907171 1785749534.673902035 0.060994864 -0.007658139001 -0.004175739357 0.006934473468 -0.034803569973 -0.008385630254 0.001127251532 0.010691020577 0.039004444734
65 67 1785749534.652909517 1785749534.707305670 0.054396152 -0.007755625698 -0.004812517341 0.002499194398 -0.034794977061 -0.007761733128 0.001090378002 0.011037932167 0.038516435794
66 68 1785749534.682900190 1785749534.740577221 0.057677031 -0.007798753906 -0.004262853253 0.002584997921 -0.037661771516 -0.007940067318 0.000905412556 0.004211659658 0.039820676116
67 69 1785749534.722913027 1785749534.790572882 0.067659855 -0.007837930508 -0.003209214096 0.002698632055 -0.039122655098 -0.007568090702 0.000828891218 0.009946223554 0.042029601321
68 70 1785749534.752911091 1785749534.823910236 0.070999146 -0.007849914733 -0.001683134512 0.002158364949 -0.039081362969 -0.007357633445 0.000806880754 0.012252364311 0.042442570982
69 71 1785749534.782881260 1785749534.857603788 0.074722528 -0.007860301061 -0.001557102728 0.002197826204 -0.038506358356 -0.007323980554 0.000792900093 0.012427493117 0.041958204709
70 72 1785749534.822903872 1785749534.890567780 0.067663908 -0.007853643159 -0.002767598034 0.002149353406 -0.038425930891 -0.007273899993 0.000819658769 0.011872260207 0.041773714447
71 73 1785749534.852906466 1785749534.923907995 0.071001530 -0.007829674709 -0.002773389458 0.002245197675 -0.038423800362 -0.006882597700 0.000681564957 0.012692648457 0.041944759491
72 74 1785749534.882880211 1785749534.957620382 0.074740171 -0.007862697906 -0.002737829691 0.002322947450 -0.038456823559 -0.006843842140 0.000337631770 0.013068472093 0.042087744371
73 75 1785749534.922904730 1785749534.990568161 0.067663431 -0.007931535451 -0.002749014968 0.002310164277 -0.039165518860 -0.006572623543 0.000139746241 0.013382276422 0.042802398250
74 76 1785749534.952909231 1785749535.023904085 0.070994854 -0.009963248768 -0.002705732034 0.002083036033 -0.039510005313 -0.007020190187 -0.000074625567 0.013566487948 0.043649800747
75 77 1785749534.992899179 1785749535.057400227 0.064501047 -0.011213044315 -0.002735559438 0.001994239309 -0.039447519485 -0.007117961307 -0.000057343154 0.013717544054 0.043956104337
76 78 1785749535.022908449 1785749535.090487480 0.067579031 -0.010098438122 -0.002748089427 0.001985732195 -0.039462433187 -0.008506034518 -0.000038264510 0.013601460234 0.043910261002
77 79 1785749535.052905321 1785749535.123818636 0.070913315 -0.009285528752 0.000925614704 0.002333310849 -0.039352249115 -0.007628557131 -0.000081342081 0.013621578825 0.043415096070
78 80 1785749535.092898130 1785749535.157220840 0.064322710 -0.009120905999 0.002336697174 0.001642321415 -0.039089661431 -0.004550940415 -0.000045330795 0.013660887177 0.042739710836
79 81 1785749535.122896433 1785749535.190497398 0.067600965 -0.009205328206 -0.001014134772 0.002173190290 -0.039023011607 -0.008498728979 -0.000043560355 0.013671940703 0.043271664886
80 82 1785749535.152904987 1785749535.223829508 0.070924520 -0.009339230810 -0.002709890826 0.001401531944 -0.038906968581 -0.009050561137 -0.000073930708 0.013666158177 0.043347009566
81 83 1785749535.192911386 1785749535.257238626 0.064327240 -0.010782558589 -0.003690928887 0.000016642790 -0.038955129134 -0.006784917911 -0.000104412651 0.013785042540 0.043398874403
82 84 1785749535.222915649 1785749535.290486336 0.067570686 -0.010449192605 -0.003294129932 0.001199991336 -0.038942051510 -0.007482863817 -0.000074118253 0.013878416351 0.043434657337
83 85 1785749535.252897978 1785749535.323824644 0.070926666 -0.009998649784 -0.002864540446 0.002064314244 -0.038965122554 -0.007919009795 -0.000082605207 0.014078561366 0.043493036089
84 86 1785749535.292901516 1785749535.357229471 0.064327955 -0.011272756411 -0.001183020534 0.002257279964 -0.037133273764 -0.007520046661 0.000088369735 0.013860350961 0.041965678211
85 87 1785749535.322921991 1785749535.390484333 0.067562342 -0.010739351591 -0.000675954662 0.004723332398 -0.033800069814 -0.007227425714 0.000362086900 0.013419864590 0.038897361487
86 88 1785749535.362894773 1785749535.423830271 0.060935497 -0.010247253048 -0.000516963945 0.006649728069 -0.028624364430 -0.007068745846 0.000352626585 0.013289385171 0.034576666131
87 89 1785749535.392891645 1785749535.457232237 0.064340591 -0.009504908435 -0.000541731343 0.007992526687 -0.027121922944 -0.006979475551 0.000340512953 0.013293144073 0.033401386972
88 90 1785749535.422923326 1785749535.490484715 0.067561388 -0.009181919455 -0.000561971368 0.008265429359 -0.027031980835 -0.007323825545 0.000391934937 0.013333593645 0.033395291886
89 91 1785749535.463117361 1785749535.523824215 0.060706854 -0.009186165511 -0.000519360790 0.008391831908 -0.027372185170 -0.007058538097 0.000360164550 0.013323585223 0.033642017447
90 92 1785749535.492993593 1785749535.557268620 0.064275026 -0.009199747632 -0.000550786091 0.008828032284 -0.027709953263 -0.007163195123 0.000324604783 0.013428530191 0.034094816929
91 93 1785749535.523349524 1785749535.590490580 0.067141056 -0.009176831315 -0.000534274492 0.009201094994 -0.028143368236 -0.007032058800 0.000383889659 0.013600632770 0.034580101807
92 94 1785749535.562941551 1785749535.623821020 0.060879469 -0.009213862386 -0.000194188821 0.011469516320 -0.027837721814 -0.006096406380 0.000377746571 0.012472006680 0.034413389017
93 95 1785749535.593019724 1785749535.657222748 0.064203024 -0.009181092372 0.001498642960 0.010569688356 -0.027128899068 -0.003828009693 0.000405813852 0.012398366525 0.033208006565
94 96 1785749535.632904530 1785749535.690480709 0.057576180 -0.009183517351 0.001920893717 0.010496243941 -0.027095000609 -0.000737761493 0.000336048875 0.012641117432 0.033057405967
95 97 1785749535.663788080 1785749535.723830223 0.060042143 -0.009164875224 0.001321682471 0.010032794620 -0.027490700961 0.000938432097 0.000340340409 0.012807442170 0.033274080768
96 98 1785749535.692926168 1785749535.757257223 0.064331055 -0.009188044725 -0.001189610906 0.010279385313 -0.026572150978 0.001574326038 0.000358952060 0.012856520763 0.032641657206
97 99 1785749535.732920647 1785749535.790485620 0.057564974 -0.009163277327 -0.003449054027 0.009198464333 -0.026624584325 0.004080657867 0.000371248553 0.013082140694 0.032821850357
98 100 1785749535.762898445 1785749535.823828220 0.060929775 -0.009181919455 -0.004184313719 0.008196710578 -0.026702963320 0.004821312497 0.000059105440 0.013051770341 0.032797068424
99 101 1785749535.802888870 1785749535.857267380 0.054378510 -0.008976574733 -0.004035659594 0.008293635113 -0.026753731239 0.004548160760 -0.000102723325 0.013022079845 0.032736567364
100 102 1785749535.833171368 1785749535.890483379 0.057312012 -0.007962975622 0.000341546167 0.008226552984 -0.026826925507 0.003929893189 -0.000151314763 0.013054276433 0.032198863808
101 103 1785749535.863258839 1785749535.923825502 0.060566664 -0.007123280930 0.005633213372 0.008230281409 -0.026854495790 0.006676026011 -0.000135716045 0.013061657329 0.032963166332
102 104 1785749535.902967691 1785749535.957347393 0.054379702 -0.006297041768 0.008653046649 0.007633003304 -0.026934361092 0.008550971310 -0.000093967712 0.013143277596 0.033824904796
103 105 1785749535.933006525 1785749535.990523577 0.057517052 -0.005687570787 0.007940800106 0.005658688528 -0.025961423563 0.006832881077 0.000059673707 0.013182443882 0.031967009377
104 106 1785749535.963508844 1785749536.023824453 0.060315609 -0.005507680821 0.005186026275 0.004408050286 -0.024717432029 0.006211308603 0.000109132548 0.013142623058 0.029982204310
105 107 1785749536.002955198 1785749536.057330370 0.054375172 -0.005385791972 0.003270148186 0.003468216075 -0.025565851972 0.005855053108 0.000048589704 0.013145580669 0.030206493227
106 108 1785749536.033088446 1785749536.090486050 0.057397604 -0.004968769080 0.003256692657 0.003628382250 -0.026356980612 0.005640643772 0.000070209603 0.013414212532 0.030901669654
107 109 1785749536.072909355 1785749536.140485525 0.067576170 -0.004474359790 0.004082805227 0.003591224587 -0.026699668987 0.005503367650 0.000086082138 0.013398973903 0.031181490975
108 110 1785749536.102886438 1785749536.173823595 0.070937157 -0.004193016519 0.005246864469 0.003622649888 -0.026757346123 0.005396071788 0.000095177679 0.013437567237 0.031366941209
109 111 1785749536.132894039 1785749536.207240105 0.074346066 -0.004126437492 0.006482410743 0.005648656253 -0.026814561424 0.005325667274 0.000111268235 0.013441939884 0.031922374874
110 112 1785749536.172892094 1785749536.240490437 0.067598343 -0.003890802134 0.008643193035 0.006532449225 -0.026925528046 0.005252066967 0.000081572581 0.013433879131 0.032642917311
111 113 1785749536.202883482 1785749536.273822308 0.070938826 -0.003611407005 0.008012384281 0.006625339149 -0.026153146211 0.005247805909 0.000238729562 0.013434822962 0.031831017336
112 114 1785749536.232893944 1785749536.307251215 0.074357271 -0.003599393250 0.007901626310 0.006613215199 -0.025848126217 0.005195594819 0.000577575083 0.013450512637 0.031551476400
113 115 1785749536.272892714 1785749536.340485573 0.067592859 -0.003459514966 0.005589021148 0.006578594105 -0.025203134011 0.005071351788 0.000518599659 0.013400861092 0.030450811125
114 116 1785749536.302899122 1785749536.373818874 0.070919752 -0.003627572709 0.005349336650 0.006512983281 -0.026132796765 0.004889191570 0.000553428931 0.013427406431 0.031170858596
115 117 1785749536.332907200 1785749536.407227278 0.074320078 -0.003081919677 0.005350135599 0.007067456686 -0.026322295713 0.004841254670 0.000583175222 0.013404056885 0.031374845920
116 118 1785749536.372906923 1785749536.440508842 0.067601919 -0.002531656740 0.006540302290 0.008775025840 -0.026458184459 0.004844100218 0.000534330127 0.013436745312 0.032101688172
117 119 1785749536.402924061 1785749536.473835945 0.070911884 -0.002947139942 0.007027478382 0.009779324405 -0.026559004805 0.004835844419 0.000567952068 0.013385039194 0.032587639426
118 120 1785749536.442903280 1785749536.507388592 0.064485312 -0.003241084541 0.006958882286 0.011059409192 -0.026419116655 0.004816403343 0.000528861738 0.013425996080 0.032908140859
119 121 1785749536.472882509 1785749536.540515661 0.067633152 -0.003378935104 0.006978042044 0.010549379421 -0.026428953953 0.004837974948 0.000567870955 0.013404954764 0.032761419042
120 122 1785749536.502913475 1785749536.573828936 0.070915461 -0.002811867987 0.007054757481 0.010561643406 -0.026332094156 0.003175571046 0.000561469051 0.013424738112 0.032453455765
121 123 1785749536.542937279 1785749536.607234478 0.064297199 -0.002577206036 0.008627709013 0.010054558656 -0.026145022126 0.006601288180 0.000188494749 0.013393480196 0.032995962376
122 124 1785749536.572884321 1785749536.640470028 0.067585707 -0.002409756073 0.008621850058 0.009659413935 -0.026220331920 0.007548898873 -0.000054466656 0.013440585328 0.033145006880
123 125 1785749536.602893829 1785749536.673817635 0.070923805 -0.002541997057 0.007081870592 0.010326464450 -0.026324054082 0.006597240679 -0.000087246514 0.013522672589 0.032902890480
124 126 1785749536.642891884 1785749536.707234859 0.064342976 -0.002583216993 0.006448177976 0.010448267431 -0.026397177552 0.006063383267 -0.000052731851 0.013540305247 0.032777073508
125 127 1785749536.672882080 1785749536.740508080 0.067625999 -0.002544986137 0.006758452642 0.010519699209 -0.025902179835 0.005354965476 -0.000078272879 0.013521657962 0.032330444539
126 128 1785749536.712896109 1785749536.773831129 0.060935020 -0.001181269622 0.009768640874 0.010479472344 -0.025886733500 0.005587670815 -0.000082234802 0.013536576822 0.033033797755
127 129 1785749536.742895126 1785749536.807260275 0.064365149 -0.001436308285 0.009652602822 0.010464558642 -0.025895661656 0.006143662307 -0.000199631912 0.013503381081 0.033097639538
128 130 1785749536.772899151 1785749536.840499640 0.067600489 -0.002388207072 0.009271728977 0.010376353611 -0.025985114338 0.005710591360 -0.000389943840 0.013953338557 0.033196715793
129 131 1785749536.812877893 1785749536.873820066 0.060942173 -0.002730849519 0.009328973808 0.010294693024 -0.026074343367 0.006142690066 -0.000420349828 0.014102709075 0.033423571269
130 132 1785749536.842893839 1785749536.907155752 0.064261913 -0.002705100785 0.009296077203 0.010304309934 -0.025851703100 0.006253406229 -0.000393367972 0.014208215732 0.033307014278
131 133 1785749536.872877836 1785749536.940472364 0.067594528 -0.002689920767 0.009223149252 0.010759210644 -0.025493883047 0.005927806617 -0.000395752158 0.014190141872 0.033085593236
132 134 1785749536.912880182 1785749536.973828554 0.060948372 -0.002709628159 0.009963604554 0.011450676915 -0.025030998058 0.005450155035 -0.000431317083 0.014284219913 0.033139304894
133 135 1785749536.942881107 1785749537.007266760 0.064385653 -0.002724260544 0.010098602265 0.011241708757 -0.024897792678 0.004727282898 -0.000467800047 0.015699058515 0.033536635758
134 136 1785749536.982897758 1785749537.040481567 0.057583809 -0.002727190021 0.009846353897 0.011075772219 -0.024842902029 0.008215838043 -0.000458126396 0.018940613234 0.035646703441
135 137 1785749537.012910843 1785749537.073808193 0.060897350 -0.002687790238 0.009300426934 0.011245165120 -0.025051508206 0.006912106146 -0.000485047298 0.020173996794 0.036093719514
136 138 1785749537.042880058 1785749537.107186079 0.064306021 -0.002716831827 0.008519701562 0.011675891522 -0.025316391011 0.005883949094 -0.000458734983 0.021317662278 0.036694503761
137 139 1785749537.082894325 1785749537.140483856 0.057589531 -0.002699493145 0.007991596718 0.011397502055 -0.025474706106 0.006267328893 -0.000444227321 0.022171491456 0.037162728215
138 140 1785749537.112877369 1785749537.173802853 0.060925484 -0.002755713979 0.007954046146 0.010811112837 -0.025709832303 0.006028904637 -0.000437992803 0.023666511818 0.038018150374
139 141 1785749537.153269053 1785749537.207224131 0.053955078 -0.002751858961 0.008329188483 0.010498013684 -0.026002535309 0.007099981557 -0.000712770074 0.026683335542 0.040326249730
140 142 1785749537.182909250 1785749537.240478516 0.057569265 -0.002771523690 0.008454086930 0.010559896083 -0.026834017406 0.006642430275 -0.001023807129 0.027618177590 0.041456756014
141 143 1785749537.212898254 1785749537.273812532 0.060914278 -0.002739845206 0.009638124000 0.010536586858 -0.027208760776 0.005906423865 -0.001009487013 0.027327599448 0.041646597821
142 144 1785749537.253482819 1785749537.307246447 0.053763628 -0.002482976752 0.010002498606 0.010324784888 -0.027256977124 0.007187755449 -0.001044990985 0.029236957617 0.043166128644
143 145 1785749537.282916069 1785749537.340470314 0.057554245 -0.002528880185 0.010184346350 0.010314847262 -0.027320051379 0.007240867523 -0.001320656765 0.028821686979 0.042985594843
144 146 1785749537.312895775 1785749537.373803616 0.060907841 -0.002499585413 0.009469021051 0.010296331727 -0.027436009080 0.007097736024 -0.003487317074 0.027481134659 0.042100015765
145 147 1785749537.352977514 1785749537.407145262 0.054167747 -0.002591477603 0.010136750766 0.010351949131 -0.027407779573 0.007980518442 -0.006111797232 0.028752838129 0.043538341087
146 148 1785749537.382887602 1785749537.440470695 0.057583094 -0.002556450468 0.009910191840 0.010339165957 -0.027442400667 0.007734941964 -0.006419502059 0.027647265209 0.042780154929
147 149 1785749537.422900915 1785749537.490476131 0.067575216 -0.002628452879 0.009078579425 0.010652475943 -0.027604950555 0.006629429685 -0.007299270782 0.024946129092 0.041041149549
148 150 1785749537.452903748 1785749537.523826599 0.070922852 -0.002692871847 0.009177855501 0.009681293911 -0.027973722907 0.005379424484 -0.002416970005 0.025920112823 0.040919108201
149 151 1785749537.482901096 1785749537.557272911 0.074371815 -0.003322405670 0.010385709019 0.009542014559 -0.028097964541 0.004817447609 -0.000015990216 0.025820524818 0.041101758399
150 152 1785749537.522904396 1785749537.590477705 0.067573309 -0.002182357228 0.011500735483 0.018697059710 -0.029224946784 0.006940425457 -0.001532986938 0.027164186837 0.046142385688
151 153 1785749537.552898407 1785749537.623809814 0.070911407 -0.002090994093 0.010406096466 0.014311897279 -0.032538875647 0.005967335005 -0.000778859753 0.026881388902 0.046207063431
152 154 1785749537.582886696 1785749537.657160997 0.074274302 -0.002168559299 0.009278150683 0.015489458226 -0.036053216672 0.007361131418 -0.009667934645 0.027108667164 0.050130624667
153 155 1785749537.622934818 1785749537.690464258 0.067529440 -0.002651196824 0.007247616943 0.017323850281 -0.040353265135 0.011437893917 -0.015258074543 0.023204741908 0.053760142249
154 156 1785749537.652921200 1785749537.723813057 0.070891857 -0.002860728541 0.006592086407 0.010998419876 -0.042216531380 0.006847701569 -0.001275585527 0.018238823281 0.048332317784
155 157 1785749537.682883978 1785749537.757231712 0.074347734 -0.002923270164 0.006383028261 0.005648166097 -0.043288017376 0.002663282341 0.006656563657 0.016926071574 0.047884627996
156 158 1785749537.722997904 1785749537.790470600 0.067472696 -0.002938856222 0.005034809526 0.019384841706 -0.042378392053 0.011569079155 -0.010337951884 0.012243397564 0.050953940078
157 159 1785749537.752885818 1785749537.823808193 0.070922375 -0.003647894694 0.005666751388 0.016788262844 -0.042019922101 0.009309000758 -0.008355486765 0.012432738148 0.049030434036
158 160 1785749537.792899132 1785749537.857207775 0.064308643 -0.008431802381 0.008788015040 0.016014622869 -0.042432052845 0.010995365116 -0.010571949577 0.011497884824 0.050696521393
159 161 1785749537.822902679 1785749537.890511513 0.067608833 -0.011275420114 0.010337704129 0.014859677518 -0.043558911762 0.012724528657 -0.012818785811 0.015475574205 0.054017777920
160 162 1785749537.852901459 1785749537.923807859 0.070906401 -0.009351939326 0.010242899172 0.013602255093 -0.044882292614 0.012244775075 -0.010276746025 0.020199087584 0.055275369300
161 163 1785749537.892897367 1785749537.957159281 0.064261913 -0.015626143341 0.009761696347 0.010296672017 -0.047458856992 0.012200256620 -0.010719093346 0.019112952642 0.057679128074
162 164 1785749537.923317432 1785749537.990473747 0.067156315 -0.011443432516 0.009232919147 0.007847274713 -0.047557740242 0.012472925855 -0.010321413594 0.018755033549 0.056154911294
163 165 1785749537.952884436 1785749538.023824930 0.070940495 -0.009475896423 0.007515319968 0.005917426175 -0.046513066240 0.012542751891 -0.006033036503 0.013839223131 0.052249365184
164 166 1785749537.992881060 1785749538.057239532 0.064358473 -0.010680486239 0.006307969322 0.000241261295 -0.047491573261 0.013077109221 -0.007428434125 0.009470217105 0.052203912040
165 167 1785749538.023139477 1785749538.090483427 0.067343950 -0.008325983285 0.006101181429 0.001375887816 -0.044049445874 0.012105114254 -0.007550021430 0.011534484846 0.048840291942
166 168 1785749538.062898636 1785749538.123820305 0.060921669 -0.011263436540 0.006011166584 0.001293749142 -0.042535970655 0.011140173364 -0.009593413217 0.013612556965 0.048738285358
167 169 1785749538.092882156 1785749538.157198191 0.064316034 -0.015600950807 0.005979068927 0.002213701650 -0.041916136114 0.009475807647 -0.008411664243 0.016939479506 0.049884815975
168 170 1785749538.122934103 1785749538.190539598 0.067605495 -0.009959290490 0.005779065529 0.003141066476 -0.043109857626 0.007285603265 -0.005913121026 0.016147869777 0.048473806351
169 171 1785749538.162884951 1785749538.223932505 0.061047554 -0.017072368268 0.004741637693 0.001776349192 -0.045001025750 0.011373921527 -0.005192853590 0.014572688237 0.052066224014
170 172 1785749538.192875862 1785749538.257225037 0.064349174 -0.012490558787 0.003747997761 0.002480987342 -0.043422710521 0.014483194470 -0.004210630957 0.011416913438 0.049189296404
171 173 1785749538.222920179 1785749538.290473461 0.067553282 -0.008421928713 0.001886655414 0.003220898424 -0.041701741714 0.012702629062 -0.005025942389 0.010141170277 0.045971273825
172 174 1785749538.262898445 1785749538.323832750 0.060934305 -0.014707675406 -0.000063804371 -0.000121316609 -0.040231316992 0.011054696726 -0.007145475666 0.008519046148 0.045615037663
173 175 1785749538.292881966 1785749538.357249260 0.064367294 -0.011957672512 -0.000261859627 -0.000913606886 -0.038483399356 0.009977205567 -0.004793553810 0.010138204721 0.043013569834
174 176 1785749538.332896709 1785749538.390473127 0.057576418 -0.014889689480 -0.000239138829 -0.003219675926 -0.038120597548 0.011054860038 -0.004894988723 0.008191139534 0.043572605185
175 177 1785749538.362915039 1785749538.423817635 0.060902596 -0.012264205718 -0.000206115631 0.000496732496 -0.037236242414 0.011060692268 -0.004592273720 0.011511552761 0.042581468459
176 178 1785749538.392905474 1785749538.457155228 0.064249754 -0.013219451068 0.000283639693 0.002206174022 -0.031881939790 0.011980197911 -0.005639924797 0.011781555543 0.038862560020
177 179 1785749538.432898283 1785749538.490453720 0.057555437 -0.016472121332 0.005152195409 0.003953320844 -0.023733301128 0.014141201758 -0.009732508205 0.013623734599 0.036838508036
178 180 1785749538.462903261 1785749538.523846149 0.060942888 -0.013649122019 0.007536206938 0.005100971296 -0.022711974647 0.010980913865 -0.005315242935 0.014255309437 0.033719323412
179 181 1785749538.492904186 1785749538.557137489 0.064233303 -0.016784719581 0.010413345684 0.006006348151 -0.020356244219 0.011564158816 -0.008938185440 0.014801838456 0.035683789405
180 182 1785749538.532897949 1785749538.590453148 0.057555199 -0.019364941440 0.010676219429 0.003216146578 -0.018635214005 0.014016253786 -0.008940735329 0.015673759427 0.036995354723
181 183 1785749538.562898874 1785749538.623835325 0.060936451 -0.019621174387 0.008817080429 -0.000171723907 -0.019836772834 0.012676250403 -0.008421152866 0.017905033577 0.037529345910
182 184 1785749538.602889061 1785749538.657131672 0.054242611 -0.022248090780 0.006905327252 -0.003633126085 -0.021159958315 0.012020228813 -0.007485895421 0.015579779979 0.038037594614
183 185 1785749538.632894278 1785749538.690462351 0.057568073 -0.020269976960 0.006329812936 -0.002969306034 -0.022865556789 0.013500834593 -0.006429271892 0.011272748466 0.036513995852
184 186 1785749538.662901163 1785749538.723889112 0.060987949 -0.018549861434 0.006410043013 -0.003832759916 -0.022620144508 0.013288775090 -0.004392274097 0.012503239382 0.035549424847
185 187 1785749538.702890396 1785749538.757170439 0.054280043 -0.019911661141 0.006346575849 -0.006632375970 -0.020898860881 0.012464715143 -0.003907315429 0.013796494963 0.035755888778
186 188 1785749538.732914925 1785749538.790462017 0.057547092 -0.017687464705 0.006400189316 -0.005740198914 -0.021018909449 0.011788926246 -0.003534149244 0.014255846215 0.034398421667
187 189 1785749538.762884855 1785749538.823873281 0.060988426 -0.016858417075 0.006407646168 -0.004205452451 -0.020483293815 0.011106032140 -0.001888323103 0.014317414004 0.033081919069
188 190 1785749538.802900314 1785749538.857201576 0.054301262 -0.018068364843 0.006390335620 -0.000529041805 -0.017276695696 0.010116801807 -0.009207440945 0.014393875334 0.032563424137
189 191 1785749538.832927704 1785749538.890481949 0.057554245 -0.017720023849 0.006379949292 0.003739967882 -0.015968090907 0.010692221555 -0.009556133568 0.014782822545 0.032370440499
190 192 1785749538.862971544 1785749538.940490007 0.077518463 -0.014565837031 0.006384126421 0.008079830474 -0.018742269506 0.013606504012 -0.008585434655 0.014904225209 0.033918425288
191 193 1785749538.902973652 1785749538.973848343 0.070874691 -0.017725681636 0.005157693414 0.002816275114 -0.019241550031 0.011473984335 -0.006722732295 0.014968660125 0.033464585399
192 194 1785749538.932991982 1785749539.007164717 0.074172735 -0.016495482598 0.000657800941 0.000542378335 -0.020735215823 0.009513092258 -0.005733685757 0.015301162850 0.032561889671
193 195 1785749538.972975016 1785749539.040531635 0.067556620 -0.016832735393 -0.005488128846 -0.000787145908 -0.020908920833 0.009099763091 -0.005035941244 0.016659651372 0.033719037419
194 196 1785749539.002928734 1785749539.073844910 0.070916176 -0.015592149172 -0.006145539220 0.000655971728 -0.022953865945 0.009348489517 -0.001418769891 0.015079118231 0.033540721514
195 197 1785749539.032986641 1785749539.107265234 0.074278593 -0.016566368628 -0.005763049685 0.001783634945 -0.024790517354 0.012393858560 0.005600916006 0.013601756215 0.035991584818
196 198 1785749539.072896957 1785749539.140610933 0.067713976 -0.017461416983 -0.003283913026 0.003902868495 -0.022234383234 0.012850543132 0.000787656572 0.014571928548 0.034689815672
197 199 1785749539.102970362 1785749539.173945665 0.070975304 -0.016673116803 -0.001818109162 0.005407973601 -0.022164227619 0.012488990338 -0.000386705073 0.014915433688 0.034356834718
198 200 1785749539.142902851 1785749539.207269192 0.064366341 -0.019167166786 -0.001085346954 0.004229782040 -0.017666256928 0.011890492173 -0.004271509695 0.014889811547 0.032861558661
199 201 1785749539.172977209 1785749539.240603924 0.067626715 -0.016960732240 -0.001107184875 0.004487336754 -0.018200689701 0.012647396748 -0.004617482665 0.015112154571 0.032402910358
200 202 1785749539.202931881 1785749539.273938894 0.071007013 -0.017679122555 -0.001095733283 0.004390858902 -0.020085710776 0.012169296463 -0.005076487089 0.015175512960 0.033773156740
201 203 1785749539.242925644 1785749539.307270050 0.064344406 -0.018052226613 -0.001088276432 0.000645676439 -0.017294650258 0.010662854802 -0.004328438398 0.015309367293 0.031518211169
202 204 1785749539.272909880 1785749539.340539455 0.067629576 -0.019324273590 -0.001121971986 0.001385575785 -0.018118803016 0.016006033426 -0.004851643446 0.015639602107 0.035060318283
203 205 1785749539.302902222 1785749539.373855591 0.070953369 -0.019246639538 -0.001073362730 0.002540985384 -0.020336755913 0.015457819270 -0.003159793556 0.015813054557 0.035925014337
204 206 1785749539.342897892 1785749539.407181501 0.064283609 -0.018898712430 -0.001118243560 0.002461891356 -0.019363987786 0.014629651122 -0.001325532206 0.015844479858 0.034731369131
205 207 1785749539.372889996 1785749539.440529108 0.067639112 -0.019469266919 -0.001104788030 0.003671600764 -0.020333624910 0.014579830311 -0.001743386673 0.015918313662 0.035724129436
206 208 1785749539.412892342 1785749539.473848343 0.060956001 -0.020167196280 -0.001088276432 0.004761463574 -0.018350830205 0.010166222666 -0.001728626662 0.015981342439 0.033601610014
207 209 1785749539.442898989 1785749539.507187128 0.064288139 -0.018552461418 -0.001094275110 0.005725532238 -0.019020134640 0.009916502085 -0.001384378936 0.015993668935 0.033105731656
208 210 1785749539.472896576 1785749539.540557146 0.067660570 -0.019598174206 -0.001136436985 0.005487204419 -0.018406353472 0.009936615517 -0.005517310419 0.016056454371 0.033782687147
209 211 1785749539.512896299 1785749539.573946476 0.061050177 -0.020226623197 -0.001127298308 0.003129262026 -0.018119957647 0.007300751828 -0.004402154285 0.016103504181 0.032871188294
210 212 1785749539.542894125 1785749539.607266665 0.064372540 -0.020101970169 -0.001128629888 0.003201279196 -0.018849813212 0.005384867174 -0.003278837832 0.016131404077 0.032724553874
211 213 1785749539.572988510 1785749539.640628815 0.067640305 -0.021024451023 -0.001008787639 0.004352212323 -0.019789766234 0.005421492205 -0.004689621249 0.016074893952 0.034108783821
212 214 1785749539.612929821 1785749539.673942327 0.061012506 -0.022211441437 -0.000629020868 0.005005624839 -0.020166921126 0.004941870025 -0.004893868846 0.016134259941 0.035131056932
213 215 1785749539.642972469 1785749539.707215309 0.064242840 -0.020175949267 -0.000566969214 0.004967851386 -0.020847926069 0.004298800551 -0.003150268016 0.016093490601 0.033972198430
214 216 1785749539.682980299 1785749539.740527391 0.057547092 -0.022348661468 -0.000606650315 0.003937559603 -0.019481457177 0.003191724486 -0.001588163069 0.016081615624 0.034149523739
215 217 1785749539.712914705 1785749539.773841858 0.060927153 -0.020115396757 -0.000581882917 0.004136010409 -0.020366414874 0.002725937611 -0.000079501745 0.015698576631 0.033026467809
216 218 1785749539.742938995 1785749539.807187557 0.064248562 -0.020968798652 -0.000634697435 0.004363344269 -0.018937054344 0.002769220545 -0.002928781861 0.015734628236 0.032887216810
217 219 1785749539.782982349 1785749539.840614080 0.057631731 -0.023961514009 -0.000647929312 0.004669781087 -0.018060421670 0.002831152172 -0.003330278808 0.015573728301 0.034412306593
218 220 1785749539.812999249 1785749539.873845577 0.060846329 -0.023330394419 -0.001036484515 0.004254810228 -0.019022614304 0.001595067555 -0.002106699566 0.015676871879 0.034323339063
219 221 1785749539.842906952 1785749539.907265186 0.064358234 -0.022659460294 -0.002006407784 0.004892194040 -0.019775656163 0.001481734160 -0.001515032298 0.015717682013 0.034409640205
220 222 1785749539.882914066 1785749539.940525055 0.057610989 -0.021267995853 -0.004295115292 0.002815039356 -0.021229787734 0.000018046331 -0.001908880485 0.015649484456 0.034321341916
221 223 1785749539.912898064 1785749539.973909140 0.061011076 -0.020445211692 -0.005264329600 0.003185100001 -0.022111125342 0.000235967005 -0.001868184215 0.015661943175 0.034548644400
222 224 1785749539.952887058 1785749540.007176399 0.054289341 -0.022192155184 -0.006676154681 0.001739578742 -0.018690042511 0.000590839786 -0.000363250981 0.015677901982 0.033699914981
223 225 1785749539.982917547 1785749540.040585518 0.057667971 -0.024185045180 -0.007143969819 0.003934683165 -0.017786946938 0.000716674148 0.000911491857 0.015682517970 0.034858223381
224 226 1785749540.012899160 1785749540.073893070 0.060993910 -0.024051177983 -0.006828504748 0.005715332190 -0.017752196052 0.000750109952 0.000604103671 0.015798729328 0.034977429590
225 227 1785749540.052899599 1785749540.107187510 0.054287910 -0.026743739229 -0.006660658068 0.004677452615 -0.011994054449 0.000928413757 -0.001724257208 0.015802959909 0.034335061029
226 228 1785749540.082983255 1785749540.140548468 0.057565212 -0.023005327208 -0.006481080348 0.005474745069 -0.014985812537 -0.000416251832 -0.001695213589 0.015752882164 0.032817635573
227 229 1785749540.112983465 1785749540.173928499 0.060945034 -0.020298977604 -0.006226667800 0.005763075427 -0.017282155312 -0.000596103797 -0.001801364147 0.015767055055 0.032169956355
228 230 1785749540.152980804 1785749540.207232714 0.054251909 -0.020182940601 -0.006160790660 0.006063924039 -0.015962466198 0.001224572848 -0.003484498863 0.015802959909 0.031626773272
229 231 1785749540.182983875 1785749540.240542412 0.057558537 -0.021819385560 -0.006147208538 0.006670050179 -0.018618319633 0.002709180132 -0.004703004553 0.015775090490 0.034399368354
230 232 1785749540.222903728 1785749540.273844719 0.050940990 -0.024486920660 -0.005843202134 0.006907697944 -0.020235733282 0.002749378863 -0.005286567633 0.015828861499 0.037108128823
231 233 1785749540.252904415 1785749540.323915005 0.071010590 -0.024604468065 -0.005771969141 0.006944263914 -0.022118943228 0.003042474743 -0.000486436604 0.015837652273 0.037901061068
232 234 1785749540.282907963 1785749540.357172251 0.074264288 -0.023650779475 -0.005809519712 0.007212342512 -0.022611861468 0.004378434502 -0.000067084121 0.015818655215 0.037760152203
233 235 1785749540.322886944 1785749540.390554428 0.067667484 -0.024185699511 -0.005765437830 0.007408698148 -0.020436414537 0.005452487369 -0.002463303102 0.015818756489 0.037104645519
234 236 1785749540.352901459 1785749540.423855543 0.070954084 -0.022319429544 -0.005476091944 0.007405096314 -0.022069988455 0.005433327611 -0.002008130283 0.015641248366 0.036718750613
235 237 1785749540.382901430 1785749540.457187414 0.074285984 -0.022014816180 -0.004404169605 0.007534649269 -0.021934037612 0.005588456745 -0.001874143496 0.015542696404 0.036307581316
236 238 1785749540.422949076 1785749540.490529299 0.067580223 -0.023483540821 -0.003504946697 0.007824130217 -0.021353015359 0.006729060505 -0.002522201408 0.015566261179 0.037079372456
237 239 1785749540.452900887 1785749540.524013758 0.071112871 -0.023562430074 -0.003176718658 0.008042267979 -0.022355902994 0.007250433350 -0.001402482229 0.015218315525 0.037628140971
238 240 1785749540.482973337 1785749540.557157278 0.074183941 -0.024412334501 -0.002584964264 0.007994695853 -0.022828062022 0.010440559922 -0.000814574336 0.013698118055 0.038535528472
239 241 1785749540.522922277 1785749540.590480804 0.067558527 -0.024000026656 -0.001390270199 0.007988851901 -0.021777275093 0.012724636429 -0.001033566772 0.013586278918 0.038256727555
240 242 1785749540.552992582 1785749540.624167442 0.071174860 -0.023047824914 -0.000407563757 0.007951567645 -0.020929198240 0.012679828646 -0.001330605279 0.013715882036 0.037192755926
241 243 1785749540.593458652 1785749540.657154083 0.063695431 -0.022844059210 0.000369056680 0.008037068249 -0.020482802080 0.015520219265 -0.001002333990 0.013745877299 0.037907227718
242 244 1785749540.622987032 1785749540.690477848 0.067490816 -0.023075247315 0.001283801381 0.008072430627 -0.020706384516 0.015344430426 -0.000930646617 0.013737603682 0.038119195738
243 245 1785749540.652981281 1785749540.723847389 0.070866108 -0.023676414123 0.002445446838 0.008164434880 -0.021421435570 0.014926410689 -0.000974555910 0.013728716319 0.038785484937
244 246 1785749540.692889929 1785749540.757184029 0.064294100 -0.024502215268 0.004187809065 0.008180007806 -0.020510149400 0.015153165182 -0.001237720238 0.013742229987 0.039057320765
245 247 1785749540.722903728 1785749540.790511608 0.067607880 -0.024433773390 0.004924933512 0.008139527757 -0.020905475653 0.015959341502 -0.001994523516 0.013763662340 0.039656931082
246 248 1785749540.752970219 1785749540.823848248 0.070878029 -0.024261714881 0.004081620359 0.008163902247 -0.022077921637 0.015224489490 -0.001253087168 0.013792911634 0.039786606747
247 249 1785749540.792984486 1785749540.857197762 0.064213276 -0.024150157962 0.005085961587 0.008189468594 -0.021943191096 0.015084099092 -0.001486082790 0.013985919093 0.039787090702
248 250 1785749540.822983265 1785749540.890516758 0.067533493 -0.024126764807 0.004412748114 0.008208110722 -0.021752818825 0.015036437833 -0.001486493943 0.014040861798 0.039592692020
249 251 1785749540.862896204 1785749540.923942804 0.061046600 -0.024171158934 0.004015781843 0.008160706454 -0.021859501621 0.014569074122 -0.001025049598 0.014086263075 0.039452982445
250 252 1785749540.892931938 1785749540.957179308 0.064247370 -0.024801241246 0.004000225315 0.008192131755 -0.021404502141 0.014872100045 -0.001798707485 0.014155764551 0.039763896727
251 253 1785749540.922935486 1785749540.990492344 0.067556858 -0.024656877709 0.004003154793 0.008244609161 -0.022228378881 0.015960127400 -0.000963908404 0.014362899423 0.040595676375
252 254 1785749540.962897778 1785749541.023835421 0.060937643 -0.023885310170 0.004114322070 0.008218510182 -0.022686302552 0.015571191879 0.000091810195 0.014361692092 0.040229051275
253 255 1785749540.992902517 1785749541.057162762 0.064260244 -0.023032619338 0.004832606146 0.008273777341 -0.021918827080 0.016175774868 -0.000789669586 0.014339052407 0.039631221308
254 256 1785749541.032904625 1785749541.090492964 0.057588339 -0.023422894679 0.005541176251 0.008595651793 -0.020210104300 0.016054387182 -0.002459061107 0.014307033521 0.039117153685
255 257 1785749541.062905788 1785749541.123894691 0.060988903 -0.023294372601 0.005600873722 0.008898719525 -0.019745531114 0.015965455396 -0.002111210910 0.014353803882 0.038838839489
256 258 1785749541.092904806 1785749541.157181263 0.064276457 -0.023021090430 0.005544261850 0.009228012828 -0.020491825083 0.015849244511 -0.001672748117 0.014364132073 0.039065400139
257 259 1785749541.132990360 1785749541.190495491 0.057505131 -0.022725733587 0.005389744108 0.009577601950 -0.020116143271 0.015925339580 -0.001989401167 0.014308078625 0.038783930428
258 260 1785749541.162916422 1785749541.223824024 0.060907602 -0.022516127773 0.005202260833 0.009627795970 -0.021144798762 0.017255034079 -0.001710402639 0.014512255885 0.039813361409
259 261 1785749541.193401337 1785749541.257169247 0.063767910 -0.022478703793 0.005033459083 0.010583744210 -0.021439493969 0.018517744596 -0.000920369740 0.014495652857 0.040696108841
260 262 1785749541.232923031 1785749541.290503025 0.057579994 -0.022272739210 0.004943740085 0.011421924934 -0.022129095715 0.015130892444 0.000090987390 0.014470689939 0.039736957312
261 263 1785749541.262917995 1785749541.323833942 0.060915947 -0.021796854745 0.006437401066 0.011749240564 -0.019984912758 0.012572289957 0.000293724572 0.014494217187 0.037712272297
262 264 1785749541.293036222 1785749541.357187033 0.064150810 -0.022619487723 0.006679516914 0.011524528829 -0.017330049506 0.012125832061 -0.001169319405 0.015452974485 0.037102561679
263 265 1785749541.332917690 1785749541.390462875 0.057545185 -0.021292498587 0.007154362657 0.010851138173 -0.015712771609 0.011539903282 -0.001953957413 0.016147112479 0.035593684147
264 266 1785749541.362912178 1785749541.423860312 0.060948133 -0.019830642452 0.006286792823 0.010504601312 -0.015058420026 0.012379317984 -0.002896104448 0.016481365010 0.034686469031
265 267 1785749541.402940750 1785749541.457155228 0.054214478 -0.019343291901 0.006039347157 0.013108284777 -0.015384332967 0.012171776564 -0.004477055213 0.016450456867 0.035467663942
266 268 1785749541.432915926 1785749541.490465641 0.057549715 -0.019218062365 0.006205025307 0.012614700157 -0.015788355253 0.011849882413 -0.004085235152 0.016430754633 0.035260709565
267 269 1785749541.462909698 1785749541.523840666 0.060930967 -0.019043746735 0.006194821366 0.012214811483 -0.015518580842 0.011770676335 -0.003135913750 0.016448326338 0.034785029656
268 270 1785749541.503097773 1785749541.557159662 0.054061890 -0.019813687667 0.004812458373 0.012612378771 -0.015769219578 0.011547503436 -0.002017319889 0.016006729651 0.034887134708
269 271 1785749541.532915831 1785749541.590465546 0.057549715 -0.020295683185 0.004393276818 0.012566166360 -0.015449782925 0.010657511096 -0.000755943538 0.015370913016 0.034325485093
270 272 1785749541.562902451 1785749541.623841763 0.060939312 -0.020891694830 0.002952841911 0.012586406385 -0.014398156093 0.009906359944 -0.000409236973 0.014391032815 0.033411255297
271 273 1785749541.602907896 1785749541.673819304 0.070911407 -0.020249430328 -0.000176668216 0.012502026841 -0.014580096154 0.006732804031 -0.000332004828 0.013515661067 0.031734279425
272 274 1785749541.632908583 1785749541.707170010 0.074261427 -0.019839947708 -0.000858718300 0.012509483692 -0.014366165594 0.005756762058 -0.000360807761 0.013284182181 0.031096218518
273 275 1785749541.672899246 1785749541.740496635 0.067597389 -0.019765730297 -0.001303131813 0.011905199308 -0.015106408667 0.006025608170 -0.000619929100 0.013207741011 0.031200261034
274 276 1785749541.702973843 1785749541.773841619 0.070867777 -0.019928635946 -0.003061203424 0.011628103963 -0.015803290935 0.006023028938 -0.000853713378 0.012830309162 0.031513502512
275 277 1785749541.732901335 1785749541.807123184 0.074221849 -0.020545108822 -0.003394874280 0.011689200546 -0.017892284048 0.006163464757 -0.000500766662 0.011601418692 0.032607206051
276 278 1785749541.772904158 1785749541.840500832 0.067596674 -0.022239538269 -0.005181166387 0.011506790409 -0.017565598342 0.006095508993 0.000010164589 0.010959707467 0.033461448551
277 279 1785749541.802910805 1785749541.873833656 0.070922852 -0.022219289545 -0.006723352153 0.011050583841 -0.017173707851 -0.001664600189 0.000016353156 0.010826730853 0.032801542629
278 280 1785749541.832932234 1785749541.907160044 0.074227810 -0.020870130003 -0.006597360620 0.010090893501 -0.018343534109 -0.004656887035 0.000011681372 0.010876230487 0.032517349087
279 281 1785749541.872898102 1785749541.940500259 0.067602158 -0.021611746039 -0.006449431853 0.009587956891 -0.013699467789 -0.002807012679 0.002741513150 0.010821409689 0.030344113026
280 282 1785749541.902885914 1785749541.973828316 0.070942402 -0.021728751522 -0.006109980538 0.009686996953 -0.010494234129 -0.002655745129 0.003633553566 0.010904678490 0.029199401903
281 283 1785749541.942901611 1785749542.007143974 0.064242363 -0.021460815914 -0.004421227428 0.009617586907 -0.009550063944 -0.002273875963 0.004105571716 0.011234852824 0.028496731741
282 284 1785749541.972908974 1785749542.040541410 0.067632437 -0.021097434150 -0.001662695640 0.009552270533 -0.010538866668 -0.000890390584 0.003965349314 0.011287847860 0.028179995872
283 285 1785749542.002946377 1785749542.073802233 0.070855856 -0.018660178048 0.000974341603 0.009213501440 -0.011636748261 0.005129960159 0.001126065135 0.011283409100 0.026913824330
284 286 1785749542.042988539 1785749542.107129574 0.064141035 -0.014206669422 0.002602894140 0.007090977053 -0.020570959760 0.010720972383 0.000352648939 0.009857111451 0.029904466409
285 287 1785749542.072932959 1785749542.140515804 0.067582846 -0.012197475706 0.002757821188 0.007105693366 -0.023059024032 0.010545984397 -0.000365891137 0.009835562821 0.030768220912
286 288 1785749542.102904081 1785749542.173844576 0.070940495 -0.011968478587 0.002686462999 0.007144042886 -0.024457919684 0.010687493409 -0.000391607502 0.009480123169 0.031684970479
287 289 1785749542.142895222 1785749542.207174063 0.064278841 -0.011985914329 0.003396735990 0.007133207855 -0.025060347783 0.009410541316 -0.000864005854 0.005459937002 0.030874250583
288 290 1785749542.172894955 1785749542.240486622 0.067591667 -0.012008353810 0.005182758203 0.006935251057 -0.024977286687 0.009827559282 -0.002060272024 0.004856339008 0.031103597414
289 291 1785749542.212918520 1785749542.273814201 0.060895681 -0.011458388081 0.006082605600 0.006699294984 -0.024598226465 0.012663322511 -0.002797411069 0.002938041099 0.031544625184
290 292 1785749542.242954969 1785749542.307162285 0.064207315 -0.010126747078 0.006227210898 0.006721483150 -0.024188839002 0.011469572093 -0.003934387159 0.000669225712 0.030316427549
291 293 1785749542.272908211 1785749542.340496063 0.067587852 -0.009498824826 0.006772681000 0.006544231478 -0.024043772182 0.010670618874 -0.004703529142 0.001233882021 0.029908771050
292 294 1785749542.312908649 1785749542.373839378 0.060930729 -0.008610066151 0.007219731409 0.006612855708 -0.023518114773 0.012210050130 -0.004704893542 0.001159069697 0.029927481248
293 295 1785749542.342904806 1785749542.407130718 0.064225912 -0.007856471406 0.006987195637 0.006642150480 -0.022664094265 0.010545404652 -0.004670358719 0.001210121276 0.028333841621
294 296 1785749542.372896671 1785749542.440497160 0.067600489 -0.007147379044 0.007509746156 0.006557826732 -0.022372833033 0.007502719912 -0.004663627204 0.001217284150 0.027028726743
295 297 1785749542.412909269 1785749542.473852873 0.060943604 -0.007119593577 0.010013472800 0.006611440199 -0.020974673461 0.011236768231 -0.004658878993 0.001374995343 0.028008338838
296 298 1785749542.442925453 1785749542.507130146 0.064204693 -0.006076660839 0.010684420452 0.006413766115 -0.020856149660 0.011942617246 -0.006558200004 0.001323629153 0.028540954957
297 299 1785749542.472901344 1785749542.540510654 0.067609310 -0.005437890966 0.010299604869 0.006216527602 -0.020798528319 0.011153453492 -0.009086506662 0.001857666137 0.028588311700
298 300 1785749542.512904167 1785749542.573921204 0.061017036 -0.005665013220 0.010305730139 0.006079797244 -0.021233621310 0.010300475249 -0.009597562567 0.001944115729 0.028777137462
299 301 1785749542.542908907 1785749542.607137442 0.064228535 -0.005973996209 0.008727540877 0.006095061191 -0.021059971471 0.009468784569 -0.009078718260 0.002138067019 0.027734150551
300 302 1785749542.582890034 1785749542.640515566 0.057625532 -0.006125084673 0.006580738588 0.006072466985 -0.021063167264 0.004375615576 -0.008825476936 0.002404694946 0.025771539839
301 303 1785749542.612888336 1785749542.673867464 0.060979128 -0.006232913166 0.004883534160 0.005964245583 -0.021042394608 0.003021271570 -0.008766262856 0.002475824796 0.025162628309
302 304 1785749542.642920256 1785749542.707145691 0.064225435 -0.006256306321 0.003201059177 0.005897696086 -0.020623283849 0.002032313266 -0.008740950167 0.002501898929 0.024418943666
303 305 1785749542.682889223 1785749542.740504503 0.057615280 -0.006337236888 0.000531934143 0.005777477327 -0.020506566596 0.001448148880 -0.008769093403 0.002697300417 0.024095883610
304 306 1785749542.712928057 1785749542.773847342 0.060919285 -0.006414432463 -0.000771788200 0.005711151484 -0.020028668905 0.001518716083 -0.008715418982 0.002681691856 0.023684634851
305 307 1785749542.742902517 1785749542.807163954 0.064261436 -0.006508461748 -0.001401840981 0.005420769864 -0.018421479321 0.005728907450 -0.009900759591 0.002714603464 0.023479254072
306 308 1785749542.782903433 1785749542.840468645 0.057565212 -0.006528253069 -0.002351175377 0.005067626233 -0.018018150140 0.007572886755 -0.011039065300 0.002765356381 0.024193748290
307 309 1785749542.812909603 1785749542.873867273 0.060957670 -0.006581383133 -0.002761695093 0.004410155483 -0.018023405665 0.007625344463 -0.011244369495 0.002825929702 0.024244623921
308 310 1785749542.852905273 1785749542.907154322 0.054249048 -0.008141596057 -0.003214545938 0.003905085078 -0.018039258040 0.007600710223 -0.011654319409 0.002904019406 0.024885953820
309 311 1785749542.882900000 1785749542.940501690 0.057601690 -0.009254664235 -0.003763778346 0.003511499399 -0.018120918628 0.004901070392 -0.010793898371 0.002968285990 0.024286881484
310 312 1785749542.912915230 1785749542.973798990 0.060883760 -0.010206387513 -0.004141131332 0.003340021356 -0.017825781318 0.003666029436 -0.010186795558 0.002997094081 0.024008887636
311 313 1785749542.952986956 1785749543.007143974 0.054157019 -0.012091772407 -0.004764382678 0.002533116342 -0.016061335372 0.003943481593 -0.010359719969 0.003002780492 0.023773620048
312 314 1785749542.982991695 1785749543.040473461 0.057481766 -0.012674725237 -0.005258513375 0.002329892282 -0.015534752966 0.004289559377 -0.010613821126 0.002977168194 0.023978628391
313 315 1785749543.012993336 1785749543.073813200 0.060819864 -0.012784048000 -0.005292884009 0.002180405016 -0.015955358501 0.004305937817 -0.011357829541 0.002985614355 0.024642025500
314 316 1785749543.052984715 1785749543.107129574 0.054144859 -0.012806867256 -0.006007275067 0.002134796034 -0.015155353380 0.005949690071 -0.011438786753 0.003082918665 0.024700087746
315 317 1785749543.082989216 1785749543.140479565 0.057490349 -0.012779423565 -0.005805648904 0.002111724990 -0.014672920386 0.005943697959 -0.011239448569 0.002842643848 0.024217897814
316 318 1785749543.122988462 1785749543.190468311 0.067479849 -0.012906115935 -0.005345615452 0.001773338939 -0.012639926621 0.005969614550 -0.011916379921 0.002739986004 0.023306647993
317 319 1785749543.152984619 1785749543.223914385 0.070929766 -0.012960357192 -0.004815320476 0.001539293008 -0.012297799555 0.002912739793 -0.011614794711 0.002724986030 0.022261548123
318 320 1785749543.182925224 1785749543.257189989 0.074264765 -0.012956429474 -0.004873736958 0.001201469120 -0.011768227214 0.000093108157 -0.011025505096 0.002749086703 0.021463573465
319 321 1785749543.222923040 1785749543.290466785 0.067543745 -0.013369278504 -0.005002569147 0.000683492216 -0.012254001471 -0.001057914728 -0.010717537197 0.002724047831 0.021858550802
320 322 1785749543.252898932 1785749543.323915005 0.071016073 -0.013282229233 -0.005189818902 0.000123396100 -0.012333334141 -0.001074007154 -0.011515442174 0.002722617319 0.022285639685
321 323 1785749543.282995701 1785749543.357197523 0.074201822 -0.013252521854 -0.005224173680 -0.000031849793 -0.013452562289 -0.000016242232 -0.012685244453 0.002753905711 0.023503052143
322 324 1785749543.322985411 1785749543.390470982 0.067485571 -0.013234545517 -0.005170083376 0.000002518117 -0.015820112498 0.000380036138 -0.013336490391 0.002704816802 0.025248393222
323 325 1785749543.352982998 1785749543.423925400 0.070942402 -0.013214305493 -0.005167952847 0.000019435756 -0.016751153615 0.000602669839 -0.012569253772 0.002664255167 0.025443559861
324 326 1785749543.392987967 1785749543.457160950 0.064172983 -0.013203723645 -0.005143312041 0.000038077884 -0.016739968339 0.004728621387 -0.012056217310 0.002607623136 0.025603357226
325 327 1785749543.422988176 1785749543.490484715 0.067496538 -0.013174877576 -0.005174737342 0.000051211302 -0.016768127050 0.006978593034 -0.011601061004 0.002624114574 0.025917163570
326 328 1785749543.452987194 1785749543.523854733 0.070867538 -0.013215903389 -0.005046106661 0.000053341831 -0.016738370442 0.006918132711 -0.011375522186 0.002616525973 0.025776121869
327 329 1785749543.492997169 1785749543.557140827 0.064143658 -0.013214908922 -0.003927046371 -0.000057445670 -0.016770328375 0.008956818622 -0.011150282504 0.002569354729 0.026123891523
328 330 1785749543.522981644 1785749543.590463638 0.067481995 -0.013242135526 -0.003912665301 -0.000017092213 -0.016763333360 0.009180947988 -0.010960175442 0.002570592537 0.026128450742
329 331 1785749543.552932024 1785749543.623887062 0.070955038 -0.013227692095 -0.003947468782 -0.000008164058 -0.016807821282 0.011527680974 -0.011266389185 0.002613654634 0.027197562672
330 332 1785749543.592908859 1785749543.657147884 0.064239025 -0.013252521854 -0.003953145350 -0.000012734094 -0.016810078403 0.013301783700 -0.011521024302 0.002593668266 0.028111103809
331 333 1785749543.622913599 1785749543.690481186 0.067567587 -0.013208916809 -0.003985369599 -0.000114690501 -0.016785577321 0.013208048392 -0.011848797890 0.002563348550 0.028169925871
332 334 1785749543.662908554 1785749543.723887682 0.060979128 -0.013186546256 -0.002630226645 -0.000174471902 -0.016780250999 0.013160238085 -0.012138389864 0.002608166084 0.028102406723
333 335 1785749543.692905664 1785749543.757147074 0.064241409 -0.013219436296 -0.001482936847 -0.000356505528 -0.015907672834 0.013156503093 -0.012844164088 0.002574315805 0.027835714028
334 336 1785749543.722905397 1785749543.790506601 0.067601204 -0.013187660749 -0.000892107993 -0.000367690805 -0.015711425995 0.013126192286 -0.012446355733 0.002589518799 0.027488336774
335 337 1785749543.762906075 1785749543.823891401 0.060985327 -0.013186546256 -0.000716073045 -0.000358636057 -0.014768134337 0.013088235674 -0.012446338366 0.002600262873 0.026936941051
336 338 1785749543.792899370 1785749543.857242823 0.064343452 -0.013205987332 -0.003682115672 -0.000516012479 -0.014624294108 0.013115805957 -0.012285629242 0.002620990051 0.027054074830
337 339 1785749543.822938204 1785749543.890512466 0.067574263 -0.013239871839 -0.006597388754 -0.001118998621 -0.015065530706 0.010192232279 -0.012281388344 0.004337223099 0.026843392497
338 340 1785749543.862915754 1785749543.923857927 0.060942173 -0.012943868050 -0.010645276113 -0.001289031624 -0.016399316927 0.000952880185 -0.012154037188 0.005273340712 0.026979650567
339 341 1785749543.892905712 1785749543.957183838 0.064278126 -0.012895258794 -0.009795498638 -0.001403533023 -0.014775304584 0.001495818610 -0.012073319958 0.005710641179 0.025751368395
340 342 1785749543.922904015 1785749543.990462780 0.067558765 -0.012919100652 -0.009204846737 -0.001315130603 -0.013346054100 0.001109595709 -0.011865728409 0.005817625246 0.024644483571
341 343 1785749543.962907553 1785749544.023866653 0.060959101 -0.012904186950 -0.008526898635 -0.001307141120 -0.013511111027 -0.002381515704 -0.011033099461 0.005463257436 0.024098399590
342 344 1785749543.992906094 1785749544.057145119 0.064239025 -0.012912309591 -0.007226675859 -0.001266381623 -0.013496856549 -0.003303735017 -0.010896160924 0.005380648805 0.023692062206
343 345 1785749544.032909393 1785749544.090466022 0.057556629 -0.012904186950 -0.005739034074 -0.001323526127 -0.013441183350 -0.002451524322 -0.010530366344 0.005342770965 0.022963350640
344 346 1785749544.062960625 1785749544.123894691 0.060934067 -0.011765812176 -0.005675160871 -0.001166808929 -0.013406871234 -0.003660339477 -0.010114163460 0.005357267410 0.022274248093
345 347 1785749544.092909336 1785749544.157162189 0.064252853 -0.011538715332 -0.005688070636 -0.001147760761 -0.013406338602 -0.006551439842 -0.009577209185 0.006327387213 0.022830319693
346 348 1785749544.132910013 1785749544.190473318 0.057563305 -0.011574603776 -0.005556400285 -0.001195332886 -0.011597392998 -0.005394040719 -0.009123945226 0.006615965124 0.021374901825
347 349 1785749544.162983179 1785749544.223861456 0.060878277 -0.011067411312 -0.007796001494 -0.001349919556 -0.011437729924 -0.005112478734 -0.008436944314 0.006729837775 0.021413065304
348 350 1785749544.192900181 1785749544.257147789 0.064247608 -0.010320689077 -0.008858289440 -0.001481323591 -0.011412163578 -0.006779540491 -0.007886375098 0.006691407141 0.021687547647
349 351 1785749544.232905149 1785749544.290472984 0.057567835 -0.010035526885 -0.008821689589 -0.001422566189 -0.011481938399 -0.005679946458 -0.007726274562 0.006719479580 0.021201441631
350 352 1785749544.262903690 1785749544.323864222 0.060960531 -0.009874538797 -0.008360853381 -0.001445763824 -0.013208732049 -0.004910261780 -0.007576024905 0.006706452594 0.021689964306
351 353 1785749544.302942991 1785749544.357146263 0.054203272 -0.009602503458 -0.007980874150 -0.000985569588 -0.014171071875 -0.005581547088 -0.007436580750 0.006758813251 0.022132126153
352 354 1785749544.332912445 1785749544.390485287 0.057572842 -0.009621944534 -0.007360255350 -0.000940489972 -0.014247770915 -0.004858748228 -0.007459458617 0.006685061033 0.021784849577
353 355 1785749544.362906694 1785749544.423878193 0.060971498 -0.009619554255 -0.006538167906 0.000086543066 -0.014502060136 -0.004339622130 -0.007395395052 0.006734388124 0.021551725526
354 356 1785749544.402926445 1785749544.457161427 0.054234982 -0.009671380872 -0.006836704457 0.001771511955 -0.014603230727 -0.003608217225 -0.007265675185 0.006750174387 0.021634298227
355 357 1785749544.432904005 1785749544.490492105 0.057588100 -0.010208356715 -0.007120190846 0.004469425081 -0.016085859519 -0.002073433139 -0.005230879281 0.006727190088 0.022595455540
356 358 1785749544.462908745 1785749544.523916721 0.061007977 -0.011623867281 -0.006670061681 0.005720700633 -0.018843520395 -0.000364612837 -0.001654676550 0.007763187910 0.025110688432
357 359 1785749544.502898932 1785749544.557164192 0.054265261 -0.012940764574 -0.006110548247 0.008399786833 -0.020468682703 -0.000579543347 -0.000469208738 0.011948213454 0.028942035349
358 360 1785749544.532911062 1785749544.590484142 0.057573080 -0.012510468261 -0.005840816811 0.009907389194 -0.021278326880 -0.001002775752 -0.000503774037 0.014213159768 0.030737985794
359 361 1785749544.572900534 1785749544.624008656 0.051108122 -0.011847239114 -0.005527017168 0.010974813689 -0.021819775663 -0.001185007079 -0.000502627659 0.017818888600 0.032963977402
360 362 1785749544.602985382 1785749544.673852444 0.070867062 -0.012476356210 -0.005488066088 0.011895417345 -0.022655475613 -0.001054959805 -0.000484274823 0.020203380485 0.035356384262
361 363 1785749544.632989645 1785749544.707172632 0.074182987 -0.013044094864 -0.005512833487 0.012012994004 -0.022789039708 0.000878980142 -0.000485131909 0.022977569716 0.037325176071
362 364 1785749544.672978401 1785749544.740502596 0.067524195 -0.013199164937 -0.005519491389 0.014100624380 -0.022789572340 -0.000254768570 -0.000252471011 0.025276207349 0.039520757358
363 365 1785749544.702982903 1785749544.773828745 0.070845842 -0.012972830945 -0.005463425282 0.014049636927 -0.022813414198 0.000209882981 -0.000266126745 0.025166931242 0.039363394495
364 366 1785749544.732996702 1785749544.807164192 0.074167490 -0.012687668753 -0.005456767379 0.014408997144 -0.022793833398 0.000216847334 -0.000241331213 0.024677947334 0.039077328931
365 367 1785749544.772982359 1785749544.840491056 0.067508698 -0.012436514868 -0.005442639493 0.015477762002 -0.022793833398 -0.000909893231 -0.000230221891 0.025468316574 0.039911467540
366 368 1785749544.802985430 1785749544.873895407 0.070909977 -0.012083260224 -0.005437579487 0.015112367600 -0.022738566239 -0.000718841773 -0.000206207490 0.025814134019 0.039848805096
367 369 1785749544.832986832 1785749544.907126188 0.074139357 -0.011762679039 -0.005430655268 0.015291019551 -0.022818740521 -0.000288692882 -0.000212289625 0.024411559449 0.038966851013
368 370 1785749544.872986078 1785749544.940471888 0.067485809 -0.011689777548 -0.002844878707 0.015498330521 -0.022842105541 0.000338611955 -0.000217473880 0.023203091587 0.038016439610
369 371 1785749544.902986765 1785749544.973864079 0.070877314 -0.012560598116 -0.000672888451 0.014530822204 -0.022818867112 0.000571669984 -0.000217661898 0.024673882423 0.038720040692
370 372 1785749544.942990541 1785749545.007136345 0.064145803 -0.012532465358 0.001531020341 0.015364132152 -0.025086085076 0.000629424484 -0.000279244215 0.025217603618 0.040757534484
371 373 1785749544.972991705 1785749545.040479183 0.067487478 -0.012384660460 0.002400445376 0.016364167248 -0.026604157694 0.001931849981 -0.000550703787 0.023474484264 0.041107126627
372 374 1785749545.002981424 1785749545.073891878 0.070910454 -0.013221073213 0.002443631248 0.016014510365 -0.027402040757 0.003183402535 -0.000595125597 0.021109134402 0.040548591490
373 375 1785749545.042987347 1785749545.107129335 0.064141989 -0.012765190313 0.002430315443 0.016698016453 -0.027447006371 0.005032961346 -0.000631490867 0.026601549256 0.043981704520
374 376 1785749545.072986126 1785749545.140468836 0.067482710 -0.012800578609 0.002375174876 0.016823361977 -0.030829504523 0.006734581870 -0.000722378273 0.026905575209 0.046612943765
375 377 1785749545.102986574 1785749545.173841715 0.070855141 -0.013684066132 0.001981145156 0.015682688044 -0.031958970576 0.009203529984 -0.000671448127 0.026315564945 0.047288115544
376 378 1785749545.142993212 1785749545.207130432 0.064137220 -0.013000164920 0.003247959754 0.014311700725 -0.035698747219 0.018023212817 -0.000696756131 0.025521605758 0.051336662251
377 379 1785749545.172984838 1785749545.240483046 0.067498207 -0.012823167941 0.003211910018 0.016008247881 -0.039299254998 0.015218366205 -0.000698886660 0.024954910350 0.053200376960
378 380 1785749545.212982893 1785749545.273855686 0.060872793 -0.012640389093 0.003181507319 0.015485647478 -0.038936750841 0.020019243601 -0.000681152255 0.024440768304 0.054077375187
379 381 1785749545.242990255 1785749545.307140589 0.064150333 -0.011469554516 0.001894541288 0.016460244771 -0.039742449404 0.021086659166 -0.000553882212 0.024014130797 0.054837709364
380 382 1785749545.272987604 1785749545.340489388 0.067501783 -0.011621427811 0.001192798341 0.018790341322 -0.040215887499 0.016879300804 -0.000475579645 0.023968075455 0.054465406445
381 383 1785749545.312928915 1785749545.373864412 0.060935497 -0.012047197900 0.001165887282 0.017853394090 -0.041309781129 0.016005203354 -0.000512488810 0.023991024592 0.054806335473
382 384 1785749545.342905045 1785749545.407163382 0.064258337 -0.010828059238 0.001737401652 0.018162733743 -0.043281905395 0.019965132036 -0.000307611059 0.024001808986 0.057430493811
383 385 1785749545.372908354 1785749545.440498829 0.067590475 -0.014077153605 0.001796410368 0.015127125896 -0.037365551929 0.018329895726 -0.000042530392 0.023929522915 0.052297387179
384 386 1785749545.412908077 1785749545.473823309 0.060915232 -0.011876562176 -0.001714899998 0.022308310722 -0.043637861659 0.016896435169 0.000273511370 0.023836838805 0.058306745087
385 387 1785749545.442902565 1785749545.507135630 0.064233065 -0.012056952125 -0.003533547296 0.018768392646 -0.040161421697 0.016497352287 0.000317395391 0.020909378803 0.053221366955
386 388 1785749545.472905874 1785749545.540515423 0.067609549 -0.013995811681 -0.003626055275 0.015936521679 -0.035291251079 0.016543600795 0.000287233216 0.019997972553 0.048807461354
387 389 1785749545.512904644 1785749545.573858976 0.060954332 -0.012053898633 -0.004642199278 0.018587645571 -0.037978016633 0.008980950284 0.000332994109 0.023096187897 0.050684110431
388 390 1785749545.542910814 1785749545.607155561 0.064244747 -0.006588480703 -0.008299682075 0.020416922072 -0.038842463899 0.000038371037 0.000281709032 0.025487294668 0.051841716126
389 391 1785749545.582900763 1785749545.640484095 0.057583332 -0.002301250673 -0.012221968181 0.026461204771 -0.044028602098 -0.004851912996 0.000354562898 0.027910974477 0.059967280182
390 392 1785749545.612991333 1785749545.673873186 0.060881853 -0.009302837457 -0.008102018052 0.020561582996 -0.040981622862 -0.001375378566 0.000483957365 0.024571727917 0.053482270733
391 393 1785749545.642989159 1785749545.707134724 0.064145565 -0.006654013118 -0.010560359302 0.023584458537 -0.042820421216 -0.000705442140 0.000461322838 0.022470358676 0.055238027871
392 394 1785749545.682959557 1785749545.740483522 0.057523966 -0.008260214506 -0.009075975571 0.029280759565 -0.043254421988 -0.001513388729 0.000488411126 0.022828478667 0.058331644136
393 395 1785749545.712992668 1785749545.773864746 0.060872078 -0.008005740157 -0.008213339858 0.032198570412 -0.041625356877 -0.001694553907 0.000487112838 0.026648711169 0.060118480500
394 396 1785749545.742992163 1785749545.807132959 0.064140797 -0.013143620710 -0.004692871476 0.023038786328 -0.039998668092 0.001259301608 0.001675180019 0.026029449935 0.054839595779
395 397 1785749545.782992840 1785749545.840471983 0.057479143 -0.006427864504 -0.004741902398 0.023157861981 -0.038796373184 -0.002856217795 0.007080958714 0.034548629740 0.057940952681
396 398 1785749545.812993526 1785749545.873871326 0.060877800 -0.009726864022 -0.004666171332 0.019723515591 -0.036851411322 -0.009894375815 0.002048864998 0.037110871221 0.057816450130
397 399 1785749545.853081226 1785749545.907182693 0.054101467 -0.000833501910 -0.005906676742 0.014089158236 -0.044141851114 -0.018173807497 0.015038546904 0.047433859733 0.070632904345
398 400 1785749545.882993460 1785749545.940565109 0.057571650 0.001982683801 -0.008233517815 0.005766161412 -0.047892590249 -0.016547206154 0.020683799738 0.043080546891 0.070400524091
399 401 1785749545.912979364 1785749545.973866940 0.060887575 -0.008054649945 -0.007027376129 0.001390046178 -0.048252834985 -0.010984123913 0.018197458462 0.038858735212 0.066380188975
400 402 1785749545.952977419 1785749546.007160425 0.054183006 -0.004417736817 -0.010547431887 0.011396023745 -0.051841472622 -0.002532378829 0.016965057155 0.032658637037 0.065642859770
401 403 1785749545.983070135 1785749546.040502787 0.057432652 -0.006305691406 -0.008792825897 0.014251950308 -0.047657971549 0.001572720089 0.015233399471 0.023591056809 0.058159640133
402 404 1785749546.012980461 1785749546.073866606 0.060886145 -0.006050273181 -0.008111765865 0.017773074135 -0.042435110271 -0.000072601055 0.011506537731 0.022496407853 0.053455788711
403 405 1785749546.052980661 1785749546.107219458 0.054238796 0.004353361987 -0.008589588262 0.021989652131 -0.038379990963 -0.014829720728 0.009491219322 0.040746371728 0.063400094356
404 406 1785749546.082986593 1785749546.140480995 0.057494402 -0.002988626914 -0.004780982790 0.018273898977 -0.036806970816 -0.010075269793 0.003580472514 0.034509260895 0.055006346034
405 407 1785749546.112983227 1785749546.190492868 0.077509642 -0.015723118191 -0.003541276953 0.011313507557 -0.035133622774 -0.000551511938 -0.004579254389 0.016858296453 0.043904440391
406 408 1785749546.152981758 1785749546.223884583 0.070902824 -0.010594577779 -0.003364950820 0.005339486115 -0.035288124118 -0.006574110412 0.006355066077 0.029550209042 0.048519588158
407 409 1785749546.182986021 1785749546.257184982 0.074198961 -0.010729575473 -0.003255790746 0.005736479045 -0.035327006270 -0.003218691111 0.002342955265 0.027667942677 0.046775987332
408 410 1785749546.222985506 1785749546.290504932 0.067519426 -0.008104748425 -0.003146610466 0.007807280997 -0.035273869640 -0.002598043257 0.001281698269 0.030371805294 0.048079379743
409 411 1785749546.252980232 1785749546.323933840 0.070953608 -0.009099176732 -0.004038177196 0.008402589670 -0.035285054916 -0.005519437029 -0.000990977865 0.030516924394 0.048759300678
410 412 1785749546.282984495 1785749546.357150793 0.074166298 -0.009338507094 -0.002581528719 0.009306677607 -0.035174941168 -0.002136761546 -0.009829900614 0.029396289568 0.048816977332
411 413 1785749546.322980404 1785749546.390472651 0.067492247 -0.006528787903 -0.002457619075 -0.000552336278 -0.033999783844 -0.002194577946 0.008194382501 0.027457463637 0.045064750372
412 414 1785749546.352982759 1785749546.423861027 0.070878267 -0.006108832810 -0.004164954562 -0.002680798032 -0.031731772679 -0.002056150774 0.010317347795 0.021110612384 0.040312406738
413 415 1785749546.382982254 1785749546.457167864 0.074185610 -0.006221483670 -0.004529358238 0.001875757445 -0.028388741839 0.001634525773 0.007995447190 0.018967353380 0.035986392134
414 416 1785749546.423242331 1785749546.490491152 0.067248821 -0.005635245830 -0.004777506185 0.008186048491 -0.025088235397 -0.003443008374 0.006205200468 0.021637492401 0.035630764840
415 417 1785749546.452981472 1785749546.523860455 0.070878983 -0.003442815585 -0.003443282455 0.011116976559 -0.022957291391 -0.005947575627 0.004835099476 0.023888522983 0.036107436106
416 418 1785749546.492984295 1785749546.557170153 0.064185858 -0.002564179205 -0.002115865906 0.010998875509 -0.019907692724 -0.006968074171 0.004965006140 0.027728097466 0.037018861791
417 419 1785749546.522984266 1785749546.590491295 0.067507029 -0.002311124798 0.000807612614 0.009106364623 -0.021002861650 -0.004001866179 0.005136368440 0.027190304537 0.036218082287
418 420 1785749546.552986145 1785749546.623884201 0.070898056 -0.005502406641 0.001331190085 0.007291238265 -0.023306334896 -0.003154109581 0.003424754936 0.026975567968 0.037118116445
419 421 1785749546.592984438 1785749546.657172203 0.064187765 -0.004070662316 0.001333320614 0.006828401928 -0.025362934505 -0.002805024415 0.003832918416 0.028730523043 0.039449409819
420 422 1785749546.622986794 1785749546.690488338 0.067501545 -0.006496949245 0.001316276383 0.006040262368 -0.026815494445 -0.001646346206 0.004141219391 0.027245820004 0.039518265478
421 423 1785749546.652982712 1785749546.723877192 0.070894480 -0.007756584176 -0.000294383239 0.005775908929 -0.027470437096 -0.001604691553 0.004802006146 0.027367717786 0.040284780905
422 424 1785749546.692981482 1785749546.757176161 0.064194679 -0.006690050404 -0.002262314668 0.005307813801 -0.027517923423 -0.000277733817 0.002617252302 0.027415553944 0.039922720131
423 425 1785749546.722985744 1785749546.790495157 0.067509413 -0.004932234457 -0.004505849931 0.005187848226 -0.027570695279 -0.001418695833 0.002257606454 0.025340052078 0.038482650010
424 426 1785749546.762985945 1785749546.823851347 0.060865402 -0.003144298525 -0.003948116780 0.005327647785 -0.027662278490 -0.004841978663 0.006491682204 0.026046436046 0.039535594689
425 427 1785749546.792990923 1785749546.857193708 0.064202785 -0.003619731216 -0.003467437264 0.005427220479 -0.026004656231 -0.003715993070 0.006083299768 0.026376985726 0.038436739711
426 428 1785749546.823123932 1785749546.890476704 0.067352772 -0.002589591748 -0.001528922306 0.005545836137 -0.025715042632 -0.000994610246 0.005027121043 0.022707116258 0.035255320579
427 429 1785749546.862989902 1785749546.923984051 0.060994148 -0.001468811550 0.001960017507 0.008237607365 -0.026390492166 -0.003195044963 0.004455679468 0.025492739948 0.038082233518
428 430 1785749546.892985106 1785749546.957162380 0.064177275 -0.002328577783 0.004434035953 0.007993751254 -0.024996099249 -0.003737327512 0.003324591541 0.024755580782 0.036764756110
429 431 1785749546.922990561 1785749546.990483284 0.067492723 -0.003767602302 0.007212092203 0.007420816170 -0.023480524576 -0.003310776924 0.003453727390 0.027814697294 0.038329616621
430 432 1785749546.962985039 1785749547.023839951 0.060854912 -0.001460544310 0.007858597522 0.006745294986 -0.024068025528 -0.004894136156 0.003991156334 0.028355973468 0.039148470352
431 433 1785749546.992979527 1785749547.057152510 0.064172983 -0.002709938315 0.007554464526 0.006396945045 -0.024742663835 -0.004309714745 0.003326124101 0.026853654619 0.038318266253
432 434 1785749547.022981882 1785749547.090477228 0.067495346 -0.003719159248 0.005350838448 0.006352330531 -0.025409718699 -0.003523900690 0.003113055693 0.023430477682 0.036049491000
433 435 1785749547.062982082 1785749547.123856306 0.060874224 -0.003404932422 0.003702270936 0.006367650273 -0.026452891176 -0.003068065428 0.002950610344 0.028952809523 0.040273901011
434 436 1785749547.092982531 1785749547.157165289 0.064182758 -0.004053796815 0.002689229326 0.006262442278 -0.026942668103 -0.003636380196 0.002631276200 0.027578013901 0.039616719916
435 437 1785749547.132987738 1785749547.190478325 0.057490587 -0.003224379342 -0.001462114109 0.006056187018 -0.026981297071 -0.003931606097 0.002407444031 0.028854701872 0.040386251696
436 438 1785749547.162982702 1785749547.223917007 0.060934305 -0.002791619473 -0.003275329554 0.006067372294 -0.026934145988 -0.004013859774 0.002423563172 0.026915194421 0.039079336856
437 439 1785749547.192982674 1785749547.257167101 0.064184427 -0.002222818001 -0.003613201079 0.005994431211 -0.027267853205 -0.003864781814 0.002261623245 0.025457034296 0.038282858294
438 440 1785749547.233611345 1785749547.290495157 0.056883812 -0.001632135472 -0.003660672335 0.008043052843 -0.027727108768 -0.003775988356 0.002772031523 0.024820745509 0.038568890343
439 441 1785749547.262897730 1785749547.323962927 0.061065197 -0.001987746744 0.001009662136 0.009402080345 -0.027724445607 -0.003657101178 0.003735686637 0.024751340148 0.038755298174
440 442 1785749547.293131590 1785749547.357237101 0.064105511 -0.002031253331 0.005771241620 0.009342552129 -0.027704552562 -0.003600684825 0.004657472089 0.024709911110 0.039210909419
441 443 1785749547.333021164 1785749547.390491724 0.057470560 -0.002023796480 0.011559918720 0.007728676508 -0.024186994684 -0.003132501106 0.010062549085 0.023579798056 0.038072890080
442 444 1785749547.362906694 1785749547.423856497 0.060949802 -0.002052964660 0.009968891114 0.006477861937 -0.023236080958 -0.003115989507 0.008796498369 0.024825537885 0.037267502102
443 445 1785749547.402896643 1785749547.457224131 0.054327488 -0.002092070466 0.009833167272 0.006047021534 -0.022007463253 -0.003094278178 0.005530169329 0.026480528649 0.036923414976
444 446 1785749547.433064699 1785749547.490483999 0.057419300 -0.002235598450 0.008750249430 0.001916687541 -0.023439500684 -0.003046313144 0.004219367361 0.026378837740 0.036845282116
445 447 1785749547.462901354 1785749547.523860216 0.060958862 -0.002336895633 0.008514576071 -0.001263278573 -0.023505217270 -0.002756032163 0.004255619772 0.025111712422 0.035893652813
446 448 1785749547.503087044 1785749547.557129622 0.054042578 -0.002348879858 0.005962735115 -0.001719452115 -0.023266607821 -0.005992203024 0.002936991783 0.023293909091 0.034241810996
447 449 1785749547.532918215 1785749547.590459108 0.057540894 -0.002375651193 0.005415988143 -0.001193423171 -0.021666347036 -0.005723324706 0.001275814982 0.024144588060 0.033513829698
448 450 1785749547.562917233 1785749547.623915434 0.060998201 -0.002341829047 0.005163393880 -0.004167484894 -0.021861697782 -0.005903118776 0.002827963406 0.025270685867 0.034769215010
449 451 1785749547.602891445 1785749547.657146454 0.054255009 -0.002556086923 0.005577642021 -0.005902056275 -0.023550399677 -0.005565902437 0.009189029632 0.025352638829 0.037219257048
450 452 1785749547.632908583 1785749547.690491915 0.057583332 -0.003075263611 0.008146599402 -0.005911865764 -0.024395864420 -0.004887201857 0.011811236839 0.026210487860 0.039450125694
451 453 1785749547.662876844 1785749547.723865032 0.060988188 -0.003456235371 0.009634524755 -0.002714234360 -0.025567630119 -0.004405051036 0.010003834493 0.026298851241 0.039710844414
452 454 1785749547.702879906 1785749547.757156372 0.054276466 -0.003554057313 0.010971084413 -0.001718292004 -0.026152000398 -0.004186913275 0.007597972259 0.025809569846 0.039512896498
453 455 1785749547.733179569 1785749547.807130814 0.073951244 -0.003519352289 0.008921920677 0.000664904327 -0.026242615406 -0.004114910864 0.000502828535 0.024465563056 0.037374490950
454 456 1785749547.772939205 1785749547.840472937 0.067533731 -0.003520151238 0.008884949290 -0.000555626603 -0.026165130550 -0.004103725587 0.002231570065 0.024536165629 0.037417916279
455 457 1785749547.803115368 1785749547.873844385 0.070729017 -0.003513227019 0.009727940415 -0.002208395652 -0.026106008374 -0.004083612155 0.002653057223 0.025482381872 0.038294159608
456 458 1785749547.832906723 1785749547.907185078 0.074278355 -0.003694938534 0.010230725022 -0.002983879255 -0.026035700921 -0.004093998483 0.005230101749 0.026100837636 0.039120967221
457 459 1785749547.872988939 1785749547.940475464 0.067486525 -0.003705324863 0.009649060568 -0.001410021617 -0.026078311499 -0.004077486884 0.006932435446 0.025711188988 0.038918505797
458 460 1785749547.903109074 1785749547.973841429 0.070732355 -0.003716958842 0.009228417032 0.000424950460 -0.026034326678 -0.004106781656 0.005052089211 0.025120716888 0.038083932181
459 461 1785749547.933016300 1785749548.007164240 0.074147940 -0.003826765008 0.009138629106 0.001303130276 -0.026137453881 -0.004054766086 0.004393314739 0.024324302245 0.037555789679
460 462 1785749547.972901821 1785749548.040495872 0.067594051 -0.004288599804 0.009048839311 0.000611667271 -0.025138101862 -0.004093998483 0.005670466759 0.023704109646 0.036652035608
461 463 1785749548.002903700 1785749548.073879957 0.070976257 -0.004379819638 0.008946269608 0.000821465304 -0.025168325128 -0.004051037660 0.004645630651 0.023464041587 0.036357832620
462 464 1785749548.042903900 1785749548.107131481 0.064227581 -0.004435563633 0.009700226369 0.000880390091 -0.024923577900 -0.004068880840 0.004397809398 0.023471452487 0.036366661093
463 465 1785749548.072902441 1785749548.140477896 0.067575455 -0.004750531661 0.010487216194 0.000908254825 -0.025355102938 -0.004047841867 0.003801118255 0.023480426121 0.036856741052
464 466 1785749548.102895975 1785749548.173853397 0.070957422 -0.005798865326 0.010350362822 0.001172478406 -0.025457832571 -0.004091517709 0.003502779902 0.023497064785 0.037031808384
465 467 1785749548.142905235 1785749548.207182407 0.064277172 -0.008770944632 0.010444997752 0.000887012947 -0.025729830452 -0.004070478736 0.005836633923 0.023597838706 0.038161911628
466 468 1785749548.172905207 1785749548.240483284 0.067578077 -0.009636898545 0.009604001865 -0.000015096233 -0.026158760714 -0.004080865064 0.005279342759 0.023825353776 0.038491038666
467 469 1785749548.202898741 1785749548.274014473 0.071115732 -0.010781148130 0.009093734995 -0.000256614872 -0.026216452852 -0.004066750311 0.004646944959 0.023525930945 0.038443457244
468 470 1785749548.242907763 1785749548.307137728 0.064229965 -0.010596764441 0.008691644996 -0.000186540397 -0.026238219976 -0.004080066116 0.004064469820 0.024715914234 0.038991773043
469 471 1785749548.272909880 1785749548.340513945 0.067604065 -0.009809868724 0.008602229772 -0.000332629276 -0.026211588365 -0.004027350528 0.002944810694 0.024446587892 0.038469689499
470 472 1785749548.302907944 1785749548.373862505 0.070954561 -0.009585858876 0.009420488775 -0.000348700954 -0.026230636533 -0.004038535805 0.002542745540 0.024015084861 0.038318426529
471 473 1785749548.342891216 1785749548.407147169 0.064255953 -0.009509805928 0.010677099432 -0.000863996673 -0.026178103332 -0.004065433732 0.002554087412 0.024713646902 0.039042181067
472 474 1785749548.372899294 1785749548.440490246 0.067590952 -0.009494541981 0.010909571792 -0.000570677417 -0.026216914687 -0.004086990335 0.003036078776 0.023556972179 0.038440467936
473 475 1785749548.412941456 1785749548.473938704 0.060997248 -0.009444601144 0.010466197591 -0.000239244032 -0.025339304650 -0.004092050341 0.003660237464 0.023104925395 0.037481451045
474 476 1785749548.442903519 1785749548.507143974 0.064240456 -0.009456991409 0.010139833224 0.000817037538 -0.025131112984 -0.004055047404 0.003881031336 0.023158883476 0.037313951707
475 477 1785749548.472909451 1785749548.540487528 0.067578077 -0.009428089545 0.009502699018 0.000555629121 -0.025403449374 -0.004088321915 0.004041323157 0.023013585051 0.037249240137
476 478 1785749548.512903452 1785749548.573884487 0.060981035 -0.009550034189 0.009555054494 0.000242352785 -0.026038025409 -0.004027350528 0.003474768396 0.022965881175 0.037633296259
477 479 1785749548.542903185 1785749548.607341766 0.064438581 -0.009945543142 0.009746831622 0.000224184229 -0.025946332546 -0.004080066116 0.003577296810 0.022753546573 0.037607776587
478 480 1785749548.572897196 1785749548.640498877 0.067601681 -0.010420599947 0.009941538229 0.000600648821 -0.026113642474 -0.004050238712 0.003436848343 0.022720518217 0.037870100291
479 481 1785749548.612895489 1785749548.673866034 0.060970545 -0.010600802157 0.010483313786 0.000642579114 -0.025563535658 -0.004041465282 0.003187589101 0.022762469097 0.037693610903
480 482 1785749548.642889023 1785749548.707141638 0.064252615 -0.010575743575 0.009777872798 0.001141122016 -0.025579370238 -0.004083261909 0.003236835079 0.022801386884 0.037551469516
481 483 1785749548.672896862 1785749548.740514517 0.067617655 -0.010539148074 0.008890385051 0.001389963527 -0.025558352868 -0.004062504255 0.003097441560 0.022811233079 0.037305822978
482 484 1785749548.712903500 1785749548.773895741 0.060992241 -0.010443654051 0.008313399430 0.000408748596 -0.025541782208 -0.004041465282 0.002275775181 0.022987884116 0.037157605469
483 485 1785749548.742905855 1785749548.807152033 0.064246178 -0.010525062851 0.008239266490 0.000254784234 -0.025586464254 -0.004053967137 0.001905028896 0.023522500111 0.037506883694
484 486 1785749548.782881498 1785749548.840490818 0.057609320 -0.010518531540 0.008204239356 0.000034398052 -0.025319053350 -0.004048640815 0.001185582286 0.023348337799 0.037174543316
485 487 1785749548.812885523 1785749548.873912811 0.061027288 -0.010477155482 0.008187727757 -0.001389424468 -0.025229638668 -0.004079533484 0.003101946076 0.023368989022 0.037251163087
486 488 1785749548.842900991 1785749548.907163143 0.064262152 -0.010946058883 0.008233267812 -0.002423528917 -0.025338315847 -0.004051318978 0.004411810390 0.023334306975 0.037628098340
487 489 1785749548.882899761 1785749548.940524340 0.057624578 -0.011103209713 0.008214625684 -0.002877792088 -0.025344120945 -0.004054766086 0.006765210477 0.023320478697 0.038044992079
488 490 1785749548.912890911 1785749548.973846197 0.060955286 -0.010917764568 0.008231137283 -0.001051239860 -0.025154626347 -0.004064901100 0.005790888203 0.023465867133 0.037702974199
489 491 1785749548.942894220 1785749549.007136106 0.064241886 -0.010823223745 0.008523619359 0.000703952241 -0.024819453030 -0.004059826092 0.004904330705 0.023715960935 0.037540331742
490 492 1785749548.982878685 1785749549.040509701 0.057631016 -0.010727407611 0.011114917533 0.000434415158 -0.025733884632 -0.004047309235 0.004398594025 0.024276394521 0.039065481861
491 493 1785749549.012897730 1785749549.073889732 0.060992002 -0.010689325803 0.010570604634 0.000147381333 -0.025349173253 -0.004048389501 0.004165248111 0.025344818078 0.039302674554
492 494 1785749549.052907228 1785749549.107156754 0.054249525 -0.011263185886 0.009432958324 0.000885149691 -0.024571382562 -0.004087789283 0.004108477278 0.024809138619 0.038333527829
493 495 1785749549.082900524 1785749549.140516520 0.057615995 -0.011817849605 0.009030325826 0.001081099286 -0.025356701985 -0.003982061788 0.003574685481 0.024525770282 0.038671540767
494 496 1785749549.112902641 1785749549.173978329 0.061075687 -0.012343828041 0.009967563322 0.001226113577 -0.025986318883 -0.003700299345 0.003449779464 0.024353814928 0.039334667000
495 497 1785749549.152901173 1785749549.207165003 0.054263830 -0.012993591792 0.010302163595 0.000722087376 -0.024631809972 -0.002383632502 0.003391346516 0.024377392812 0.038647841990
496 498 1785749549.182903528 1785749549.240503788 0.057600260 -0.012175968311 0.009970802090 0.000792491891 -0.024466327029 -0.002415057803 0.003213221809 0.024114990308 0.038007767055
497 499 1785749549.212898016 1785749549.273879766 0.060981750 -0.011354614466 0.010577638899 0.000914042772 -0.024202986556 -0.002367919851 0.003203537368 0.024107340754 0.037742116012
498 500 1785749549.252899408 1785749549.323888063 0.070988655 -0.010570220896 0.009802156232 0.000901875848 -0.024312164655 -0.002370050380 0.003215711954 0.024296425191 0.037496410309
499 501 1785749549.282890320 1785749549.357160807 0.074270487 -0.010868786976 0.009438093641 0.001383359517 -0.024946719629 -0.002411329377 0.003306147840 0.024251105501 0.037898837537
500 502 1785749549.322900295 1785749549.390483856 0.067583561 -0.011432992147 0.009721580573 0.000272182325 -0.025359935844 -0.002409997797 0.003059835893 0.024253641597 0.038364471628
501 503 1785749549.352894306 1785749549.423925400 0.071031094 -0.011886087706 0.009742479821 0.000917952106 -0.025934565886 -0.002236892326 0.003029181407 0.024285893980 0.038905315980
502 504 1785749549.382901907 1785749549.457158327 0.074256420 -0.012054801719 0.009725435590 0.000618871188 -0.025918730452 -0.002166067242 0.002973376457 0.024250659140 0.038906210498
503 505 1785749549.422915936 1785749549.490497589 0.067581654 -0.011922873834 0.009761388265 0.001038687641 -0.025669510249 -0.002156213546 0.002988655407 0.024254448519 0.038720819216
504 506 1785749549.452890158 1785749549.523841858 0.070951700 -0.011505788927 0.009729612719 0.001572684778 -0.025871944372 -0.002107995329 0.003027213105 0.024285584528 0.038759213935
505 507 1785749549.482946396 1785749549.557195425 0.074249029 -0.011180524016 0.009739999047 0.001618279232 -0.025074648029 -0.001869908727 0.002967634251 0.024306187434 0.038135582589
506 508 1785749549.522888422 1785749549.590474129 0.067585707 -0.010903906362 0.009712302172 0.001551476551 -0.024104807049 -0.001879496107 0.003027826850 0.024095085909 0.037281982187
507 509 1785749549.552883148 1785749549.623891354 0.071008205 -0.010915365883 0.009926546916 0.001685137707 -0.025506411709 -0.001824383675 0.003056918602 0.023123225958 0.037662381486
508 510 1785749549.592888117 1785749549.657170773 0.064282656 -0.011049648263 0.010630140943 0.001086806074 -0.024534434142 -0.001864064775 0.002933154278 0.025043710769 0.038437999556
509 511 1785749549.622913837 1785749549.690501451 0.067587614 -0.011147428938 0.010576121436 0.000761435320 -0.024915148286 -0.001843543433 0.002985159532 0.025868063932 0.039229204374
510 512 1785749549.652897835 1785749549.723950863 0.071053028 -0.011142901564 0.010598102347 0.001041384683 -0.025807834909 -0.001864582405 0.002974755386 0.025432312906 0.039531521982
511 513 1785749549.692907810 1785749549.757192373 0.064284563 -0.011078579657 0.011294253510 0.001855837551 -0.025300431612 -0.001846221596 0.002989512019 0.026192761892 0.039903102062
512 514 1785749549.722901344 1785749549.790490627 0.067589283 -0.011104818360 0.010627164765 0.001808159039 -0.025498125902 -0.001851799232 0.002988938594 0.026827309113 0.040270894129
513 515 1785749549.752911568 1785749549.823911905 0.071000338 -0.011046874908 0.010104293302 0.001669324417 -0.026119024150 -0.001852598180 0.003022733079 0.025495135226 0.039644560918
514 516 1785749549.792887926 1785749549.857156515 0.064268589 -0.011046075960 0.009691292270 0.001198041966 -0.026152900695 -0.001842211852 0.002876617888 0.024418308392 0.038849310406
515 517 1785749549.822921038 1785749549.890547514 0.067626476 -0.011120910786 0.009039248169 0.001204150838 -0.026196043905 -0.001842211852 0.002794333238 0.022781302010 0.037726053646
516 518 1785749549.862906218 1785749549.923925161 0.061018944 -0.011213085690 0.009117389837 0.001333521406 -0.026247456046 -0.001848070807 0.002778886904 0.023708402646 0.038376988555
517 519 1785749549.892907381 1785749549.957213640 0.064306259 -0.011523682467 0.009250669279 0.001407121714 -0.026228154694 -0.001388142886 0.002787743790 0.024243525436 0.038803520608
518 520 1785749549.922890663 1785749549.990480900 0.067590237 -0.011750126618 0.009778410746 0.001453222535 -0.026104934265 -0.000440338856 0.002821426685 0.023534344309 0.038461434579
519 521 1785749549.962903261 1785749550.023939371 0.061036110 -0.012065408287 0.010342556856 0.001490842034 -0.026081316060 -0.000195845666 0.002809252099 0.023692944300 0.038785127038
520 522 1785749549.992883444 1785749550.057294369 0.064410925 -0.011891342541 0.010980681180 0.001499896781 -0.026118067683 0.001073683225 0.002826215216 0.025216625816 0.039892368220
521 523 1785749550.022909880 1785749550.090478897 0.067569017 -0.011707871803 0.010796296637 0.001516814420 -0.026123855841 0.001759979838 0.002797777530 0.024044704895 0.039082781053
522 524 1785749550.062884092 1785749550.124017954 0.061133862 -0.011420623107 0.010954614456 0.001596750520 -0.026162611401 0.001925362142 0.002823790710 0.024021592539 0.039066402177
523 525 1785749550.092887878 1785749550.157187939 0.064300060 -0.011730119884 0.010533319623 0.001721580582 -0.026199713269 0.002220440391 0.002813797290 0.024261026646 0.039234940735
524 526 1785749550.132904768 1785749550.190491438 0.057586670 -0.011687433305 0.009400626933 0.001260888448 -0.025733660079 0.002212633295 0.002818139461 0.024175329554 0.038549490268
525 527 1785749550.162875414 1785749550.223929644 0.061054230 -0.011515984792 0.009195482866 0.000435084002 -0.025831452489 0.002251781763 0.002601345939 0.023525891354 0.038077987506
526 528 1785749550.192872524 1785749550.257223845 0.064351320 -0.011448537889 0.009147672558 0.000298172342 -0.025960357956 0.002263849917 0.002467136676 0.021907254518 0.037147242230
527 529 1785749550.232920647 1785749550.290544271 0.057623625 -0.011437352613 0.009175369434 -0.001063514826 -0.025057369164 0.002238199641 0.002321539116 0.026586227866 0.039512401165
528 530 1785749550.262908697 1785749550.323922157 0.061013460 -0.011422271052 0.009203738665 -0.001694535038 -0.025340667177 0.002230742790 0.002230534016 0.029020704233 0.041380559602
529 531 1785749550.292902708 1785749550.357180357 0.064277649 -0.011404077628 0.009411325506 -0.001080781166 -0.025363387976 0.002238199641 0.002242906463 0.027496040944 0.040362953391
530 532 1785749550.332900047 1785749550.390463829 0.057563782 -0.011331626514 0.009515708289 0.000257317787 -0.025340764239 0.002232074370 0.002253645379 0.025735642062 0.039160686334
531 533 1785749550.362901688 1785749550.423969030 0.061067343 -0.011328024680 0.010342708398 0.000681677159 -0.025134517449 0.002238998589 0.002394346557 0.024479222102 0.038438037620
532 534 1785749550.402890682 1785749550.457135916 0.054245234 -0.011300327805 0.010281954445 0.001124252411 -0.024030458598 0.002244857544 0.002385408557 0.024180589817 0.037517640689
533 535 1785749550.432886839 1785749550.490464926 0.057578087 -0.011304056230 0.009165160058 0.001780781223 -0.024636481144 0.002228345945 0.002394092900 0.023953143651 0.037501460349
534 536 1785749550.462993622 1785749550.523912907 0.060919285 -0.011286395438 0.008782096624 0.000967945603 -0.025662600066 0.002255510188 0.002404055843 0.021749611093 0.036714115778
535 537 1785749550.502884150 1785749550.557168722 0.054284573 -0.011281868064 0.008670822419 -0.001386567164 -0.023406794055 0.002211301714 0.002255810124 0.028489917595 0.039672638229
536 538 1785749550.532906055 1785749550.590464592 0.057558537 -0.011292520708 0.008557443950 -0.001835905079 -0.024247400843 0.002152712170 0.002107711630 0.026942152694 0.039077027468
537 539 1785749550.562890768 1785749550.623895407 0.061004639 -0.011303705985 0.007756098778 -0.000996920514 -0.025125598453 0.002047783623 0.002096627626 0.025840733394 0.038685309264
538 540 1785749550.603305817 1785749550.657137394 0.053831577 -0.011312760733 0.006131177605 0.000742572068 -0.025341955931 0.002049381520 0.002202073804 0.025335808322 0.038200632388
539 541 1785749550.632879972 1785749550.690464258 0.057584286 -0.011290123863 0.005842351218 0.001269957231 -0.025446124926 0.002021684644 0.002354913932 0.025034467398 0.038040444478
540 542 1785749550.662882328 1785749550.723970413 0.061088085 -0.011311961784 0.005839155425 0.004129018180 -0.025468130706 0.002027809915 0.002339939277 0.024871749179 0.038156544974
541 543 1785749550.703076601 1785749550.757225037 0.054148436 -0.011313559681 0.006454878269 0.007005197423 -0.025514440178 0.002062963641 0.002346138160 0.024777558602 0.038644652000
542 544 1785749550.733009338 1785749550.807173729 0.074164391 -0.011311162836 0.007610965823 0.007061095129 -0.025745290316 0.002050979416 0.002325532888 0.024577150087 0.038887005150
543 545 1785749550.772907495 1785749550.840481520 0.067574024 -0.011280536483 0.008830497540 0.007807274866 -0.025959167020 0.002035266766 0.002316356234 0.024574071042 0.039413866443
544 546 1785749550.802905321 1785749550.873961687 0.071056366 -0.011284264909 0.008288862562 0.007840145207 -0.026021734907 0.002035266766 0.002756482943 0.024345431127 0.039231096943
545 547 1785749550.832904816 1785749550.907226801 0.074321985 -0.011250569355 0.008173858535 0.007169967285 -0.026060308080 0.002019554115 0.003475662037 0.024282868779 0.039112042951
546 548 1785749550.872895718 1785749550.940491199 0.067595482 -0.011289591231 0.007756807508 0.005396272469 -0.026083617306 0.002029940444 0.003449173867 0.025270131537 0.039391557315
547 549 1785749550.902904510 1785749550.974111080 0.071206570 -0.011246967521 0.007788484123 0.004556438053 -0.026114916015 0.002021811236 0.003247378899 0.024917158939 0.039056404463
548 550 1785749550.932910681 1785749551.007223606 0.074312925 -0.011268678850 0.007770095180 0.004068699797 -0.026098404416 0.002021684644 0.003050531425 0.025186697441 0.039151005249
549 551 1785749550.972906351 1785749551.040502787 0.067596436 -0.011272407276 0.007741599356 0.003650050874 -0.026128637861 0.002041125720 0.002892698325 0.024807564483 0.038871291046
550 552 1785749551.002887249 1785749551.073864937 0.070977688 -0.011236581193 0.007762666463 0.003651913691 -0.026175703619 0.002077877343 0.002855758211 0.024421457189 0.038651056667
551 553 1785749551.042903900 1785749551.107313395 0.064409494 -0.011232180411 0.007716425918 0.003744800348 -0.024826778334 0.002143124790 0.002991741653 0.024156791933 0.037592441478
552 554 1785749551.072906971 1785749551.140513897 0.067606926 -0.011246168573 0.008300225021 0.003826263547 -0.024497028400 0.002158837440 0.002944088414 0.024679206604 0.037848463779
553 555 1785749551.102905273 1785749551.173918009 0.071012735 -0.011238179090 0.009252033590 0.003589942700 -0.025477461866 0.002125814243 0.002953361184 0.024794419237 0.038754228160
554 556 1785749551.142896891 1785749551.207206488 0.064309597 -0.011270809379 0.009784657338 0.002992791187 -0.025793615691 0.002140727945 0.002830230765 0.025327084251 0.039383907777
555 557 1785749551.172892332 1785749551.240503788 0.067611456 -0.011199956162 0.008787168760 0.003215875495 -0.026313905511 0.002155109015 0.002908522543 0.024853955358 0.039194896690
556 558 1785749551.202878952 1785749551.274042845 0.071163893 -0.010993929217 0.009461746692 0.003343972147 -0.025832625519 0.002627553792 0.003132212600 0.024724940194 0.038947853385
557 559 1785749551.242896795 1785749551.307180882 0.064284086 -0.012783502131 0.010695944445 0.003269138717 -0.025462872374 0.002620895890 0.002810109336 0.024700748564 0.039519097676
558 560 1785749551.272897720 1785749551.340559006 0.067661285 -0.011809397383 0.010895077013 0.003295938186 -0.026187451518 0.002925028886 0.002564740746 0.024661906732 0.039725983033
559 561 1785749551.312913656 1785749551.373944283 0.061030626 -0.011048768503 0.009795558981 0.003336950867 -0.026407060584 0.002894402534 0.002537830160 0.024526616729 0.039279376613
560 562 1785749551.342881203 1785749551.407187223 0.064306021 -0.010875146798 0.009554910942 0.003312449785 -0.026622087878 0.002896533062 0.002533396086 0.024229758151 0.039130067814
561 563 1785749551.372892618 1785749551.440516233 0.067623615 -0.010871068128 0.009474373283 0.003907806013 -0.026681307116 0.002894402534 0.002420426473 0.024908920451 0.039620667800
562 564 1785749551.412894011 1785749551.473984003 0.061089993 -0.010874796553 0.010891588951 0.004348222060 -0.026845607757 0.002888277263 0.002408946746 0.024545638876 0.039913846703
563 565 1785749551.442895889 1785749551.507191658 0.064295769 -0.010819501260 0.011497247036 0.004370887064 -0.026928795444 0.003023832163 0.002466633252 0.023790559718 0.039682887332
564 566 1785749551.472897291 1785749551.540593624 0.067696333 -0.010797929655 0.010792636396 0.004348222060 -0.026894356737 0.003211178979 0.002564064628 0.023601416890 0.039359912623
565 567 1785749551.512911081 1785749551.573983908 0.061072826 -0.010817903364 0.009828712660 0.004267585944 -0.026922809898 0.003256858758 0.002462898722 0.024616461285 0.039740706758
566 568 1785749551.542903185 1785749551.607296944 0.064393759 -0.010780900426 0.009578210925 0.004329609463 -0.026985001276 0.003253130332 0.002138984225 0.024934172503 0.039897077830
567 569 1785749551.582903147 1785749551.640502691 0.057599545 -0.010742466977 0.009160010705 0.004636167439 -0.026962757314 0.003284555633 0.002125338807 0.023902267789 0.039171603230
568 570 1785749551.612911463 1785749551.673979759 0.061068296 -0.010812325727 0.008998889459 0.005865188148 -0.026924940427 0.003271772460 0.002164175481 0.023726071537 0.039186143843
569 571 1785749551.642904043 1785749551.707249641 0.064345598 -0.010789156226 0.009009542103 0.007035972824 -0.026952637302 0.003301067232 0.002157327217 0.023524054809 0.039274159091
570 572 1785749551.682903051 1785749551.740495682 0.057592630 -0.010802190713 0.010355017015 0.007807972091 -0.026965293884 0.003271772460 0.002210118760 0.023406812402 0.039692230862
571 573 1785749551.712917089 1785749551.773908854 0.060991764 -0.010796613077 0.011376841852 0.008428665807 -0.027510176643 0.003249528499 0.002186880804 0.023460683738 0.040491939633
572 574 1785749551.742970467 1785749551.807239056 0.064268589 -0.010767318305 0.011183026906 0.009628792581 -0.028367841105 0.003294143013 0.002201708235 0.023713146251 0.041430127833
573 575 1785749551.782909155 1785749551.840562344 0.057653189 -0.010747653575 0.009912606125 0.009839945978 -0.030515946841 0.003270973512 0.002159868472 0.023803181256 0.042705679990
574 576 1785749551.812891483 1785749551.874008417 0.061116934 -0.010766435427 0.009607217007 0.008988956670 -0.033326203014 0.003245001125 0.002189833257 0.024041039519 0.044642456059
575 577 1785749551.842897415 1785749551.907254934 0.064357519 -0.010768565956 0.009598078330 0.008312176098 -0.036543693977 0.003251659028 0.002160969371 0.023879635063 0.046883888567
576 578 1785749551.882891178 1785749551.940515757 0.057624578 -0.010723685126 0.009566386713 0.008730537103 -0.040650165906 0.003254588505 0.002167954543 0.023974834163 0.050251930213
577 579 1785749551.912916183 1785749551.973917246 0.061001062 -0.010748325932 0.009623602013 0.009435834871 -0.041385638058 0.003280827208 0.002153816814 0.023955020339 0.050982271396
578 580 1785749551.952879429 1785749552.007284164 0.054404736 -0.010722059095 0.009124918533 0.013829436602 -0.040634077912 0.003276426426 0.002170698818 0.023916873366 0.051264724998
579 581 1785749551.982899189 1785749552.040515900 0.057616711 -0.010756708323 0.009069973486 0.014466668807 -0.041014393172 0.003242604280 0.002182984994 0.023901949348 0.051730254544
580 582 1785749552.012881994 1785749552.073844671 0.060962677 -0.010764964122 0.009394879139 0.011833689256 -0.041602482321 0.003257784298 0.002143443145 0.023862579569 0.051571127136
581 583 1785749552.052893400 1785749552.107185841 0.054292440 -0.010744724098 0.009849747053 0.009593429447 -0.042664322961 0.003271100104 0.001763764018 0.023826801780 0.052021845389
582 584 1785749552.082893610 1785749552.140517235 0.057623625 -0.010758306220 0.009854134702 0.008124987602 -0.043130248475 0.003271899052 0.001626475237 0.023817655603 0.052150842218
583 585 1785749552.112895012 1785749552.173976183 0.061081171 -0.010738038061 0.009983733586 0.007261243797 -0.043636630567 0.003034484807 0.001517533185 0.023740174486 0.052411529992
584 586 1785749552.152902842 1785749552.207259178 0.054356337 -0.010775223859 0.011535685541 0.004153001500 -0.043267718803 0.002254711240 0.001528505597 0.023725189987 0.052046374456
585 587 1785749552.182899475 1785749552.240558863 0.057659388 -0.010716200140 0.011557552993 0.002861934884 -0.042352588891 0.001183587849 0.001548380375 0.023718737447 0.051153917756
586 588 1785749552.222891092 1785749552.290501118 0.067610025 -0.010726053836 0.011514424785 0.002729284282 -0.041305551842 0.000726589406 0.001477469020 0.023648768977 0.050231493465
587 589 1785749552.252893686 1785749552.323972940 0.071079254 -0.010680528784 0.010881391394 0.002924062227 -0.040512555181 0.000629384026 0.001542719282 0.023621097420 0.049426996584
588 590 1785749552.282891989 1785749552.357235909 0.074343920 -0.010702618019 0.009198722288 0.002870672413 -0.040752890433 0.000479448057 0.001535769745 0.023510050157 0.049229181188
589 591 1785749552.322889566 1785749552.390500546 0.067610979 -0.010728184365 0.008896986137 0.002793876312 -0.041364508342 0.000348420531 0.001518390744 0.023490499834 0.049672015130
590 592 1785749552.352878571 1785749552.423924923 0.071046352 -0.010707426711 0.008905241936 0.002834736136 -0.041719259194 0.000349219480 0.001488492069 0.023445423484 0.049945070653
591 593 1785749552.382876158 1785749552.457205772 0.074329615 -0.010689583531 0.008968161465 0.004426211673 -0.041459135344 0.000378247936 0.001520490796 0.023521894185 0.049888684480
592 594 1785749552.422897816 1785749552.490493536 0.067595720 -0.010719129618 0.008955378292 0.005720914003 -0.041647075250 0.000355877382 0.001520444844 0.023364326859 0.050106251554
593 595 1785749552.452890873 1785749552.523916006 0.071025133 -0.010707426711 0.008922103780 0.006390559293 -0.041580820203 0.000346822635 0.001485372231 0.023557050001 0.050212727478
594 596 1785749552.482882738 1785749552.557214022 0.074331284 -0.010715149878 0.008937816430 0.006402209671 -0.041577218370 0.000375318458 0.001489217405 0.024115020089 0.050480146610
595 597 1785749552.522904158 1785749552.590487719 0.067583561 -0.010691181428 0.009099120063 0.006329141996 -0.041551119391 0.000319252351 0.001518020338 0.024375087913 0.050598420192
596 598 1785749552.552895069 1785749552.623922110 0.071027040 -0.010715149878 0.009769704026 0.004797232676 -0.041533192283 0.000355078434 0.001547568767 0.023920105813 0.050328655536
597 599 1785749552.593011141 1785749552.657326221 0.064315081 -0.009959063442 0.011179946281 0.001397001538 -0.041525329391 0.000381443729 0.001511420573 0.024451943561 0.050505506365
598 600 1785749552.622907400 1785749552.690582514 0.067675114 -0.008491661682 0.011746331717 0.000908130717 -0.041492965418 0.000160401358 0.001503157273 0.025664136031 0.050926501903
599 601 1785749552.652893066 1785749552.723924637 0.071031570 -0.007575534267 0.011752190672 0.000470213468 -0.041466895970 -0.000210310665 0.001496846800 0.025756873906 0.050802840485
600 602 1785749552.692887783 1785749552.757201195 0.064313412 -0.007035445198 0.011699376153 0.000867469596 -0.041718751742 -0.001359464676 0.001514712955 0.025396890817 0.050761444075
601 603 1785749552.722906113 1785749552.790582180 0.067676067 -0.006924657696 0.011107888075 0.001961005890 -0.041999338185 -0.002072392899 0.001512232181 0.024735898827 0.050572446678
602 604 1785749552.752892256 1785749552.823950529 0.071058273 -0.006782444894 0.010276449182 0.001717583642 -0.042310522846 -0.002330186893 0.001500889836 0.024683291045 0.050613088245
603 605 1785749552.792937994 1785749552.857308388 0.064370394 -0.006774988043 0.010003741487 0.001880353917 -0.042380495910 -0.002565526404 0.001513809917 0.024209847542 0.050404441623
604 606 1785749552.822908640 1785749552.890502214 0.067593575 -0.006800316208 0.009996284636 0.002021877965 -0.041765639003 -0.003058827767 0.001492215337 0.024105029638 0.049872459200
605 607 1785749552.862901211 1785749552.923974037 0.061072826 -0.006821355180 0.011211401112 0.002134934323 -0.041556403133 -0.003068681463 0.001537022555 0.023998907816 0.049914384779
606 608 1785749552.893033504 1785749552.957264662 0.064231157 -0.006825083606 0.011676236182 0.002340877339 -0.041349506443 -0.003334114695 0.001510319674 0.023804429525 0.049781782800
607 609 1785749552.922895432 1785749552.990526199 0.067630768 -0.006803512001 0.011888468518 0.002265784666 -0.041221454323 -0.003573799193 0.001480603860 0.023725289559 0.049697274865
608 610 1785749552.963068724 1785749553.023972034 0.060903311 -0.006804843581 0.011118561237 0.001647589518 -0.041329637724 -0.003595119483 0.001541542428 0.023747391453 0.049598605260
609 611 1785749552.992891550 1785749553.057309389 0.064417839 -0.006784575423 0.010364113423 0.001826959129 -0.041323458055 -0.003634519266 0.001489136292 0.023746402144 0.049434099041
610 612 1785749553.022902250 1785749553.090576649 0.067674398 -0.006814697277 0.009411567690 0.001424373644 -0.041321174669 -0.003660618244 0.001494092209 0.023602214935 0.049164855425
611 613 1785749553.062879562 1785749553.124048471 0.061168909 -0.006826681502 0.008747587232 0.001312998799 -0.041359300536 -0.004371164625 0.001496090987 0.023586793919 0.049123535960
612 614 1785749553.092905045 1785749553.157322407 0.064417362 -0.006792859357 0.008696370609 0.001603355239 -0.041326277338 -0.005395011736 0.001502873139 0.023561775207 0.049180522332
613 615 1785749553.132910252 1785749553.190577269 0.057667017 -0.006799783575 0.008578925205 0.001222816326 -0.041396305343 -0.005637261792 0.001532086798 0.023565255134 0.049238517952
614 616 1785749553.162881136 1785749553.223987818 0.061106682 -0.006831208876 0.007061189700 0.002005408323 -0.041701097563 -0.006288454727 0.001517538343 0.023579108730 0.049369534828
615 617 1785749553.193053246 1785749553.257268667 0.064215422 -0.006818425703 0.005953931248 0.002325711143 -0.042240704591 -0.006757615432 0.001496476394 0.023564666706 0.049747609067
616 618 1785749553.232892752 1785749553.290587664 0.057694912 -0.006795228067 0.005391121381 0.002449252287 -0.044548262336 -0.005977883985 0.001526334275 0.023599490821 0.051582812917
617 619 1785749553.262892008 1785749553.324028254 0.061136246 -0.006505111367 0.005364756086 0.003192050578 -0.043310229855 -0.005602356669 0.001537398118 0.023589984554 0.050470780093
618 620 1785749553.292887926 1785749553.357254028 0.064366102 -0.006264627920 0.005387476884 0.004655723913 -0.042153754367 -0.005391478370 0.001507692148 0.023581401485 0.049540982158
619 621 1785749553.332898140 1785749553.390585423 0.057687283 -0.006273682668 0.006730509022 0.005145339513 -0.042391963211 -0.005255561963 0.001519694190 0.023627700168 0.049964092373
620 622 1785749553.362889767 1785749553.423919439 0.061029673 -0.006247583690 0.006824700995 0.005621948287 -0.042097480775 -0.005171701919 0.001545301330 0.023569435078 0.049739981530
621 623 1785749553.392945290 1785749553.457307577 0.064362288 -0.005938923319 0.006826032576 0.005866147026 -0.042845047345 -0.005107351878 0.001543312868 0.023482062288 0.050317486036
622 624 1785749553.432914972 1785749553.490498781 0.057583809 -0.005029690593 0.006811118874 0.005951114997 -0.044095684504 -0.005053458963 0.001493595211 0.023538191691 0.051316167350
623 625 1785749553.463006735 1785749553.523922205 0.060915470 -0.004596631069 0.006805259919 0.005907971788 -0.043412761179 -0.005029490513 0.001479599549 0.023534011747 0.050678863860
624 626 1785749553.502906799 1785749553.557165146 0.054258347 -0.003907456112 0.006842544175 0.005997018430 -0.043087584317 -0.005023491834 0.001506353066 0.023609077254 0.050393311808
625 627 1785749553.532915115 1785749553.590491533 0.057576418 -0.003530627288 0.006797004120 0.005946853940 -0.042338272822 -0.004988786811 0.001510715398 0.023607489674 0.049709584941
626 628 1785749553.562902689 1785749553.623948812 0.061046124 -0.003589338761 0.006840413646 0.005905967851 -0.041693318387 -0.004980013381 0.001514667003 0.023507698958 0.049118168998
627 629 1785749553.602899551 1785749553.657183647 0.054284096 -0.003640244535 0.006797285438 0.005919816288 -0.041115763530 -0.004989585759 0.001512536474 0.023549964922 0.048649658638
628 630 1785749553.632920504 1785749553.690470695 0.057550192 -0.003598432906 0.006801265178 0.005933538134 -0.041266557509 -0.004961343119 0.001519222511 0.023578924923 0.048787603281
629 631 1785749553.662905693 1785749553.723893642 0.060987949 -0.003704663503 0.006810319925 0.005938149437 -0.041313332083 -0.004966669441 0.001506748790 0.023513522278 0.048805551353
630 632 1785749553.702881813 1785749553.757164478 0.054282665 -0.003816220422 0.006805792552 0.005979035526 -0.041165543040 -0.004949358894 0.001532239181 0.023509788694 0.048690730381
631 633 1785749553.732916117 1785749553.790482759 0.057566643 -0.003417264362 0.006814048351 0.005948984468 -0.041059046127 -0.004961343119 0.001502624641 0.023642875478 0.048633352784
632 634 1785749553.762916088 1785749553.823855639 0.060939550 -0.003367713168 0.006799134649 0.005960519990 -0.040944559731 -0.004960544171 0.001497156252 0.023835632546 0.048626539546
633 635 1785749553.802879810 1785749553.873897076 0.071017265 -0.003602752170 0.006833489427 0.005910228908 -0.040936879226 -0.004950157843 0.001512501313 0.024102562401 0.048766387242
634 636 1785749553.832905054 1785749553.907423258 0.074518204 -0.003827616762 0.006836685220 0.005953778158 -0.040898529707 -0.004916462289 0.001517913906 0.024108629534 0.048756843658
635 637 1785749553.872911930 1785749553.940481186 0.067569256 -0.003851664479 0.006798335701 0.005915428639 -0.040868549446 -0.004915663340 0.001506312273 0.024082215945 0.048710051990
636 638 1785749553.902888536 1785749553.973950624 0.071062088 -0.003853072060 0.006797536752 0.005760656317 -0.040841034958 -0.004944958112 0.001479092235 0.023984012335 0.048622023200
637 639 1785749553.932907581 1785749554.007230520 0.074322939 -0.003735253954 0.006836685220 0.004669922596 -0.040828602030 -0.004949485486 0.001519364578 0.023921617464 0.048461582362
638 640 1785749553.972893953 1785749554.040564537 0.067670584 -0.003790090747 0.006812716770 0.003432267708 -0.040865353653 -0.004919391766 0.001501919465 0.024107045647 0.048478256112
639 641 1785749554.002905607 1785749554.073972464 0.071066856 -0.004066661930 0.006828429421 0.003190985313 -0.040831797823 -0.004944958112 0.001523853974 0.024477353950 0.048646673950
640 642 1785749554.032908916 1785749554.107169390 0.074260473 -0.004145195652 0.006830910195 0.003101629692 -0.040830382313 -0.004918859134 0.001487619509 0.024311591847 0.048559714711
641 643 1785749554.072905064 1785749554.140499830 0.067594767 -0.004165182492 0.006890481074 0.002991374823 -0.040798957012 -0.004951083383 0.001533106584 0.024098445637 0.048434795508
642 644 1785749554.102886200 1785749554.173852682 0.070966482 -0.004067554674 0.007709935742 0.002993378760 -0.040822925462 -0.004923568895 0.001526501661 0.023914797220 0.048476271865
643 645 1785749554.143050432 1785749554.207215071 0.064164639 -0.003834988517 0.008253753236 0.002646576125 -0.040804815967 -0.004886284639 0.001519379580 0.023480134122 0.048294616066
644 646 1785749554.172893286 1785749554.240491629 0.067598343 -0.003852141546 0.008248708232 0.001844904722 -0.040839254674 -0.004913981515 0.001510553171 0.023676930822 0.048385479393
645 647 1785749554.202983618 1785749554.273965597 0.070981979 -0.004091092757 0.007343751092 0.001220131480 -0.040848842054 -0.004928895217 0.001538600291 0.023316160024 0.048073786570
646 648 1785749554.242908478 1785749554.307264090 0.064355612 -0.004014038810 0.005544519459 0.000139763569 -0.040831980210 -0.005089217514 0.001536347856 0.023718321110 0.048009828173
647 649 1785749554.272893906 1785749554.340543270 0.067649364 -0.003865581219 0.004918691605 0.001009682923 -0.040815062571 -0.005662989005 0.001484535305 0.024228938040 0.048242509943
648 650 1785749554.302888155 1785749554.373899937 0.071011782 -0.003645609318 0.004986937456 0.001771460997 -0.040769915424 -0.005814256555 0.001530697080 0.024378132657 0.048310724016
649 651 1785749554.342907667 1785749554.407200336 0.064292669 -0.003475238347 0.004931726093 0.002350255035 -0.040787365695 -0.005781499674 0.001479432163 0.024859016925 0.048570745139
650 652 1785749554.372883558 1785749554.440596819 0.067713261 -0.003383499556 0.004932273727 0.002416398492 -0.040773517258 -0.005750860189 0.001545803485 0.023745834665 0.047993964723
651 653 1785749554.412905693 1785749554.473994732 0.061089039 -0.003033174896 0.005232130664 0.003510019027 -0.040773111217 -0.005790414697 0.001537245735 0.023521580462 0.047963516837
652 654 1785749554.442883015 1785749554.507184982 0.064301968 -0.003353016423 0.005846004297 0.003975975157 -0.040808011760 -0.005725209913 0.001501102699 0.023914100311 0.048305654112
653 655 1785749554.472904921 1785749554.540678263 0.067773342 -0.003672147593 0.006030546358 0.004516093756 -0.040752338561 -0.005712426740 0.001498723672 0.024338283689 0.048561614503
654 656 1785749554.512893677 1785749554.573862076 0.060968399 -0.003504834088 0.006087819324 0.005500960258 -0.040774709114 -0.005680329083 0.001518710039 0.024514181232 0.048761671150
655 657 1785749554.542911053 1785749554.607414961 0.064503908 -0.003558903331 0.006492072175 0.005835200107 -0.040761925941 -0.005643480398 0.001491510161 0.024221782520 0.048694611434
656 658 1785749554.572907925 1785749554.640663385 0.067755461 -0.003421282168 0.006828429421 0.005804966662 -0.040785894391 -0.005312664658 0.001469839625 0.024245387569 0.048721074412
657 659 1785749554.612903595 1785749554.673829079 0.060925484 -0.003475928104 0.006801265178 0.005875371176 -0.040751273296 -0.005130030868 0.001510076333 0.024445518955 0.048782235395
658 660 1785749554.642905712 1785749554.707182884 0.064277172 -0.003555483031 0.006786100161 0.005694585201 -0.040793351242 -0.004974363932 0.001545240376 0.024298181431 0.048710903362
659 661 1785749554.682901621 1785749554.740506649 0.057605028 -0.003682694936 0.006957326418 0.005179529846 -0.040751273296 -0.004905767836 0.001530189766 0.024202986543 0.048596841811
660 662 1785749554.712896109 1785749554.773826361 0.060930252 -0.003781917385 0.007015649646 0.004200551830 -0.040777372275 -0.004882374681 0.001538427748 0.024151731470 0.048512590529
661 663 1785749554.742908955 1785749554.807193518 0.064284563 -0.003827303187 0.006986636191 0.003312344943 -0.040790155448 -0.005088237033 0.001524903764 0.024055481634 0.048426763569
662 664 1785749554.782910824 1785749554.840502977 0.057592154 -0.003895100335 0.007005544635 0.003199706362 -0.040789622816 -0.005103081808 0.001544286702 0.024045848303 0.048424270759
663 665 1785749554.812907696 1785749554.873878002 0.060970306 -0.003876990839 0.007292367085 0.003218698734 -0.040788024920 -0.005212636187 0.001502482574 0.023967038422 0.048436356538
664 666 1785749554.842900515 1785749554.907155991 0.064255476 -0.003915746399 0.009107942457 0.003306203275 -0.040740214612 -0.005140185073 0.001546224527 0.023938498989 0.048691352406
665 667 1785749554.882908583 1785749554.940501690 0.057593107 -0.003969078549 0.009600824648 0.003249997443 -0.040760860676 -0.005126070319 0.001495614150 0.023893138979 0.048778429800
666 668 1785749554.912913322 1785749554.973845243 0.060931921 -0.003962953278 0.009596395732 0.003253066645 -0.040755128314 -0.005112614789 0.001479178507 0.023949643945 0.048798268211
667 669 1785749554.943175316 1785749555.007211685 0.064036369 -0.003996676966 0.009524421455 0.003072504323 -0.040782698597 -0.005091225571 0.001486356382 0.023914079020 0.048778784600
668 670 1785749554.982892513 1785749555.040496111 0.057603598 -0.004020645416 0.009493766968 0.002714575472 -0.040782698597 -0.005102410848 0.001529454113 0.023882379429 0.048740501631
669 671 1785749555.012912989 1785749555.073832750 0.060919762 -0.003966976154 0.009461669311 0.002427177728 -0.040769382792 -0.005069935284 0.001514550728 0.023831789212 0.048674902523
670 672 1785749555.052881002 1785749555.107225180 0.054344177 -0.004019846468 0.009315461767 0.002174330281 -0.040734888290 -0.005084848987 0.001504658581 0.023847595635 0.048619166323
671 673 1785749555.082893610 1785749555.140497684 0.057604074 -0.003992948541 0.009351414442 0.002270580590 -0.040782698597 -0.005070383988 0.001527161358 0.023850096569 0.048668724590
672 674 1785749555.112888098 1785749555.173834801 0.060946703 -0.004023841209 0.009323367321 0.002194734898 -0.040758324107 -0.005042687112 0.001498718513 0.023825301037 0.048626064426
673 675 1785749555.152899027 1785749555.207184315 0.054285288 -0.004039105157 0.009290344124 0.001724797159 -0.040750867256 -0.005029104991 0.001539300309 0.023820142100 0.048593142355
674 676 1785749555.182890415 1785749555.240490675 0.057600260 -0.004050808064 0.009307654671 0.001665421799 -0.040751273296 -0.005048195821 0.001524036361 0.023790121519 0.048582488988
675 677 1785749555.212895632 1785749555.273874998 0.060979366 -0.004047079638 0.009301795717 0.001736023702 -0.040754595682 -0.005020498946 0.001518141772 0.023763774042 0.048570363654
676 678 1785749555.252896070 1785749555.307227850 0.054331779 -0.004031100671 0.009302328349 0.001808838194 -0.040503725907 -0.005013490798 0.001625815066 0.023794976163 0.048379603641
677 679 1785749555.282912254 1785749555.340468884 0.057556629 -0.004064123869 0.009276355962 0.001842855859 -0.040471235342 -0.005030885274 0.001590214507 0.023801022662 0.048355063428
678 680 1785749555.322922230 1785749555.373898983 0.050976753 -0.004052139644 0.009278613083 0.001982011195 -0.040473239279 -0.005014822379 0.001607294372 0.023784130342 0.048352255969
679 681 1785749555.352895737 1785749555.423878193 0.070982456 -0.004055896204 0.009277953859 0.002084373643 -0.040419696608 -0.004988723400 0.001648353005 0.023772828317 0.048305061890
680 682 1785749555.382911921 1785749555.457216501 0.074304581 -0.004096376252 0.009306982315 0.002071463878 -0.040466974284 -0.004984994974 0.001614218591 0.023793885107 0.048361886166
681 683 1785749555.422905684 1785749555.490497112 0.067591429 -0.004090517298 0.009277154910 0.002011682477 -0.040497740361 -0.004966479439 0.001563694486 0.023754186189 0.048355808293
682 684 1785749555.452887774 1785749555.523963690 0.071075916 -0.004087461229 0.009297394935 0.002005950115 -0.040436208207 -0.004981393141 0.001626936126 0.023785692603 0.048326804501
683 685 1785749555.482887268 1785749555.557219267 0.074331999 -0.004103173879 0.009265297277 0.002036645395 -0.040474963767 -0.004976865767 0.001583407036 0.023771864326 0.048346978087
684 686 1785749555.522883892 1785749555.590478420 0.067594528 -0.004091848878 0.009255443581 0.001971705531 -0.040443538466 -0.005003637102 0.001625241641 0.023948672904 0.048406514210
685 687 1785749555.552900791 1785749555.623838425 0.070937634 -0.004090517298 0.009250383575 0.002066581596 -0.040441407937 -0.004972338393 0.001576984973 0.024130701372 0.048493112325
686 688 1785749555.582898140 1785749555.657206774 0.074308634 -0.004090517298 0.009261568852 0.002159636112 -0.040471235342 -0.004961153116 0.001653035105 0.024324143455 0.048622046725
687 689 1785749555.622893810 1785749555.690481901 0.067588091 -0.004068679377 0.009227074350 0.002160574785 -0.040476561664 -0.005009762373 0.001586151311 0.024588577534 0.048753716993
688 690 1785749555.652897358 1785749555.723841906 0.070944548 -0.004091189654 0.009264498329 0.002178501893 -0.040457386904 -0.004970207864 0.001600867151 0.024657657496 0.048778895054
689 691 1785749555.692893028 1785749555.757275343 0.064382315 -0.004080537010 0.009286868882 0.002173581611 -0.040444603731 -0.004961153116 0.001615481718 0.024643735896 0.048763958865
690 692 1785749555.722893000 1785749555.790502071 0.067609072 -0.004068679377 0.009278486491 0.002226718241 -0.040449397421 -0.004974861830 0.001629010860 0.024754761106 0.048825788404
691 693 1785749555.752939463 1785749555.823884964 0.070945501 -0.004089591758 0.009250383575 0.002006614543 -0.040441940570 -0.004986326555 0.001606036404 0.024942769016 0.048902514737
692 694 1785749555.792872906 1785749555.857212305 0.064339399 -0.004100777034 0.009260896495 0.001903157301 -0.040508925637 -0.004961952065 0.001586044879 0.024982942405 0.048974070262
693 695 1785749555.822872162 1785749555.890485764 0.067613602 -0.004112312556 0.009269025703 0.002156601645 -0.040440875305 -0.004963283645 0.001644786806 0.024875527453 0.048878140844
694 696 1785749555.852880478 1785749555.923962355 0.071081877 -0.004124745484 0.009278080451 0.002019980085 -0.040454723743 -0.004974735238 0.001591898675 0.024861107909 0.048878605886
695 697 1785749555.892883539 1785749555.957277298 0.064393759 -0.004120218110 0.009236928046 0.001844587963 -0.040463778491 -0.004933582833 0.001601024693 0.025475160121 0.049182356738
696 698 1785749555.922878504 1785749555.990540028 0.067661524 -0.004115508349 0.009258639375 0.001834438421 -0.040505729844 -0.004968609968 0.001583072266 0.025232425590 0.049097939168
697 699 1785749555.962888002 1785749556.023847580 0.060959578 -0.004118087581 0.009281009928 0.001832110503 -0.040476561664 -0.004979921836 0.001600446109 0.025044850412 0.048983773283
698 700 1785749555.992889404 1785749556.057283163 0.064393759 -0.004099978086 0.009305104969 0.001904112914 -0.040461115330 -0.004970867088 0.001605204637 0.024923682663 0.048914194847
699 701 1785749556.022892237 1785749556.090499640 0.067607403 -0.004140009431 0.009569556866 0.001923287674 -0.040477626928 -0.004983523670 0.001626596197 0.024753487433 0.048898567232
700 702 1785749556.062890768 1785749556.124190569 0.061299801 -0.004136281006 0.009590329522 0.001914765558 -0.040452060582 -0.004962611289 0.001585537565 0.024803130981 0.048902510365
701 703 1785749556.092876434 1785749556.157197237 0.064320803 -0.004061222526 0.009593398724 0.001913741560 -0.040454191111 -0.004964209186 0.001601689075 0.024903551345 0.048950244769
702 704 1785749556.122885704 1785749556.190469742 0.067584038 -0.004102725176 0.009678746470 0.001725257286 -0.040434077678 -0.004979795244 0.001621508057 0.024372410973 0.048681040490
703 705 1785749556.162883043 1785749556.223910570 0.061027527 -0.004132552580 0.009712568616 0.000956077302 -0.040427153460 -0.004946366006 0.001599274413 0.024761587803 0.048855309296
704 706 1785749556.192890406 1785749556.257236719 0.064346313 -0.004115158104 0.009725351790 0.000944803434 -0.040465376387 -0.004941039684 0.001606777215 0.024355512409 0.048683086634
705 707 1785749556.232914209 1785749556.290490627 0.057576418 -0.004143205225 0.009703962572 0.001198035861 -0.040463245858 -0.004934914414 0.001598741780 0.024291765302 0.048652253920
706 708 1785749556.262925625 1785749556.323858500 0.060932875 -0.004133351529 0.009964686042 0.001344379864 -0.040436208207 -0.004955953386 0.001613655482 0.024292128183 0.048688260431
707 709 1785749556.292895555 1785749556.357369423 0.064473867 -0.004116489685 0.010028685838 0.001524391759 -0.040463245858 -0.004945567058 0.001622020529 0.024238473923 0.048700218324
708 710 1785749556.332909346 1785749556.390463114 0.057553768 -0.004092072532 0.010468556121 0.001382905712 -0.040463245858 -0.004957551283 0.001625500456 0.024199534556 0.048768426853
709 711 1785749556.362904787 1785749556.423835278 0.060930490 -0.004067571450 0.010524875412 0.001370122539 -0.040463778491 -0.004955154438 0.001625241641 0.024145997045 0.048751788527
710 712 1785749556.392890692 1785749556.457255602 0.064364910 -0.004094469377 0.010545914384 0.001263033932 -0.040413837654 -0.004939568379 0.001625160528 0.024327390188 0.048802837153
711 713 1785749556.432895899 1785749556.490462542 0.057566643 -0.004013509280 0.010526346716 0.000794034866 -0.040450995317 -0.004955953386 0.001621888779 0.024986178348 0.049145974922
712 714 1785749556.462893248 1785749556.523803473 0.060910225 -0.003872095426 0.010326469910 0.000609055364 -0.040458452168 -0.004924654677 0.001609967850 0.025543058845 0.049377914896
713 715 1785749556.502892971 1785749556.557183504 0.054290533 -0.003948807597 0.010215682409 0.000547210966 -0.040441407937 -0.004915599930 0.001638729990 0.024941701977 0.049037712227
714 716 1785749556.532892942 1785749556.590466261 0.057573318 -0.003891536502 0.010199969759 0.000777249023 -0.040428751356 -0.004941166276 0.001596469185 0.024597051832 0.048849260880
715 717 1785749556.562895536 1785749556.623843670 0.060948133 -0.003900324933 0.010198371862 0.000957752284 -0.040437273472 -0.004964209186 0.001615131945 0.024100342216 0.048614691375
716 718 1785749556.602898121 1785749556.657301426 0.054403305 -0.003906168886 0.010217812938 0.001113221831 -0.040454317703 -0.004927051522 0.001567422911 0.023608883440 0.048389719660
717 719 1785749556.632904768 1785749556.690540075 0.057635307 -0.003897114138 0.010151360502 0.001160626098 -0.040452060582 -0.004934508373 0.001603783969 0.023553692191 0.048349268750
718 720 1785749556.662890434 1785749556.723877430 0.060986996 -0.003908048100 0.010159616302 0.001147716333 -0.040417033447 -0.004974062882 0.001602871088 0.023260930078 0.048184290533
719 721 1785749556.702877045 1785749556.757243395 0.054366350 -0.003921110722 0.010170002630 0.001207132960 -0.040458046128 -0.004950221024 0.001612631011 0.023300425929 0.048240334210
720 722 1785749556.732901812 1785749556.790480614 0.057578802 -0.003816154041 0.010185182648 0.001194349786 -0.040484018515 -0.004915599930 0.001615004880 0.022979259446 0.048098866222
721 723 1785749556.762898207 1785749556.823827744 0.060929537 -0.003680599142 0.010229124806 0.001023248253 -0.040457513496 -0.004979122888 0.001632054270 0.023157624654 0.048163991582
722 724 1785749556.802886963 1785749556.857268810 0.054381847 -0.003712851525 0.010236847973 0.000672717192 -0.040443132426 -0.004975394462 0.001609886737 0.023165198253 0.048152367825
723 725 1785749556.832910538 1785749556.890484810 0.057574272 -0.003655831743 0.010214211104 0.000541474483 -0.040272157484 -0.004947025230 0.001595906076 0.022984649514 0.047907715092
724 726 1785749556.872891188 1785749556.940493822 0.067602634 -0.003616445093 0.010190369246 0.000801407476 -0.040011700329 -0.004938110207 0.001607715415 0.022760799550 0.047576510960
725 727 1785749556.902879238 1785749556.973877430 0.070998192 -0.003596611109 0.010244237293 0.000924568844 -0.040042999038 -0.004943296805 0.001599061549 0.022774130830 0.047621747395
726 728 1785749556.932895899 1785749557.007310867 0.074414968 -0.003472507803 0.010742494527 0.000998575192 -0.040013830858 -0.004921725200 0.001635255221 0.022798976999 0.047710104824
727 729 1785749556.972887039 1785749557.040489197 0.067602158 -0.003495677304 0.010357248035 0.001099745783 -0.040029683233 -0.004916398878 0.001595936552 0.022739134172 0.047611590411
728 730 1785749557.002879143 1785749557.073848009 0.070968866 -0.003492831756 0.009690895058 0.001196949767 -0.039986133983 -0.004955281030 0.001585004933 0.022744942490 0.047442980302
729 731 1785749557.032919407 1785749557.107200861 0.074281454 -0.003502685452 0.008724645274 0.001259602980 -0.039988264512 -0.004938236799 0.001603530312 0.022654023661 0.047214387839
730 732 1785749557.072894096 1785749557.140505314 0.067611217 -0.003569810244 0.008194850133 0.001284271920 -0.040008377944 -0.004948623127 0.001610338255 0.022657610020 0.047145181365
731 733 1785749557.102899551 1785749557.173898220 0.070998669 -0.003503735715 0.008160677742 0.001321429583 -0.039967141610 -0.004923056781 0.001571491265 0.022685855003 0.047109929950
732 734 1785749557.132967949 1785749557.207219362 0.074251413 -0.003545841794 0.008159627480 0.001341669608 -0.039978017908 -0.004939568379 0.001625490140 0.022595900165 0.047083019933
733 735 1785749557.172895193 1785749557.240511417 0.067616224 -0.003555695490 0.008120479012 0.001348523030 -0.039507297619 -0.004776316604 0.001582600587 0.022593211685 0.046658346183
734 736 1785749557.202895403 1785749557.273926497 0.071031094 -0.003543711265 0.008180118818 0.001401015437 -0.039370943771 -0.004674989891 0.001592127013 0.022615749624 0.046555008550
735 737 1785749557.242989540 1785749557.307351589 0.064362049 -0.003573412077 0.008126604282 0.001417933076 -0.039087456839 -0.004655675407 0.001602232024 0.023036542658 0.046514250999
736 738 1785749557.272897005 1785749557.340504169 0.067607164 -0.003590722625 0.008086923182 0.001413139386 -0.038977328562 -0.004666201460 0.001594729221 0.023285241584 0.046540732625
737 739 1785749557.302884579 1785749557.373874187 0.070989609 -0.003464222473 0.008091450556 0.001410476225 -0.039027269399 -0.004627978532 0.001622857455 0.023355374601 0.046605954380
738 740 1785749557.342904091 1785749557.407227039 0.064322948 -0.003516238043 0.008089852659 0.001403019374 -0.038938446410 -0.004653544878 0.001597843901 0.023212949835 0.046465367139
739 741 1785749557.372900248 1785749557.440506220 0.067605972 -0.003484013794 0.008155548809 0.001396627787 -0.038845235772 -0.004653544878 0.001578075556 0.023153228442 0.046365634144
740 742 1785749557.402887583 1785749557.473915815 0.071028233 -0.003504253818 0.008417603860 0.001408345696 -0.038897839770 -0.004660202781 0.001612869193 0.023161917470 0.046464550829
741 743 1785749557.442879915 1785749557.507372379 0.064492464 -0.003533954631 0.008363457761 0.001404084639 -0.038832452599 -0.004635435383 0.001599847838 0.023238438334 0.046437472800
742 744 1785749557.472882509 1785749557.540505886 0.067623377 -0.003534626987 0.008397812539 0.001421002278 -0.038871867383 -0.004639612511 0.001593562683 0.023176605153 0.046446513727
743 745 1785749557.512886286 1785749557.573880672 0.060994387 -0.003580839398 0.008407750164 0.001443834666 -0.038857359721 -0.004634902751 0.001598067081 0.023219510134 0.046461527412
744 746 1785749557.542884827 1785749557.607218981 0.064334154 -0.003533029090 0.008363990393 0.001466737852 -0.038791313326 -0.004625848003 0.001602698544 0.023152536284 0.046361222892
745 747 1785749557.573104143 1785749557.640503407 0.067399263 -0.003610484415 0.008399943068 0.001424659906 -0.038667210019 -0.004625848003 0.001624014150 0.023305133972 0.046345901533
746 748 1785749557.612882376 1785749557.673843384 0.060961008 -0.003623140997 0.008346595917 0.001452356782 -0.038673728198 -0.004644490131 0.001576401704 0.023894298748 0.046642826357
747 749 1785749557.642898321 1785749557.707204103 0.064305782 -0.003668021827 0.008360261968 0.001415675955 -0.038653488174 -0.004625848003 0.001620584860 0.023788431956 0.046576377174
748 750 1785749557.672916889 1785749557.740470409 0.067553520 -0.003658041539 0.008393285165 0.001489935487 -0.038652955541 -0.004647293016 0.001609714193 0.023695427604 0.046537739364
749 751 1785749557.713006258 1785749557.773873091 0.060866833 -0.003652938870 0.008333812744 0.001688954284 -0.038687982676 -0.004603659837 0.001625439503 0.023936443186 0.046681881038
750 752 1785749557.742891073 1785749557.807236910 0.064345837 -0.003731515255 0.008371895947 0.001806509882 -0.038653488174 -0.004646088027 0.001590341572 0.023861665505 0.046635425105
751 753 1785749557.773036242 1785749557.840471506 0.067435265 -0.003930534052 0.008388757791 0.001816097262 -0.038668275284 -0.004622918526 0.001599999748 0.023711624927 0.046588910800
752 754 1785749557.812906504 1785749557.873889208 0.060982704 -0.004009866722 0.008395682010 0.001740716670 -0.038686511371 -0.004643340937 0.001609227039 0.023868489732 0.046691517355
753 755 1785749557.842911005 1785749557.907230139 0.064319134 -0.004093853357 0.008363990393 0.001817695158 -0.038647629219 -0.004645289079 0.001608085820 0.023538576014 0.046496112117
754 756 1785749557.882897139 1785749557.940467596 0.057570457 -0.004151601290 0.008372246192 0.001729442803 -0.038687450044 -0.005552869510 0.001604687006 0.023043603050 0.046383801963
755 757 1785749557.912913322 1785749557.973897934 0.060984612 -0.004065230942 0.008350324342 0.001193099099 -0.038702363746 -0.005727184090 0.001615872283 0.023066217797 0.046400566252
756 758 1785749557.942916155 1785749558.007156372 0.064240217 -0.004049770079 0.008181228615 0.000379347806 -0.038664673450 -0.005565222087 0.001588905902 0.023847230546 0.046697117049
757 759 1785749557.982885122 1785749558.040506363 0.057621241 -0.004040434013 0.007789995249 0.000093264390 -0.038645498690 -0.005278740871 0.001594262701 0.024063808319 0.046690106552
758 760 1785749558.012893677 1785749558.073944330 0.061050653 -0.004044834795 0.007514358076 0.000434550930 -0.038681185049 -0.004960564771 0.001624064786 0.024202498936 0.046714611431
759 761 1785749558.042898655 1785749558.107211828 0.064313173 -0.004053889543 0.006959636623 0.000768334148 -0.038665738715 -0.005167259722 0.001591680653 0.024226269951 0.046654543467
760 762 1785749558.082890272 1785749558.140475273 0.057585001 -0.004032401867 0.006639790976 0.000974948123 -0.038658281863 -0.005518700779 0.001604555256 0.024001601802 0.046528141102
761 763 1785749558.112906456 1785749558.173898220 0.060991764 -0.004034826846 0.006681671532 0.000954877896 -0.038645498690 -0.005242568433 0.001585953449 0.024201977856 0.046594489236
762 764 1785749558.142887831 1785749558.207280874 0.064393044 -0.004073708998 0.006691174983 0.000722346474 -0.038741905122 -0.004824193753 0.001577522763 0.024499902080 0.046784939349
763 765 1785749558.182894230 1785749558.240500689 0.057606459 -0.004094621379 0.006567604309 0.000997699536 -0.039819826139 -0.004854630645 0.001599807045 0.024357472629 0.047601749998
764 766 1785749558.212884665 1785749558.273889303 0.061004639 -0.004072250826 0.006316734534 0.000986484729 -0.040471361934 -0.004754569851 0.001619225618 0.024772878861 0.048314718296
765 767 1785749558.252919197 1785749558.307223320 0.054304123 -0.004078627411 0.005856007665 0.001004032062 -0.041305996619 -0.004605493287 0.001597062770 0.024866453800 0.048992072491
766 768 1785749558.282898903 1785749558.340490341 0.057591438 -0.004109604008 0.005867991890 0.001074309984 -0.041516318814 -0.004582636030 0.001602662909 0.024754853272 0.049116727147
767 769 1785749558.313061237 1785749558.373884439 0.060823202 -0.004103828983 0.005846952918 0.001217837969 -0.041978090741 -0.004623048548 0.001598970119 0.024530440672 0.049399831024
768 770 1785749558.352911711 1785749558.407248974 0.054337263 -0.003974468282 0.006029113136 0.001305286714 -0.042462836650 -0.004524008486 0.001607558346 0.024510814394 0.049807366845
769 771 1785749558.382901669 1785749558.440492868 0.057591200 -0.003890860025 0.006054413167 0.001306351979 -0.042335956181 -0.004487299525 0.001602581796 0.024455546762 0.049665001204
770 772 1785749558.412937403 1785749558.473890543 0.060953140 -0.003929712647 0.006041896310 0.001356516469 -0.042524367720 -0.004402191830 0.001629538334 0.024390707225 0.049790063531
771 773 1785749558.452878475 1785749558.507242918 0.054364443 -0.003124585193 0.006061337385 0.001386217281 -0.043378988162 -0.004358432059 0.001596164891 0.024329991364 0.050434642935
772 774 1785749558.482880831 1785749558.557264805 0.074383974 -0.003816275347 0.006098439254 0.001457687060 -0.042457940235 -0.004331787316 0.001639627869 0.024332370391 0.049699833693
773 775 1785749558.522932053 1785749558.590497017 0.067564964 -0.003744327876 0.006096841357 0.001786105955 -0.042299753440 -0.004293564388 0.001637329955 0.024388322093 0.049593916768
774 776 1785749558.552883387 1785749558.623900890 0.071017504 -0.003667790164 0.006075802385 0.001945374724 -0.042278258149 -0.004289163606 0.001584355552 0.024369446468 0.049561887397
775 777 1785749558.582932711 1785749558.657268763 0.074336052 -0.003533128008 0.006073321610 0.001905792082 -0.041649718251 -0.004265643859 0.001621350989 0.024300436830 0.048979945176
776 778 1785749558.622927666 1785749558.690478086 0.067550421 -0.003404846176 0.006058940540 0.001916444726 -0.041627968921 -0.004264844911 0.001610536117 0.024237082654 0.048919149616
777 779 1785749558.652904749 1785749558.723849297 0.070944548 -0.003524783617 0.006064266863 0.001926032106 -0.041989752789 -0.004258985957 0.001602795133 0.024235515234 0.049235317440
778 780 1785749558.682890177 1785749558.757242203 0.074352026 -0.003493356920 0.006064266863 0.001890878379 -0.041978288064 -0.004264844911 0.001601521690 0.024323201688 0.049265635886
779 781 1785749558.722894430 1785749558.790480137 0.067585707 -0.003443133369 0.006056361309 0.002161970384 -0.042042177666 -0.004248305178 0.001615654261 0.024431244915 0.049379121724
780 782 1785749558.752910137 1785749558.823926210 0.071016073 -0.003583536358 0.006072872907 0.002284908099 -0.041937740485 -0.004253659634 0.001603728174 0.024459789033 0.049322036090
781 783 1785749558.792890549 1785749558.857229471 0.064338923 -0.003646007184 0.006038700516 0.002220124357 -0.041965437360 -0.004150582168 0.001597422859 0.024462898554 0.049335571904
782 784 1785749558.822922468 1785749558.890480042 0.067557573 -0.003654360044 0.006043227890 0.002260604406 -0.041929218369 -0.003716753226 0.001609059654 0.024444261585 0.049264286131
783 785 1785749558.852934361 1785749558.923919201 0.070984840 -0.003780031717 0.006067995288 0.002197053314 -0.041910170201 -0.003418464182 0.001610165712 0.024426689407 0.049227434450
784 786 1785749558.892904758 1785749558.957215548 0.064310789 -0.003794324196 0.006052282638 0.002494794723 -0.040661862669 -0.003373738078 0.001614842654 0.024383921288 0.048158109810
785 787 1785749558.922914982 1785749558.990475893 0.067560911 -0.003604148772 0.006047755264 0.002818802970 -0.039478480473 -0.003117541981 0.001583741806 0.024359612909 0.047134693697
786 788 1785749558.952943563 1785749559.023867130 0.070923567 -0.003414473183 0.006099770834 0.003215178402 -0.038550508557 -0.002920453059 0.001595627100 0.024419668600 0.046397631404
787 789 1785749558.992920876 1785749559.057256460 0.064335585 -0.002848797249 0.006049353161 0.003704037717 -0.037015812750 -0.002922583587 0.001616080461 0.024355255263 0.045088050282
788 790 1785749559.022903919 1785749559.090492487 0.067588568 -0.003291693217 0.007635341049 0.003697884312 -0.036696766051 -0.002927110961 0.001622208075 0.024379234030 0.045111054673
789 791 1785749559.052921295 1785749559.123868465 0.070947170 -0.003480488881 0.009413715011 0.003717886154 -0.036738184772 -0.002931638335 0.001595327965 0.024375804739 0.045492506661
790 792 1785749559.092991590 1785749559.157237530 0.064245939 -0.003537575721 0.009504688505 0.004223059679 -0.036693752645 -0.002930321756 0.001575133419 0.024350152121 0.045509526486
791 793 1785749559.122918606 1785749559.190491676 0.067573071 -0.003530147004 0.009354525074 0.005004963775 -0.036691089484 -0.002932437284 0.001573702908 0.024394147732 0.045578558116
792 794 1785749559.162880421 1785749559.223881006 0.061000586 -0.003597875225 0.008991345360 0.005112022851 -0.036702625006 -0.002911806221 0.001621178445 0.024333889021 0.045499993927
793 795 1785749559.192877054 1785749559.257191181 0.064314127 -0.003638901038 0.008178015964 0.005182862936 -0.036316999280 -0.002767868930 0.001649950901 0.024313917656 0.045027303705
794 796 1785749559.222911119 1785749559.290482759 0.067571640 -0.003586408630 0.007322608621 0.005164753440 -0.035244151401 -0.002745624969 0.001612057586 0.024330515526 0.044016121840
795 797 1785749559.262882710 1785749559.323859453 0.060976744 -0.003642629463 0.007193711625 0.005208961915 -0.034069164728 -0.002793153959 0.001630776142 0.024362057575 0.043090956070
796 798 1785749559.292877197 1785749559.357230186 0.064352989 -0.003588440701 0.007196108470 0.005178069246 -0.033542432731 -0.002792636328 0.001626109044 0.024368408842 0.042671190236
797 799 1785749559.322921515 1785749559.390491247 0.067569733 -0.003572728051 0.007182526348 0.005146237905 -0.032227039804 -0.002770798407 0.001598741780 0.024358415422 0.041629131993
798 800 1785749559.362873316 1785749559.423974514 0.061101198 -0.003596387522 0.007024600895 0.005161151607 -0.030335197696 -0.002756683653 0.001681543588 0.024308058701 0.040130404154
799 801 1785749559.392873764 1785749559.457245350 0.064371586 -0.003584935929 0.006260539979 0.005177663206 -0.029757638719 -0.002772396304 0.001621193447 0.024269779505 0.039543748324
800 802 1785749559.432879686 1785749559.490473032 0.057593346 -0.003608245155 0.005954725156 0.005181265039 -0.029374773216 -0.002783581580 0.001630167081 0.024227747038 0.039186611124
801 803 1785749559.462875605 1785749559.523846388 0.060970783 -0.003642599933 0.005866658453 0.005147303169 -0.029221878239 -0.002729113370 0.001641271244 0.024268430107 0.039079376202
802 804 1785749559.492893696 1785749559.557276011 0.064382315 -0.003603844373 0.005907544542 0.005181924263 -0.028773790157 -0.002746548639 0.001686666890 0.024245070245 0.038741217349
803 805 1785749559.532947302 1785749559.590487003 0.057539701 -0.003646328358 0.005888230058 0.005190319787 -0.027610314680 -0.002182239806 0.001640926157 0.024273802381 0.037866979695
804 806 1785749559.562896729 1785749559.623955488 0.061058760 -0.003641674393 0.005886898478 0.005167010561 -0.026905100299 -0.001959726131 0.001636020877 0.024277241515 0.037341683581
805 807 1785749559.592896700 1785749559.657242775 0.064346075 -0.003643398881 0.005894355329 0.005325902820 -0.026773494755 -0.001607529643 0.001651923889 0.024251918508 0.037238039661
806 808 1785749559.632898808 1785749559.690563440 0.057664633 -0.003683625746 0.005921126664 0.005300168616 -0.026731154301 -0.000812309742 0.001666756477 0.024215998653 0.037163527177
807 809 1785749559.662901878 1785749559.723948717 0.061046839 -0.003643272289 0.005906339554 0.005300168616 -0.026515261070 -0.000824826599 0.001646425023 0.024215896906 0.037001484486
808 810 1785749559.702879190 1785749559.757136106 0.054256916 -0.003670170216 0.005908343491 0.005423612698 -0.026644804701 -0.000646661122 0.001682492104 0.024237131398 0.037127178093
809 811 1785749559.732967615 1785749559.790500879 0.057533264 -0.003655129922 0.005908470083 0.005530798366 -0.026759261567 -0.000033335123 0.001644837443 0.024223171370 0.037207343849
810 812 1785749559.762898445 1785749559.823918343 0.061019897 -0.003701819170 0.005862930028 0.005972044762 -0.026787841320 0.001040185113 0.001663636639 0.024261886137 0.037333898347
811 813 1785749559.802886724 1785749559.857157469 0.054270744 -0.003681579146 0.005918996135 0.007527407694 -0.026818074764 0.001837002911 0.001687235157 0.024539133866 0.037853004821
812 814 1785749559.832878590 1785749559.890493870 0.057615280 -0.003686106520 0.005885972938 0.008181501118 -0.026815411603 0.001966698856 0.001677779527 0.024377983540 0.037884089651
813 815 1785749559.862883329 1785749559.923962116 0.061078787 -0.003679448617 0.006231118615 0.008839237642 -0.026782921038 0.002595486191 0.001667486971 0.024681670176 0.038295222506
814 816 1785749559.902873278 1785749559.957174540 0.054301262 -0.003726459977 0.007137518926 0.009511644009 -0.026808893425 0.003519321772 0.001672930042 0.024881720448 0.038836878761
815 817 1785749559.932883263 1785749559.990540266 0.057657003 -0.003660007541 0.007384127643 0.010061586232 -0.026824745799 0.003576594737 0.001670317518 0.024779032555 0.038965445536
816 818 1785749559.962880850 1785749560.023923635 0.061042786 -0.003262617978 0.007536194141 0.010049183688 -0.026799432637 0.003556354712 0.001658320634 0.024156576684 0.038543124730
817 819 1785749560.002885342 1785749560.073917150 0.071031809 -0.002848356080 0.008137984618 0.009466982794 -0.026801436574 0.003588578962 0.001619260780 0.022925782604 0.037727604007
818 820 1785749560.032883883 1785749560.107227325 0.074343443 -0.003861850974 0.008096922201 0.009547761358 -0.026871435048 0.003559284190 0.001623856608 0.022817525568 0.037810748443
819 821 1785749560.072871447 1785749560.140534878 0.067663431 -0.003220278445 0.008903714540 0.010224575580 -0.026911255872 0.003555555764 0.001676455447 0.022752802306 0.038099166090
820 822 1785749560.102881193 1785749560.173956871 0.071075678 -0.003115818495 0.009482342902 0.010272893110 -0.026963200646 0.003626662165 0.001652076272 0.022730233891 0.038271598359
821 823 1785749560.132893085 1785749560.207265139 0.074372053 -0.004071502044 0.009944647461 0.009769142008 -0.026990715134 0.003684424627 0.001657001712 0.022629484342 0.038312167547
822 824 1785749560.172874928 1785749560.240537405 0.067662477 -0.003059132478 0.009919237237 0.009384209157 -0.027054783857 0.003854362438 0.001665163739 0.022576134376 0.038145576327
823 825 1785749560.202875376 1785749560.273951530 0.071076155 -0.002378043212 0.009852434556 0.008759105646 -0.027083363610 0.004538234072 0.001630618600 0.022552398949 0.038010804467
824 826 1785749560.232897758 1785749560.307269812 0.074372053 -0.002459436156 0.009824191917 0.008041312393 -0.027057264631 0.005162368838 0.001690425792 0.022580415593 0.037930259781
825 827 1785749560.272878408 1785749560.340539455 0.067661047 -0.002434084138 0.009806881370 0.008829007912 -0.027067384643 0.006443142067 0.001668111034 0.022569849221 0.038293460902
826 828 1785749560.302885771 1785749560.373925686 0.071039915 -0.002698756422 0.009821262439 0.008961916049 -0.027046611986 0.007497812920 0.001643482887 0.022648156473 0.038567251232
827 829 1785749560.342884064 1785749560.407306910 0.064422846 -0.002661878207 0.009813805588 0.009198560876 -0.027045014090 0.007970359421 0.001672148911 0.022634596855 0.038705172407
828 830 1785749560.372896194 1785749560.440533876 0.067637682 -0.002731876681 0.009792416370 0.009087426395 -0.027085367546 0.008012327172 0.001632297610 0.022640912486 0.038717253552
829 831 1785749560.402882099 1785749560.473902225 0.071020126 -0.002748261688 0.009776031364 0.008915724698 -0.027053536205 0.007926658711 0.001664458563 0.022622742037 0.038625101910
830 832 1785749560.442924500 1785749560.507186890 0.064262390 -0.002577959102 0.009797476377 0.008926909975 -0.027099748616 0.007863739181 0.001677191100 0.022625709492 0.038643196130
831 833 1785749560.472880602 1785749560.540599108 0.067718506 -0.002270165211 0.009781231094 0.008939693148 -0.027063656217 0.007862940233 0.001634458616 0.022862401217 0.038734640914
832 834 1785749560.502951860 1785749560.574180126 0.071228266 -0.002113622472 0.009380425350 0.008791244882 -0.026989620339 0.007841677607 0.001698699409 0.022988472826 0.038613893129
833 835 1785749560.542968512 1785749560.607313871 0.064345360 -0.001839226892 0.008989599894 0.008593164757 -0.026803351919 0.007834220756 0.001648033236 0.023079101416 0.038382206386
834 836 1785749560.572945356 1785749560.640524864 0.067579508 -0.001702029564 0.009012642803 0.008512766823 -0.026580119959 0.007796642051 0.001656920599 0.022945677969 0.038119965393
835 837 1785749560.612978458 1785749560.673963308 0.060984850 -0.001612364964 0.009017296769 0.008549391854 -0.026275385945 0.007779879138 0.001623689223 0.023015826461 0.037951159708
836 838 1785749560.642900229 1785749560.707164526 0.064264297 -0.001638883115 0.008319155655 0.008612577699 -0.025646084788 0.007777999923 0.001633976620 0.023636647288 0.037757790000
837 839 1785749560.673009634 1785749560.740529776 0.067520142 -0.001666047359 0.007558024216 0.008545130796 -0.025802404415 0.007762568590 0.001684282704 0.023767366735 0.037771216272
838 840 1785749560.712883711 1785749560.773934364 0.061050653 -0.001689567105 0.007264670456 0.008550918954 -0.026542806403 0.007768693861 0.001681959471 0.024668786734 0.038794322928
839 841 1785749560.742922544 1785749560.807231426 0.064308882 -0.001747259243 0.007301828119 0.008497026038 -0.027047229320 0.007793194943 0.001628655456 0.024728374958 0.039179083810
840 842 1785749560.773075819 1785749560.840527534 0.067451715 -0.001754168460 0.007539508680 0.008376807279 -0.027364056898 0.007749785417 0.001683395141 0.025100522651 0.039646097397
841 843 1785749560.812883615 1785749560.873899460 0.061015844 -0.001735526333 0.007748440234 0.008312794352 -0.027349210727 0.007776683344 0.001667486971 0.025249374593 0.039760790850
842 844 1785749560.842887163 1785749560.907232523 0.064345360 -0.001785733485 0.007730330738 0.008370009652 -0.026830144233 0.007727863567 0.001640490113 0.025017625629 0.039257524550
843 845 1785749560.872890711 1785749560.940499306 0.067608595 -0.001783364774 0.007752701292 0.008472524956 -0.026784561515 0.007768693861 0.001665645734 0.024415973365 0.038881202622
844 846 1785749560.912933350 1785749560.973906279 0.060972929 -0.001837777190 0.007730330738 0.008443609960 -0.026679912417 0.007724667774 0.001682654330 0.025863650793 0.039719994514
845 847 1785749560.942901611 1785749561.007161140 0.064259529 -0.001802273218 0.007723799428 0.008305155114 -0.026694166895 0.007770474145 0.001663256390 0.025771989215 0.039645952282
846 848 1785749560.982901812 1785749561.040534496 0.057632685 -0.001852409574 0.007719145462 0.008282434315 -0.026697459749 0.007773753867 0.001689614184 0.025011325624 0.039156380807
847 849 1785749561.012935162 1785749561.073900461 0.060965300 -0.001854540103 0.007708492817 0.008282966948 -0.026427918317 0.007748636224 0.001665802803 0.024662052012 0.038741910901
848 850 1785749561.042903900 1785749561.107269049 0.064365149 -0.001878536687 0.007714618088 0.008321666712 -0.026457589599 0.007764615190 0.001652202864 0.024447392285 0.038639260209
849 851 1785749561.082885265 1785749561.140524864 0.057639599 -0.001857764030 0.007728200210 0.008393851510 -0.026528400153 0.007726265671 0.001654505936 0.024299344855 0.038604142977
850 852 1785749561.112886190 1785749561.173967123 0.061080933 -0.001856166134 0.007749771814 0.008364683330 -0.026559110435 0.007770474145 0.001648342688 0.023954928633 0.038416070831
851 853 1785749561.142898083 1785749561.207152367 0.064254284 -0.001848681148 0.007753051537 0.008308883539 -0.026612653105 0.007729195148 0.001644081630 0.024032785694 0.038481379021
852 854 1785749561.183039904 1785749561.240519285 0.057479382 -0.001844952723 0.007749771814 0.008344037266 -0.026623711790 0.007740646740 0.001655733428 0.024080227443 0.038528226276
853 855 1785749561.212886810 1785749561.273906469 0.061019659 -0.001918357511 0.007874141437 0.008287354597 -0.026700578687 0.007728844902 0.001649980905 0.024218197455 0.038681544900
854 856 1785749561.252898455 1785749561.307250023 0.054351568 -0.001896519590 0.008089857486 0.008270310366 -0.026722878444 0.007728844902 0.001678682565 0.024024474031 0.038617110427
855 857 1785749561.283019304 1785749561.340513468 0.057494164 -0.001911433292 0.008128739638 0.008325395138 -0.026701040523 0.007735769121 0.001655307227 0.024055401862 0.038642363788
856 858 1785749561.312903881 1785749561.373889208 0.060985327 -0.001844405562 0.008125011212 0.008340308840 -0.026732871864 0.007746155450 0.001631597593 0.023821843084 0.038519736131
857 859 1785749561.352899790 1785749561.407250643 0.054350853 -0.001845077919 0.008147648081 0.008321316467 -0.026729437889 0.007751033069 0.001673969988 0.024182093228 0.038744676556
858 860 1785749561.383063078 1785749561.440504551 0.057441473 -0.001869046368 0.008189011007 0.007783175540 -0.026769917937 0.007722985948 0.001680843570 0.024385554005 0.038792841538
859 861 1785749561.412915945 1785749561.473899364 0.060983419 -0.001813779210 0.008145251236 0.007133013989 -0.026781971089 0.007706474349 0.001672569953 0.024083900790 0.038470901876
860 862 1785749561.452918768 1785749561.507240772 0.054322004 -0.001856136603 0.008139924914 0.007047792834 -0.026084205089 0.007745356501 0.001661658494 0.023624300093 0.037691112624
861 863 1785749561.482891321 1785749561.540505409 0.057614088 -0.001890757697 0.009242067565 0.007079568380 -0.025645633591 0.007744907798 0.001650975373 0.023365332038 0.037489433791
862 864 1785749561.512894154 1785749561.573928595 0.061034441 -0.001857734500 0.010618938247 0.007101279709 -0.025663684025 0.007728045954 0.001637791317 0.023351113195 0.037854265550
863 865 1785749561.552898645 1785749561.607160807 0.054262161 -0.001933115091 0.010650355078 0.006979586380 -0.025814359882 0.007725915425 0.001630080809 0.023395092857 0.037972886403
864 866 1785749561.582886696 1785749561.640499115 0.057612419 -0.001949976935 0.010209356661 0.006886222885 -0.025987279700 0.007761419397 0.001686753161 0.023253812150 0.037876334196
865 867 1785749561.622894764 1785749561.690490484 0.067595720 -0.001936394813 0.009762639015 0.006832076786 -0.026371848632 0.007710651478 0.001693763652 0.023214285303 0.037979421303
866 868 1785749561.652902365 1785749561.723932505 0.071030140 -0.001975949322 0.009578407328 0.006850942567 -0.026526982935 0.007739048844 0.001684617474 0.023096511683 0.037979549304
867 869 1785749561.683126688 1785749561.757153511 0.074026823 -0.001949051395 0.009543828897 0.006879578115 -0.026624425100 0.007701148027 0.001684176272 0.023071274475 0.038019730600
868 870 1785749561.722890377 1785749561.790490389 0.067600012 -0.001994464858 0.009500545963 0.006842953083 -0.026529054403 0.007730442799 0.001680021646 0.023321441867 0.038096284168
869 871 1785749561.752897263 1785749561.823946476 0.071049213 -0.002034818314 0.009227838267 0.006848279406 -0.026474696386 0.007737899650 0.001637380592 0.023229361613 0.037937597596
870 872 1785749561.783152342 1785749561.857147694 0.073995352 -0.002007121439 0.009086424414 0.006704468707 -0.026189425905 0.007728844902 0.001698953066 0.022851415399 0.037446445035
871 873 1785749561.822921276 1785749561.890461922 0.067540646 -0.002003743259 0.009078701246 0.006698077120 -0.025776420753 0.007743225972 0.001649174456 0.022958659181 0.037222348979
872 874 1785749561.852892876 1785749561.923943520 0.071050644 -0.002010667477 0.009054200164 0.006713650046 -0.025712416295 0.007727863567 0.001653136378 0.022889551536 0.037129598405
873 875 1785749561.892916441 1785749561.957172394 0.064255953 -0.001997757712 0.009063787544 0.006701805546 -0.026136441277 0.007707273298 0.001680270145 0.023174135582 0.037595704145
874 876 1785749561.922907591 1785749561.990502357 0.067594767 -0.002026126944 0.009060185711 0.006723643467 -0.026201113429 0.007746155450 0.001667324745 0.023379915333 0.037779640270
875 877 1785749561.952899218 1785749562.023939848 0.071040630 -0.002046100652 0.009056457285 0.006738557169 -0.026244662679 0.007713132252 0.001636563826 0.023664780201 0.037981429548
876 878 1785749561.992919445 1785749562.057173967 0.064254522 -0.002055028808 0.009069912815 0.006756007440 -0.026248670553 0.007711001723 0.001651259506 0.023865800050 0.038116734143
877 879 1785749562.022889137 1785749562.090496540 0.067607403 -0.002038867455 0.009072043344 0.006731100318 -0.026318318782 0.007704876453 0.001687823584 0.023657050860 0.038030126096
878 880 1785749562.052897692 1785749562.123942375 0.071044683 -0.002054047473 0.009041543583 0.006730441093 -0.026228303937 0.007707273298 0.001654592208 0.023463069094 0.037839750719
879 881 1785749562.092903376 1785749562.157168388 0.064265013 -0.002083748285 0.009036217261 0.006648948364 -0.026198476533 0.007699466201 0.001653151380 0.023262355339 0.037679115986
880 882 1785749562.122938156 1785749562.190504789 0.067566633 -0.002067909043 0.009032488835 0.006424304160 -0.026176638612 0.007731241747 0.001651472370 0.023523805023 0.037791785589
881 883 1785749562.162877321 1785749562.223944664 0.061067343 -0.002105459614 0.009071244395 0.006392752267 -0.026190487049 0.007737899650 0.001659867893 0.024574539744 0.038471646502
882 884 1785749562.192896366 1785749562.257169008 0.064272642 -0.002064979566 0.009058854130 0.006355874052 -0.026226397061 0.007710651478 0.001658361427 0.024857025631 0.038660367931
883 885 1785749562.222879648 1785749562.290480375 0.067600727 -0.002092676441 0.009025031984 0.006283156622 -0.026269007639 0.007679226177 0.001629832311 0.024764451218 0.038604070105
884 886 1785749562.262878418 1785749562.323813200 0.060934782 -0.002106131971 0.009063914136 0.006270373449 -0.026267942374 0.007609801602 0.001651832459 0.024754096763 0.038591652576
885 887 1785749562.292910576 1785749562.357159138 0.064248562 -0.002129301472 0.009039595441 0.006338297189 -0.026239180234 0.007231282482 0.001642950254 0.024661422969 0.038445979190
886 888 1785749562.322934389 1785749562.390478373 0.067543983 -0.002113013527 0.009369002203 0.006325107976 -0.026229719446 0.006443253115 0.001689614184 0.024586392150 0.038328960165
887 889 1785749562.362890720 1785749562.423931599 0.061040878 -0.000969299840 0.010557524527 0.006313390067 -0.026224925756 0.005982343860 0.001695589887 0.024366473632 0.038371799433
888 890 1785749562.392928839 1785749562.457151175 0.064222336 -0.000822298240 0.010407466628 0.006326173240 -0.026596043821 0.005093114372 0.001677084668 0.024026362146 0.038241078119
889 891 1785749562.422924995 1785749562.490477085 0.067552090 -0.001143246840 0.010431435078 0.006334036131 -0.027541872048 0.004429454628 0.001639703824 0.023896895936 0.038757798093
890 892 1785749562.462883949 1785749562.523954868 0.061070919 -0.002288477990 0.010400136369 0.006293682675 -0.028677849977 0.004084841583 0.001668308896 0.023854711086 0.039546756065
891 893 1785749562.492884159 1785749562.557250977 0.064366817 -0.002487273133 0.010376966867 0.006290486881 -0.028942415333 0.003801214927 0.001640398683 0.023905767824 0.039745785657
892 894 1785749562.532895088 1785749562.590542555 0.057647467 -0.002461174154 0.010394011098 0.006371138000 -0.029391297701 0.002217250640 0.001661597540 0.023645749506 0.039816217818
893 895 1785749562.562909365 1785749562.623958826 0.061049461 -0.002464103632 0.009761916380 0.006304682298 -0.029845226942 0.000612232378 0.001640200822 0.023371558296 0.039763654669
894 896 1785749562.592906237 1785749562.657176256 0.064270020 -0.002492150752 0.009600122777 0.004815056783 -0.030906006667 -0.000942466668 0.001668014445 0.023390829644 0.040342788943
895 897 1785749562.632989407 1785749562.690506697 0.057517290 -0.002485142604 0.009173890411 0.002954230670 -0.033134413276 -0.002775022006 0.001648641824 0.023248914558 0.041807700441
896 898 1785749562.662881374 1785749562.723936319 0.061054945 -0.002478218385 0.008364948664 0.002290452805 -0.033969833777 -0.004419988539 0.001648261575 0.023220314645 0.042388038295
897 899 1785749562.692893982 1785749562.757160664 0.064266682 -0.002374887735 0.007719398416 0.002623618065 -0.034148924794 -0.005162211847 0.001668029920 0.023188478146 0.042489974273
898 900 1785749562.733033180 1785749562.790477514 0.057444334 -0.001656730251 0.007042156550 0.001898528434 -0.034815515412 -0.005525610321 0.001681223819 0.023213243201 0.042898424102
899 901 1785749562.762897015 1785749562.824005365 0.061108351 -0.001062756736 0.007028041797 0.001644889112 -0.035124136385 -0.005784050719 0.001671920573 0.023200358281 0.043144415929
900 902 1785749562.802894592 1785749562.857154846 0.054260254 -0.000118471153 0.006541215949 0.001306186696 -0.036122810058 -0.006120665268 0.001679321629 0.023192434910 0.043903721632
901 903 1785749562.832898617 1785749562.890481710 0.057583094 -0.000837305344 0.005517230510 0.001249938744 -0.036976846422 -0.005329847003 0.001658691039 0.023070674049 0.044310325626
902 904 1785749562.862901688 1785749562.923969507 0.061067820 -0.001802611793 0.005027881226 0.001517866424 -0.038506398294 -0.004507846212 0.001688269945 0.023091811953 0.045497014618
903 905 1785749562.902970076 1785749562.957167149 0.054197073 -0.002330975025 0.004709633476 0.001947720830 -0.038709934598 -0.005936167348 0.001881407261 0.022883568230 0.045741690132
904 906 1785749562.933027029 1785749562.990461349 0.057434320 -0.002407125034 0.004717889275 0.002145800955 -0.038697684057 -0.005211030704 0.001968500130 0.022583782563 0.045510713155
905 907 1785749562.962878704 1785749563.023911238 0.061032534 -0.002457332187 0.004696317670 0.002334826331 -0.038945249241 -0.004497735294 0.001976606361 0.022109120985 0.045422764775
906 908 1785749563.002891302 1785749563.057166100 0.054274797 -0.002358262595 0.003726673850 0.002351211338 -0.039790337244 -0.005719964366 0.002136279278 0.021690380159 0.046000031589
907 909 1785749563.033078194 1785749563.090480566 0.057402372 -0.002151123060 0.002272055262 0.002394045569 -0.039703713170 -0.006135122504 0.002178169678 0.021568321109 0.045820110060
908 910 1785749563.072889090 1785749563.140506029 0.067616940 -0.001319123090 0.001944177469 0.002546754893 -0.039983467326 -0.005447430899 0.002395595213 0.018453087917 0.044571441138
909 911 1785749563.102946520 1785749563.173897028 0.070950508 -0.000910094573 0.001942046941 0.002539298042 -0.039953399328 -0.005438147294 0.002389538397 0.016221310560 0.043654738883
910 912 1785749563.133325100 1785749563.207180023 0.073854923 -0.002500089710 0.001945803500 0.002545689629 -0.039699422352 -0.005007074767 0.002450177357 0.013334651032 0.042443472472
911 913 1785749563.172910690 1785749563.240517855 0.067607164 -0.001872823104 0.001948200345 0.002624895707 -0.039679841551 -0.005317197972 0.002392444899 0.010278740670 0.041573209530
912 914 1785749563.202909946 1785749563.273977280 0.071067333 -0.002473603800 0.002021954906 0.002606370847 -0.039731253693 -0.005253957728 0.002513641704 0.008974887523 0.041352675595
913 915 1785749563.232933283 1785749563.307179451 0.074246168 -0.002500104157 0.002051530996 0.001824877995 -0.039674388637 -0.005053214443 0.002579916438 0.010859444607 0.041688908307
914 916 1785749563.272887468 1785749563.340542316 0.067654848 -0.002449740882 0.002070173123 0.001798107202 -0.039669721539 -0.004969960621 0.002838405290 0.012450635675 0.042130537921
915 917 1785749563.302910805 1785749563.373954296 0.071043491 -0.002481432499 0.002069891805 0.001950342101 -0.039660666792 -0.004934223129 0.002963097024 0.013060283481 0.042319165758
916 918 1785749563.342903852 1785749563.407183170 0.064279318 -0.002465902235 0.002042476248 0.001568314089 -0.039665993114 -0.004789925727 0.002919131890 0.013236987047 0.042341298367
917 919 1785749563.372952223 1785749563.440520525 0.067568302 -0.002469630661 0.002286688120 0.001207185325 -0.039670254172 -0.004655634877 0.002939382231 0.013407081004 0.042386072072
918 920 1785749563.402911901 1785749563.473920584 0.071008682 -0.002477437757 0.002305847878 0.000954480556 -0.039650014147 -0.004510648720 0.003078399240 0.013543390320 0.042399707574
919 921 1785749563.442902803 1785749563.507246733 0.064343929 -0.002461725107 0.001838813352 -0.000153314107 -0.037286795793 -0.004337855493 0.003377150119 0.013517772863 0.040158713714
920 922 1785749563.473046303 1785749563.540540218 0.067493916 -0.002443531682 0.000997152724 0.000917141819 -0.035797764763 -0.003892059579 0.003441649255 0.013571959756 0.038735996705
921 923 1785749563.502908945 1785749563.573895216 0.070986271 -0.002493290132 0.000680333615 0.001180693586 -0.034391880627 -0.004140245445 0.003681110572 0.013620992870 0.037511311548
922 924 1785749563.542904377 1785749563.607161522 0.064257145 -0.002491818827 0.000722018653 0.001787940785 -0.031363401366 -0.005353022198 0.003723011289 0.013621743997 0.034952220512
923 925 1785749563.573052168 1785749563.640549898 0.067497730 -0.002451338779 0.001965575157 0.002284683197 -0.030228038129 -0.004869148285 0.003834940010 0.014103465802 0.034148934559
924 926 1785749563.612908840 1785749563.674024343 0.061115503 -0.002457996681 0.003373854742 0.002497550432 -0.029420076321 -0.004626973146 0.004104619297 0.012898342365 0.033073060158
925 927 1785749563.642962694 1785749563.707174540 0.064211845 -0.002503676460 0.005887347575 0.002643868169 -0.029361892817 -0.004515542819 0.004218840774 0.011693271503 0.032938752084
926 928 1785749563.673147917 1785749563.740555048 0.067407131 -0.002473176699 0.008301970074 0.003129354508 -0.029135874370 -0.003531379059 0.001237347637 0.012605328047 0.033266008288
927 929 1785749563.712908268 1785749563.773849964 0.060941696 -0.002512731208 0.009525988441 0.000954548776 -0.029122305380 -0.005159026574 0.008315698980 0.012873138782 0.034749995896
928 930 1785749563.742901325 1785749563.807148218 0.064246893 -0.002444330631 0.009594002169 0.001439066912 -0.029264362060 -0.005766206554 0.007399852249 0.013060131486 0.034857817143
929 931 1785749563.772896528 1785749563.840559006 0.067662477 -0.002506634071 0.011361612439 0.001864801381 -0.029284825738 -0.005112957465 0.006004559193 0.013854425489 0.035363683703
930 932 1785749563.812904119 1785749563.873930454 0.061026335 -0.002519389111 0.011222499223 0.002032059633 -0.029277495479 -0.004975960791 0.007475300049 0.014232476242 0.035732289246
931 933 1785749563.842910767 1785749563.907181263 0.064270496 -0.002530069889 0.010242629317 0.003067623257 -0.029279093375 -0.003598700467 0.006680705064 0.014268091804 0.035201551659
932 934 1785749563.882904768 1785749563.940510988 0.057606220 -0.002538325688 0.010548305269 0.006068588029 -0.029244472281 -0.001273760835 0.006029730913 0.014246867628 0.035365663005
933 935 1785749563.912881136 1785749563.973914623 0.061033487 -0.002521015141 0.010636197513 0.007276868878 -0.030039032959 0.000502960520 0.005538130543 0.014280433775 0.036188882058
934 936 1785749563.942867517 1785749564.007186174 0.064318657 -0.002474381688 0.010250423593 0.007614366847 -0.031051566805 0.002114454297 0.005294667883 0.014300121007 0.037018509126
935 937 1785749563.982907295 1785749564.040511370 0.057604074 -0.002478110114 0.009268487965 0.007596007434 -0.032556379413 0.003014070113 0.005276200619 0.014276857733 0.038084309717
936 938 1785749564.012896538 1785749564.073833704 0.060937166 -0.002527673044 0.009022145564 0.007703878590 -0.032874360847 0.002978117439 0.005322438348 0.014291314758 0.038331459651
937 939 1785749564.042901754 1785749564.107159853 0.064258099 -0.002525542515 0.009066382172 0.008043165313 -0.033131089576 0.003022325913 0.005323879176 0.014332997452 0.038650384407
938 940 1785749564.083091259 1785749564.140593767 0.057502508 -0.002513530156 0.009031732944 0.008184566035 -0.033171569625 0.003118199712 0.005303876388 0.014294845794 0.038696602911
939 941 1785749564.112901449 1785749564.173848629 0.060947180 -0.002498378272 0.008979549988 0.008180837609 -0.033162514877 0.003144298691 0.005295440544 0.014566505593 0.038777107924
940 942 1785749564.153051376 1785749564.207161903 0.054110527 -0.002510362497 0.008850120359 0.008072210167 -0.033164645406 0.003183951657 0.005077769303 0.014522951185 0.038684857923
941 943 1785749564.182915688 1785749564.240509510 0.057593822 -0.002531919100 0.008658091443 0.007575137716 -0.033188487264 0.003165309529 0.004787497380 0.014552910812 0.038535153934
942 944 1785749564.212885857 1785749564.273888588 0.061002731 -0.002531919100 0.008235447778 0.006793568863 -0.033155464066 0.003201290338 0.004811186855 0.014530961301 0.038265065071
943 945 1785749564.252965450 1785749564.307158470 0.054193020 -0.002511960394 0.007740366131 0.006335266974 -0.033149199072 0.003160782155 0.004772334707 0.014555320316 0.038076912841
944 946 1785749564.282949686 1785749564.340569973 0.057620287 -0.002517258582 0.006802667112 0.006301051920 -0.033178367252 0.003181050314 0.004706409745 0.014536977324 0.037904000619
945 947 1785749564.312890291 1785749564.373836756 0.060946465 -0.002520216193 0.006234082219 0.006211163667 -0.033180497781 0.003158385310 0.004651953721 0.014506779515 0.037773032456
946 948 1785749564.352876663 1785749564.407164574 0.054287910 -0.002537778054 0.006233549587 0.004772524046 -0.033119554054 0.003149596879 0.004580042740 0.014550161379 0.037517772490
947 949 1785749564.382872820 1785749564.440598965 0.057726145 -0.002539657269 0.006148062116 0.004389028849 -0.033160384348 0.003159184259 0.004567497749 0.014687422950 0.037545786248
948 950 1785749564.422908306 1785749564.490508080 0.067599773 -0.002527391726 0.005495587649 0.004300891350 -0.033134467756 0.003147998982 0.004523395706 0.014996953539 0.037526782892
949 951 1785749564.452907324 1785749564.523834229 0.070926905 -0.002552958073 0.005498811576 0.004373020352 -0.033168373831 0.003188479031 0.004543772639 0.015020942148 0.037582706457
950 952 1785749564.482892752 1785749564.557168245 0.074275494 -0.002549313576 0.005495587649 0.004346626923 -0.033132687473 0.003157852678 0.004536346265 0.014977905371 0.037526747106
951 953 1785749564.522925138 1785749564.590500355 0.067575216 -0.002514357239 0.005450874676 0.004314668990 -0.033128959047 0.003202089286 0.004514716049 0.014980852665 0.037513201763
952 954 1785749564.553220034 1785749564.623839855 0.070619822 -0.002528471992 0.005135556403 0.004240171277 -0.033151203009 0.003146401085 0.004568476741 0.015434817542 0.037666335575
953 955 1785749564.582870960 1785749564.657183170 0.074312210 -0.002548430699 0.004548034933 0.004128247714 -0.033164112774 0.003169037955 0.004427404213 0.015717905011 0.037693197975
954 956 1785749564.622922659 1785749564.690509081 0.067586422 -0.002551360176 0.004480656957 0.004038836298 -0.033173573562 0.003166108477 0.004432075996 0.015917723206 0.037768046807
955 957 1785749564.653021812 1785749564.723942757 0.070920944 -0.002553490705 0.004503321961 0.003945287151 -0.033158127227 0.003183951657 0.004443494769 0.016339481651 0.037930037832
956 958 1785749564.692918539 1785749564.757178307 0.064259768 -0.002520216193 0.004393866040 0.003928898878 -0.033159319084 0.003150129511 0.004448876886 0.016762631234 0.038096402249
957 959 1785749564.722895861 1785749564.790472984 0.067577124 -0.002507433020 0.004231413213 0.004002093145 -0.033164645406 0.003182353760 0.004398296986 0.016798231321 0.038101909400
958 960 1785749564.752950191 1785749564.823829651 0.070879459 -0.002589260993 0.004226857705 0.003911448607 -0.033139079059 0.003176522940 0.004434815585 0.016880626614 0.038115377892
959 961 1785749564.792907238 1785749564.857173920 0.064266682 -0.002559615975 0.004207444763 0.003935823097 -0.033173167521 0.003206322210 0.004280122484 0.016972609761 0.038169011055
960 962 1785749564.823080301 1785749564.890496254 0.067415953 -0.002524462249 0.004186405791 0.003913173095 -0.033149731704 0.003532419719 0.004237034596 0.017054782348 0.038202258977
961 963 1785749564.852917671 1785749564.923834085 0.070916414 -0.002535647525 0.004199188964 0.005483499466 -0.033163580141 0.004420486881 0.004231784229 0.017051718305 0.038498887123
962 964 1785749564.892914295 1785749564.957162380 0.064248085 -0.002553490705 0.004219428988 0.007261831850 -0.033156655923 0.005330014058 0.004267876628 0.017093304411 0.038925914325
963 965 1785749564.922912359 1785749564.990517139 0.067604780 -0.002519934875 0.004764045431 0.007255846304 -0.033143340117 0.006288656385 0.004253079674 0.017071263470 0.039105478167
964 966 1785749564.952889681 1785749565.023828745 0.070939064 -0.002526592778 0.005297210282 0.007207097323 -0.033129491679 0.006524066694 0.004249807453 0.017101587871 0.039205078701
965 967 1785749564.992896795 1785749565.057167530 0.064270735 -0.002553840950 0.005717428967 0.007169842599 -0.033153460129 0.006397245827 0.004231708274 0.017399446030 0.039387085323
966 968 1785749565.022901535 1785749565.090490580 0.067589045 -0.002585083864 0.005999724043 0.007160255219 -0.033191150425 0.006790035823 0.004215353744 0.019761400831 0.040620042159
967 969 1785749565.062903643 1785749565.123911858 0.061008215 -0.002557569376 0.006015464828 0.007194343681 -0.033149731704 0.006830292218 0.004201698010 0.022023507228 0.041746045319
968 970 1785749565.092894316 1785749565.157168388 0.064274073 -0.002589611238 0.005444749406 0.007269065048 -0.033161982245 0.006779552433 0.004218179132 0.022303450014 0.041834280255
969 971 1785749565.122884035 1785749565.190541983 0.067657948 -0.002593339663 0.005464190482 0.007242027396 -0.033161982245 0.006739647680 0.004223581409 0.022475922998 0.041918676277
970 972 1785749565.163103819 1785749565.223830700 0.060726881 -0.002547981996 0.006239436675 0.007152980755 -0.033174765418 0.006919537645 0.004198826670 0.022642897117 0.042135067497
971 973 1785749565.192911148 1785749565.257158041 0.064246893 -0.002562895698 0.006522502565 0.007060920706 -0.033114045345 0.006903796861 0.004200642589 0.022657034847 0.042120744434
972 974 1785749565.222897291 1785749565.290492535 0.067595243 -0.002529522255 0.006598430790 0.007006383569 -0.032987152285 0.006915352047 0.004169526740 0.022736752924 0.042063599216
973 975 1785749565.262910366 1785749565.323823452 0.060913086 -0.002576477819 0.006586951063 0.006962413277 -0.032954255680 0.007582605154 0.004182482457 0.022781915545 0.042172136117
974 976 1785749565.292901278 1785749565.357168674 0.064267397 -0.002524994881 0.006677792991 0.007024366472 -0.032938459100 0.007621995070 0.004161390032 0.022761472501 0.042175217093
975 977 1785749565.332909107 1785749565.390498400 0.057589293 -0.002555088601 0.006945706996 0.007045545169 -0.032820032361 0.007733009490 0.004173417392 0.022737265396 0.042139834368
976 978 1785749565.362918377 1785749565.423841238 0.060922861 -0.002589260993 0.007025741553 0.006965370888 -0.032813823161 0.007606273949 0.004188087754 0.022779227066 0.042138075028
977 979 1785749565.392904282 1785749565.457177401 0.064273119 -0.002562895698 0.006972044157 0.007041284111 -0.032812575510 0.007788987860 0.004179276347 0.022916981895 0.042246246809
978 980 1785749565.432910919 1785749565.490506172 0.057595253 -0.002588013341 0.006953683347 0.006988806705 -0.032832282902 0.007909515056 0.004172210061 0.022931200738 0.042280745941
979 981 1785749565.462911844 1785749565.523832560 0.060920715 -0.002581888071 0.006944347282 0.006966745131 -0.032826956580 0.008277727969 0.004200272184 0.022936643808 0.042347224432
980 982 1785749565.492904425 1785749565.557180166 0.064275742 -0.002576477819 0.007280732661 0.007580799282 -0.032251181152 0.007983944696 0.004186743514 0.022928816552 0.042003063366
981 983 1785749565.532913208 1785749565.590506792 0.057593584 -0.002594671244 0.007903785765 0.007831836915 -0.032085405940 0.007825560674 0.004162090049 0.022985965741 0.042034867748
982 984 1785749565.562913895 1785749565.623837471 0.060923576 -0.002577627013 0.007916695530 0.007867117233 -0.032028540885 0.007714774569 0.004196548916 0.022967216708 0.041972121780
983 985 1785749565.592909575 1785749565.657150030 0.064240456 -0.002545585151 0.007875416533 0.008220184862 -0.032091264895 0.007593490546 0.004158848304 0.023256548066 0.042210745751
984 986 1785749565.632887840 1785749565.690494537 0.057606697 -0.002541506480 0.007883672332 0.008671286351 -0.032082210147 0.007547853430 0.004127615707 0.024189214291 0.042804162769
985 987 1785749565.663090229 1785749565.723830700 0.060740471 -0.002573632271 0.007876215481 0.008862519111 -0.032085938572 0.007475402316 0.004150534367 0.024421214545 0.042967596484
986 988 1785749565.703090191 1785749565.757155418 0.054065228 -0.002590592573 0.008060211778 0.008813546478 -0.032043454587 0.007454938638 0.004149864826 0.024576987440 0.043046086546
987 989 1785749565.732899666 1785749565.790513754 0.057614088 -0.002545585151 0.008347328678 0.008866500721 -0.032026410356 0.007419911504 0.004156124190 0.024648243882 0.043131520685
988 990 1785749565.762907982 1785749565.823849440 0.060941458 -0.002589611238 0.008584588197 0.008906448137 -0.032026410356 0.007378759099 0.004152542989 0.024775833220 0.043254463705
989 991 1785749565.803159237 1785749565.857175827 0.054016590 -0.002612780739 0.008680461996 0.008946704532 -0.032056237760 0.007366424628 0.004155485126 0.024873128160 0.043359286409
990 992 1785749565.832924604 1785749565.890504122 0.057579517 -0.002580556490 0.008674603042 0.008882382626 -0.032069553566 0.007358168829 0.004125449543 0.024854059832 0.043337596488
991 993 1785749565.862910271 1785749565.923848629 0.060938358 -0.002590143870 0.008696973595 0.008852458160 -0.032049186949 0.007385066756 0.004165021869 0.025574680746 0.043747154285
992 994 1785749565.902902603 1785749565.957179546 0.054276943 -0.002563694646 0.008705257529 0.008802517323 -0.032040791426 0.007315684844 0.004130775865 0.026383540907 0.044194167602
993 995 1785749565.932919979 1785749566.007172585 0.074252605 -0.002611182843 0.008697001729 0.008832091544 -0.032053041967 0.007322342746 0.004169485947 0.026153486429 0.044077949408
994 996 1785749565.972906351 1785749566.040575266 0.067668915 -0.002592540715 0.008684989370 0.008801452059 -0.032076477784 0.007317016424 0.004168973475 0.025068092993 0.043449334271
995 997 1785749566.002900124 1785749566.073832273 0.070932150 -0.002587663096 0.008702299917 0.008832750768 -0.032090858854 0.007313414590 0.004114350538 0.024730334744 0.043269736562
996 998 1785749566.032920122 1785749566.107272625 0.074352503 -0.002580556490 0.008687119899 0.009004511526 -0.032161166307 0.007277055875 0.004132221852 0.024540366009 0.043241271183
997 999 1785749566.072893620 1785749566.140625238 0.067731619 -0.002576828065 0.008675135674 0.009089102987 -0.032164362100 0.007330725138 0.004182969137 0.024799444663 0.043420101586
998 1000 1785749566.102899551 1785749566.173841953 0.070942402 -0.002578608348 0.008708158872 0.009033079543 -0.032336584694 0.007307682228 0.004171748226 0.024798711803 0.043537504494
999 1001 1785749566.132916451 1785749566.207161903 0.074245453 -0.002597068089 0.008706827291 0.009006041892 -0.032513236203 0.007309280125 0.004161126058 0.024717938778 0.043617541959
1000 1002 1785749566.172900438 1785749566.240515232 0.067614794 -0.002594222541 0.008647187484 0.008991128190 -0.032710310124 0.007303154854 0.004163834698 0.024940091418 0.043874712155
1001 1003 1785749566.202897072 1785749566.273843050 0.070945978 -0.002605323888 0.008664231715 0.008976873712 -0.032727886987 0.007286643255 0.004136589341 0.024828597322 0.043820329281
1002 1004 1785749566.242911339 1785749566.307230473 0.064319134 -0.002578958593 0.008690315692 0.008471811777 -0.032736941735 0.007295698003 0.004168019800 0.024843881429 0.043743223545
1003 1005 1785749566.272898197 1785749566.340514421 0.067616224 -0.002596269141 0.008667678823 0.007750095122 -0.032684926164 0.007274308785 0.004195138565 0.024827967155 0.043556633838
1004 1006 1785749566.302891016 1785749566.373841524 0.070950508 -0.002580206245 0.008702299917 0.007363404131 -0.032726821723 0.007265254037 0.004043118941 0.024819637743 0.043506289353
1005 1007 1785749566.342918873 1785749566.407172680 0.064253807 -0.002611981791 0.008706827291 0.006453541711 -0.032711908021 0.007283713778 0.004052097734 0.024710366079 0.043294602337
1006 1008 1785749566.372904778 1785749566.440572262 0.067667484 -0.002607454417 0.008692446221 0.006282384382 -0.032709244859 0.007284961430 0.004030340927 0.024710573784 0.043262538765
1007 1009 1785749566.402972937 1785749566.473905325 0.070932388 -0.002556237795 0.008181933242 0.006168583474 -0.032763446754 0.007089569335 0.004075624982 0.024771521722 0.043191136235
1008 1010 1785749566.442909956 1785749566.507199049 0.064289093 -0.002544253570 0.007925455827 0.006120773167 -0.033300872662 0.006628758537 0.004046938797 0.024811215482 0.043492673263
1009 1011 1785749566.472879410 1785749566.540507078 0.067627668 -0.002605323888 0.007920129505 0.006037555949 -0.034312117590 0.006602393242 0.004071556628 0.024658658068 0.044175878564
1010 1012 1785749566.512912035 1785749566.573829412 0.060917377 -0.002611182843 0.007920129505 0.005866581007 -0.035133127492 0.006574696367 0.004047658975 0.024652560931 0.044784585331
1011 1013 1785749566.542896748 1785749566.607167959 0.064271212 -0.002599198618 0.007413862582 0.005853265201 -0.035296421929 0.006619703789 0.004059605222 0.024639630533 0.044824452835
1012 1014 1785749566.572895527 1785749566.640587330 0.067691803 -0.002586065199 0.006913454613 0.005842079925 -0.035284521634 0.006589077437 0.004067782724 0.024482274271 0.044642530214
1013 1015 1785749566.612909794 1785749566.673822641 0.060912848 -0.002614112320 0.006712918583 0.005851793897 -0.035295174278 0.006582153218 0.004036372424 0.024698276772 0.044738256527
1014 1016 1785749566.642876863 1785749566.707160473 0.064283609 -0.002597068089 0.006692959877 0.005815042273 -0.035288782691 0.006592805862 0.004055055345 0.025060354098 0.044928646603
1015 1017 1785749566.672904968 1785749566.740587473 0.067682505 -0.002575230168 0.006733691239 0.005838884131 -0.035289497710 0.006598664817 0.004016040970 0.025528163582 0.045197054362
1016 1018 1785749566.712909460 1785749566.773843288 0.060933828 -0.002610383894 0.006716928326 0.006580840811 -0.035264463996 0.006581620586 0.004025745098 0.025380566724 0.045194232345
1017 1019 1785749566.742906809 1785749566.807159662 0.064252853 -0.002611182843 0.007788303031 0.006548476838 -0.035328197475 0.006575495315 0.004067965110 0.024191735733 0.044760089167
1018 1020 1785749566.772904634 1785749566.840560198 0.067655563 -0.002597418334 0.008479687784 0.006626241142 -0.035317544831 0.006609850093 0.004052919658 0.023990612626 0.044783406544
1019 1021 1785749566.812902212 1785749566.873818874 0.060916662 -0.002609851262 0.008612285072 0.006751283121 -0.035260735571 0.006608518513 0.004060979938 0.024331877876 0.044967615353
1020 1022 1785749566.842907429 1785749566.907197475 0.064290047 -0.002596269141 0.008654895650 0.007138100703 -0.035267127157 0.006580821637 0.004020332505 0.024854357666 0.045316442420
1021 1023 1785749566.882891178 1785749566.940608025 0.057716846 -0.002582336774 0.008826669540 0.008085780011 -0.035726606375 0.006604790087 0.004030822922 0.024371281732 0.045608978925
1022 1024 1785749566.912888765 1785749566.973812819 0.060924053 -0.002577627013 0.008968083394 0.008999020611 -0.036314282098 0.006571766890 0.004027647289 0.024406368401 0.046280244363
1023 1025 1785749566.942886353 1785749567.007153988 0.064267635 -0.002581355438 0.009361713605 0.009166143802 -0.036763641303 0.006530614485 0.004043118941 0.024021479701 0.046539400672
1024 1026 1785749566.982887983 1785749567.040505171 0.057617188 -0.002611182843 0.009548134881 0.009335985948 -0.037610794242 0.006546200543 0.004045756784 0.023818204531 0.047183104914
1025 1027 1785749567.012923241 1785749567.073835850 0.060912609 -0.002631773112 0.009498516156 0.009177320608 -0.038747252274 0.006532884738 0.004044640883 0.023590402961 0.047940229724
1026 1028 1785749567.042895794 1785749567.107159376 0.064263582 -0.002581888071 0.009512182206 0.009011127620 -0.039820773906 0.006549396336 0.004026130506 0.023391435275 0.048685786172
1027 1029 1785749567.082887650 1785749567.140507221 0.057619572 -0.002638431015 0.009504725355 0.008584027378 -0.040325809576 0.006342468720 0.004040998729 0.023449653940 0.049026527680
1028 1030 1785749567.112901688 1785749567.173834562 0.060932875 -0.002603277289 0.009513780103 0.007965108741 -0.040485628772 0.006130481097 0.004064749157 0.023260228155 0.048938342399
1029 1031 1785749567.142882824 1785749567.207246780 0.064363956 -0.002583485967 0.009549732778 0.007764768230 -0.040482797752 0.005695320575 0.004029468366 0.023295376723 0.048870934141
1030 1032 1785749567.182898760 1785749567.240553141 0.057654381 -0.002571501742 0.008621621138 0.007227748362 -0.040601071635 0.005230332649 0.004023218846 0.023699201955 0.048855165329
1031 1033 1785749567.212877512 1785749567.273831367 0.060953856 -0.002598399669 0.007276458471 0.007088731353 -0.040986662626 0.004314205234 0.004044300954 0.023879508254 0.048939297151
1032 1034 1785749567.252882957 1785749567.307166815 0.054283857 -0.002628843635 0.006770724180 0.007094184268 -0.041431684773 0.003960803757 0.004052229484 0.023785123081 0.049168140991
1033 1035 1785749567.282958031 1785749567.340572596 0.057614565 -0.002626446790 0.006705994364 0.007032804971 -0.041592984597 0.003936036359 0.004091106951 0.023505761199 0.049153388942
1034 1036 1785749567.312897205 1785749567.373832703 0.060935497 -0.002613130985 0.006623185056 0.006999781773 -0.041657466746 0.003962135337 0.004063846120 0.023181323913 0.049036962125
1035 1037 1785749567.352915287 1785749567.407251596 0.054336309 -0.002622718364 0.006591759755 0.006979135708 -0.041316691779 0.003945217698 0.004045822896 0.022779710750 0.048548490713
1036 1038 1785749567.382876873 1785749567.440681219 0.057804346 -0.002597600721 0.006598683974 0.007016826004 -0.041008339845 0.003947221635 0.004084989181 0.022703132671 0.048258780259
1037 1039 1785749567.412905931 1785749567.473828316 0.060922384 -0.002607005714 0.005655110998 0.007765904291 -0.041544471631 0.004003764580 0.004036194723 0.022673507814 0.048697413761
1038 1040 1785749567.452897549 1785749567.507156134 0.054258585 -0.002606206766 0.005007711539 0.009295653552 -0.041803340213 0.003955477435 0.004033988239 0.022832986608 0.049183961378
1039 1041 1785749567.482878447 1785749567.540526152 0.057647705 -0.002637099434 0.004933955109 0.010005855746 -0.041135029227 0.003999237206 0.004037970321 0.023185086035 0.048921910247
1040 1042 1785749567.522890091 1785749567.590759516 0.067869425 -0.002607005714 0.004899054566 0.010348452034 -0.040925372315 0.003957607964 0.004065449174 0.023000856668 0.048723749017
1041 1043 1785749567.552895784 1785749567.623807669 0.070911884 -0.002604875185 0.004863900840 0.010268405199 -0.041158259186 0.003941096365 0.004064262003 0.023147187469 0.048966601930
1042 1044 1785749567.582904577 1785749567.657154322 0.074249744 -0.002569371214 0.004913686950 0.009655137718 -0.041445139300 0.003953473498 0.004036372424 0.023616281231 0.049308399265
1043 1045 1785749567.622882843 1785749567.690532684 0.067649841 -0.002595820437 0.004861503995 0.010369106338 -0.041852088109 0.003971190085 0.004056526177 0.023517189112 0.049747081213
1044 1046 1785749567.652871847 1785749567.723797560 0.070925713 -0.002604875185 0.004895044823 0.010426872066 -0.041967855808 0.003964532182 0.004061725907 0.023357073101 0.049784891456
1045 1047 1785749567.682883024 1785749567.757122993 0.074239969 -0.002615261513 0.004882542967 0.010261632752 -0.042598575741 0.003981576413 0.004085948014 0.023232035334 0.050228417934
1046 1048 1785749567.722878218 1785749567.790513039 0.067634821 -0.002581355438 0.004868428214 0.010032786551 -0.042469547802 0.003951875601 0.004068862990 0.022976942929 0.049947944490
1047 1049 1785749567.752872705 1785749567.823797703 0.070924997 -0.002603277289 0.003960275280 0.009916702258 -0.042348649613 0.004022855410 0.004053492611 0.022878004140 0.049701380082
1048 1050 1785749567.792869329 1785749567.857142210 0.064272881 -0.002621386784 0.003191686990 0.009740460055 -0.041635694582 0.004019925933 0.004088276405 0.022812134501 0.048976866467
1049 1051 1785749567.822877884 1785749567.890808821 0.067930937 -0.002631773112 0.003049474187 0.009915984827 -0.041203121220 0.004015748805 0.004044524135 0.022620608190 0.048543030444
1050 1052 1785749567.852890968 1785749567.924002409 0.071111441 -0.002661319198 0.003037489963 0.010462704992 -0.041309606397 0.004023654359 0.004035104140 0.022569247159 0.048724773152
1051 1053 1785749567.892901182 1785749567.957163334 0.064262152 -0.002613130985 0.003080128674 0.012334290990 -0.041331976950 0.004600495051 0.004061152482 0.022528051145 0.049213344751
1052 1054 1785749567.922896862 1785749567.990665436 0.067768574 -0.002620587836 0.003206096194 0.011163742327 -0.041320791674 0.004769605780 0.004083781850 0.022534742340 0.048953289231
1053 1055 1785749567.952889919 1785749568.023970366 0.071080446 -0.002592890960 0.003534730272 0.010604874984 -0.041343694859 0.005096908278 0.004077228037 0.022566030732 0.048916356008
1054 1056 1785749567.992893934 1785749568.057284117 0.064390182 -0.002650932870 0.003511532637 0.010294878683 -0.041317666677 0.005404896292 0.004011582051 0.022477689266 0.048816438036
1055 1057 1785749568.022886038 1785749568.090538025 0.067651987 -0.002638431015 0.003500347360 0.009966245459 -0.041309073765 0.005475077153 0.004074676466 0.022497518565 0.048761636287
1056 1058 1785749568.052882433 1785749568.123810530 0.070928097 -0.002625914158 0.003548312394 0.009579540794 -0.041312872987 0.005494112188 0.004030954672 0.022528411233 0.048702876705
1057 1059 1785749568.092883825 1785749568.157285213 0.064401388 -0.002613130985 0.003513130533 0.009604837017 -0.041278784526 0.005562961469 0.004032273594 0.022500196728 0.048670587721
1058 1060 1785749568.122879982 1785749568.190543652 0.067663670 -0.002638431015 0.003549910290 0.009335431500 -0.041277186629 0.005540324599 0.004047339679 0.022488935496 0.048614277465
1059 1061 1785749568.162893295 1785749568.223894596 0.061001301 -0.002630175216 0.003526446339 0.009075848753 -0.041276653997 0.005560564624 0.004092451191 0.022436391978 0.048544274244
1060 1062 1785749568.192903280 1785749568.257380009 0.064476728 -0.002578958593 0.003554437664 0.008990839515 -0.041305877972 0.005521682472 0.004052351391 0.022465864452 0.048558432836
1061 1063 1785749568.222916603 1785749568.290546179 0.067629576 -0.002638431015 0.002689848982 0.008858370215 -0.041299262732 0.005552308824 0.004024370382 0.022446562627 0.048468219432
1062 1064 1785749568.262897968 1785749568.323790550 0.060892582 -0.002617658358 0.002372932813 0.010106416094 -0.041292632963 0.005536722766 0.004058742978 0.022426672848 0.048680473265
1063 1065 1785749568.292887926 1785749568.357187033 0.064299107 -0.002630974164 0.002249362138 0.010280417032 -0.041363711230 0.005552308824 0.004038051435 0.022449048560 0.048782363720
1064 1066 1785749568.322884798 1785749568.390562296 0.067677498 -0.002641878123 0.001957563612 0.010077361685 -0.041385016519 0.005669348188 0.004053092202 0.022466341289 0.048768739396
1065 1067 1785749568.362911224 1785749568.423827887 0.060916662 -0.002660786566 0.000904238868 0.010771918218 -0.041418334167 0.005642982893 0.004048689077 0.022371664032 0.048868564037
1066 1068 1785749568.392894506 1785749568.457177162 0.064282656 -0.002593689909 0.000860730885 0.010174935417 -0.041417268902 0.005949512735 0.004062791172 0.022374966257 0.048774272398
1067 1069 1785749568.432900667 1785749568.490515947 0.057615280 -0.002616060462 0.000902766167 0.010520047214 -0.041364776495 0.007538244447 0.004066965958 0.022354244237 0.049014818818
1068 1070 1785749568.462898016 1785749568.523821592 0.060923576 -0.002595820437 0.000938592250 0.011180615611 -0.041375429139 0.008415190056 0.004080276605 0.022403992370 0.049335124364
1069 1071 1785749568.492899656 1785749568.557168245 0.064268589 -0.002584284916 0.000955902797 0.011304097465 -0.041407681522 0.008522582437 0.004056318472 0.022400999597 0.049405099950
1070 1072 1785749568.532904148 1785749568.590535641 0.057631493 -0.002616578092 0.000968559379 0.011562429065 -0.041382353358 0.008944398477 0.004049404096 0.022358789428 0.049500393189
1071 1073 1785749568.562894344 1785749568.623823166 0.060928822 -0.002644274968 0.000975217281 0.010814638611 -0.041387679680 0.008772893627 0.004071120584 0.022406655531 0.049329864929
1072 1074 1785749568.592902660 1785749568.657172203 0.064269543 -0.002607804662 0.000957906734 0.010699102806 -0.041387679680 0.008918852107 0.004021367292 0.022382068177 0.049313318225
1073 1075 1785749568.632900953 1785749568.690482378 0.057581425 -0.002610734140 0.001069366592 0.010814393667 -0.041404485729 0.009341935463 0.004041536520 0.022365216650 0.049427226485
1074 1076 1785749568.662898779 1785749568.723818302 0.060919523 -0.002595820437 0.001113042434 0.011063398687 -0.041373298610 0.008791549511 0.004022792645 0.022399918857 0.049369589262
1075 1077 1785749568.692891359 1785749568.757159472 0.064268112 -0.002621386784 0.001105319267 0.011289644908 -0.041392473370 0.008487013198 0.004062831492 0.022411286994 0.049393199033
1076 1078 1785749568.732908010 1785749568.790493727 0.057585716 -0.002613130985 0.001123779007 0.011403859242 -0.041381288093 0.008610977635 0.003992528724 0.022403089332 0.049422039373
1077 1079 1785749568.762901545 1785749568.823826075 0.060924530 -0.002591741767 0.001106118215 0.011150833528 -0.041374896507 0.008454971648 0.004015680408 0.022430994386 0.049344964445
1078 1080 1785749568.802895784 1785749568.857157946 0.054262161 -0.002649334974 0.001096530835 0.010683889844 -0.041383951254 0.008185244020 0.003969955151 0.022364288294 0.049172334028
1079 1081 1785749568.832904816 1785749568.890482903 0.057578087 -0.002616578092 0.001109846641 0.010751246217 -0.041388212312 0.008118432869 0.004003495979 0.022399837744 0.049196964514
1080 1082 1785749568.862910509 1785749568.923820496 0.060909986 -0.002626446790 0.001106917163 0.010922774851 -0.041382885990 0.008147563049 0.004002724692 0.022404464049 0.049237570508
1081 1083 1785749568.902889013 1785749568.957144737 0.054255724 -0.002636019168 0.001077622391 0.011141732079 -0.041385016519 0.008216612984 0.004045863216 0.022366418823 0.049285962323
1082 1084 1785749568.932940960 1785749568.990476370 0.057535410 -0.002657590773 0.001128306381 0.011846814664 -0.041384483887 0.008571266774 0.004014082512 0.022348166787 0.049501297150
1083 1085 1785749568.962892532 1785749569.023810863 0.060918331 -0.002620587836 0.000928176391 0.012103162533 -0.041353058586 0.008402770195 0.003984706626 0.022354802188 0.049502652499
1084 1086 1785749569.002879381 1785749569.057163715 0.054284334 -0.002601146760 0.000734830896 0.011887772174 -0.041338271476 0.009384747943 0.003990058267 0.022337514143 0.049602785746
1085 1087 1785749569.032896996 1785749569.090510130 0.057613134 -0.002617658358 0.000625514700 0.011492741226 -0.041364903087 0.009235235267 0.004038568592 0.022319993075 0.049499125343
1086 1088 1785749569.062896490 1785749569.123824120 0.060927629 -0.002621638098 0.000672526059 0.011286535472 -0.041383951254 0.008752842455 0.003988516165 0.022325933143 0.049379250551
1087 1089 1785749569.102887869 1785749569.157158613 0.054270744 -0.002605674133 0.000665952086 0.011324957497 -0.041357319644 0.009402506421 0.004028894940 0.022298621675 0.049475076860
1088 1090 1785749569.132897139 1785749569.207148075 0.074250937 -0.002657058141 0.000790292178 0.009940569277 -0.041379690197 0.008742795803 0.004023254008 0.022296186852 0.049076686903
1089 1091 1785749569.172888279 1785749569.240486622 0.067598343 -0.002656259192 0.000733787234 0.010077544348 -0.041355848339 0.008397154952 0.003994740367 0.022330554289 0.049036527867
1090 1092 1785749569.203008652 1785749569.273811340 0.070802689 -0.002627763369 -0.000202783652 0.009998211678 -0.041350928057 0.008227333866 0.004021275862 0.022280161934 0.048959933082
1091 1093 1785749569.232905626 1785749569.307165861 0.074260235 -0.002634169957 -0.000401054091 0.009996613781 -0.041383951254 0.008265476130 0.004033942287 0.022271670295 0.048992667697
1092 1094 1785749569.272882223 1785749569.340564489 0.067682266 -0.002643476019 -0.001195394381 0.010238361277 -0.041427753688 0.008175939519 0.003996739145 0.022286046207 0.049081437599
1093 1095 1785749569.302883148 1785749569.373822451 0.070939302 -0.002633089691 -0.001584105707 0.010650568878 -0.041446928448 0.008225591040 0.003979091012 0.022567803492 0.049330764388
1094 1096 1785749569.332899809 1785749569.407148838 0.074249029 -0.002619507569 -0.001701593773 0.010405176343 -0.041488473761 0.008621929868 0.004040339032 0.022544874988 0.049378657266
1095 1097 1785749569.372885942 1785749569.440629721 0.067743778 -0.002598749915 -0.001723165378 0.011111735437 -0.041498467181 0.008524538293 0.004000132800 0.022798844441 0.049636401625
1096 1098 1785749569.402897835 1785749569.473807573 0.070909739 -0.002602478340 -0.001666566639 0.010889534861 -0.041473560059 0.008514320677 0.003989687861 0.022828073101 0.049575403969
1097 1099 1785749569.432890415 1785749569.507168055 0.074277639 -0.002645606548 -0.001665894283 0.010682200662 -0.041493267451 0.008863276298 0.004001040523 0.022802415325 0.049599306741
1098 1100 1785749569.472889900 1785749569.540679216 0.067789316 -0.002641079174 -0.001679882444 0.010880343967 -0.041506583257 0.008966192438 0.004002034991 0.022799006668 0.049670708054
1099 1101 1785749569.502906561 1785749569.573816061 0.070909500 -0.002630974164 -0.001679882444 0.010586013534 -0.041514040108 0.008771493760 0.004010227494 0.022893059390 0.049621935011
1100 1102 1785749569.542901516 1785749569.607145786 0.064244270 -0.002606206766 -0.001660567960 0.010579930926 -0.041474625323 0.009003293764 0.004014204418 0.022868380606 0.049616179327
1101 1103 1785749569.572881699 1785749569.640555620 0.067673922 -0.002607005714 -0.001694263514 0.010536255084 -0.041515511412 0.008580696882 0.004013331857 0.022850636358 0.049559097451
1102 1104 1785749569.602878571 1785749569.673804522 0.070925951 -0.002657408386 -0.001684536410 0.010558752229 -0.041499659038 0.009027202923 0.004018379204 0.022800482184 0.049609557376
1103 1105 1785749569.642892838 1785749569.707156897 0.064264059 -0.002636019168 -0.001703850894 0.010588300185 -0.041502854831 0.009373993280 0.003986213093 0.022798549517 0.049678831204
1104 1106 1785749569.672967196 1785749569.740498066 0.067530870 -0.002631491794 -0.001486130909 0.010689500306 -0.041508181153 0.009413200266 0.003990032948 0.022843027123 0.049725852873
1105 1107 1785749569.702895641 1785749569.773819447 0.070923805 -0.002602478340 -0.001312226490 0.010735012227 -0.041528294586 0.009581943810 0.004004799425 0.022802891689 0.049761013912
1106 1108 1785749569.742906094 1785749569.807151556 0.064245462 -0.002601945708 -0.001325935203 0.011024525971 -0.041383951254 0.009192288608 0.004014478235 0.023099910983 0.049768663963
1107 1109 1785749569.772888422 1785749569.840535879 0.067647457 -0.002610201507 -0.001659236380 0.010978425150 -0.041360642029 0.009128572923 0.003999640488 0.024731724836 0.050515155410
1108 1110 1785749569.812892199 1785749569.873883486 0.060991287 -0.002625366524 -0.001704104078 0.010973098828 -0.041349862793 0.008986981344 0.003994491868 0.025896439495 0.051062353534
1109 1111 1785749569.842895985 1785749569.907161951 0.064265966 -0.002581956998 -0.001889992722 0.010982224373 -0.041268496655 0.008975855129 0.004021574998 0.024570120442 0.050342492013
1110 1112 1785749569.872889996 1785749569.940503836 0.067613840 -0.002601398074 -0.001868154801 0.010902288274 -0.040414687210 0.009083869275 0.004034667623 0.023769809989 0.049257113160
1111 1113 1785749569.912895679 1785749569.973824263 0.060928583 -0.002577977258 -0.001316081507 0.010888510633 -0.038842889534 0.008962851568 0.004037310624 0.023695828486 0.047893972913
1112 1114 1785749569.942890167 1785749570.007165909 0.064275742 -0.002582755946 -0.000441233089 0.010864009551 -0.037736079785 0.008814661148 0.004015680408 0.023593151428 0.046897382343
1113 1115 1785749569.972890854 1785749570.040506601 0.067615747 -0.002577977258 0.001298610051 0.010783611616 -0.037296531613 0.009627809012 0.003991985775 0.023586470550 0.046696918041
1114 1116 1785749570.012893915 1785749570.073804617 0.060910702 -0.002572650936 0.003184787327 0.010665396794 -0.035623533817 0.009621328292 0.003985690777 0.023546715364 0.045414224061
1115 1117 1785749570.042883635 1785749570.107154608 0.064270973 -0.002569972773 0.003974947222 0.010815713936 -0.034440684252 0.009235204126 0.004019353039 0.023539182558 0.044509354913
1116 1118 1785749570.072875261 1785749570.140511274 0.067636013 -0.002609653873 0.004097718949 0.010567342730 -0.033959590768 0.009054662865 0.003965973068 0.023483209750 0.044019326818
1117 1119 1785749570.112892866 1785749570.173814058 0.060921192 -0.002606724396 0.004109703174 0.010550551682 -0.032904040303 0.009355954975 0.003967317308 0.023383520307 0.043217325269
1118 1120 1785749570.142901659 1785749570.207150936 0.064249277 -0.002593941223 0.003969088268 0.010502391130 -0.032027201081 0.009132967729 0.003999082538 0.023321323772 0.042447755234
1119 1121 1785749570.182886124 1785749570.240517855 0.057631731 -0.002571570670 0.003440983424 0.010494934278 -0.031244231720 0.009054489802 0.004021331657 0.023364867863 0.041819504398
1120 1122 1785749570.212904215 1785749570.273831129 0.060926914 -0.002559068814 0.003466283454 0.010458435839 -0.030949909757 0.009000625021 0.003996485488 0.023314932185 0.041550077715
1121 1123 1785749570.242909431 1785749570.307151318 0.064241886 -0.002558269866 0.003482262421 0.010369921830 -0.030746515046 0.008912755233 0.004025060083 0.023351917305 0.041382420408
1122 1124 1785749570.282901049 1785749570.340509415 0.057608366 -0.002621189395 0.003472408725 0.010303595986 -0.030823311147 0.009365663743 0.004001953877 0.023351267924 0.041523268927
1123 1125 1785749570.312899828 1785749570.373808384 0.060908556 -0.002600066493 0.003450570804 0.010490143854 -0.030828637470 0.009351312203 0.003992188796 0.023461764195 0.041628761469
1124 1126 1785749570.342886209 1785749570.407171488 0.064285278 -0.002612849667 0.003483467409 0.010657923003 -0.030777742959 0.008238530352 0.003992239432 0.024862367395 0.042211029169
1125 1127 1785749570.382884026 1785749570.440656424 0.057772398 -0.002602995971 0.003809564919 0.010571133482 -0.031154313937 0.010704494508 0.003999645647 0.024822906614 0.043016143174
1126 1128 1785749570.412909269 1785749570.473817110 0.060907841 -0.002603794919 0.004443929890 0.010449372621 -0.031288705114 0.010468293492 0.004036884423 0.024413476038 0.042855572957
1127 1129 1785749570.452883720 1785749570.507151842 0.054268122 -0.002586765690 0.006378576698 0.010373768377 -0.028685212507 0.011988400744 0.003968189869 0.023611075849 0.041167769800
1128 1130 1785749570.482892752 1785749570.540546894 0.057654142 -0.002555340389 0.007103755463 0.010784090162 -0.025029389785 0.010911755824 0.004162052995 0.022755690941 0.038130966815
1129 1131 1785749570.512898922 1785749570.573841810 0.060942888 -0.002598818842 0.007816675217 0.014413407011 -0.022379722997 0.010295790990 0.004126158458 0.022735988234 0.037635172785
1130 1132 1785749570.552889824 1785749570.607189417 0.054299593 -0.002658108877 0.009636235465 0.013111438457 -0.024181541165 0.009507044193 0.004117636342 0.022731483836 0.038479065789
1131 1133 1785749570.582905531 1785749570.640583992 0.057678461 -0.002598818842 0.009619373621 0.012022327813 -0.025258675512 0.009939730784 0.004058975055 0.022730818980 0.038907414730
1132 1134 1785749570.612907171 1785749570.673842669 0.060935497 -0.002621988344 0.009626830472 0.011629364212 -0.026424180337 0.010925391884 0.004034737473 0.022716199728 0.039808279675
1133 1135 1785749570.652894020 1785749570.707229853 0.054335833 -0.002633972568 0.009128020400 0.011821390174 -0.027524598499 0.010059145161 0.004063114206 0.022724148418 0.040270207050
1134 1136 1785749570.682896376 1785749570.740519524 0.057623148 -0.002628113614 0.009090736144 0.012195923335 -0.027551636150 0.009434140108 0.004060126591 0.022729474741 0.040242990879
1135 1137 1785749570.712899685 1785749570.773820639 0.060920954 -0.002630244143 0.009104051950 0.012568084519 -0.027649640479 0.008932253760 0.004048484638 0.022743221905 0.040319856658
1136 1138 1785749570.752890587 1785749570.807174921 0.054284334 -0.002601748319 0.009116835123 0.012135185238 -0.027775341682 0.008437572950 0.004025165095 0.022725645042 0.040155543044
1137 1139 1785749570.782907248 1785749570.857176542 0.074269295 -0.002653763890 0.009098725628 0.011169214902 -0.028648325887 0.008601090498 0.004036888162 0.022710198707 0.040513399729
1138 1140 1785749570.822908878 1785749570.890543222 0.067634344 -0.002630594388 0.009073425597 0.010561490866 -0.029448745519 0.008568535668 0.004019833615 0.022711197860 0.040907189526
1139 1141 1785749570.852898836 1785749570.923834085 0.070935249 -0.002613732544 0.009134495915 0.010450635833 -0.029602270190 0.008462209406 0.004002880814 0.022756629140 0.041003378102
1140 1142 1785749570.882917166 1785749570.957169056 0.074251890 -0.002623137537 0.009137425392 0.010292194146 -0.029559126980 0.008371834449 0.004010337665 0.022722611475 0.040896602964
1141 1143 1785749570.922903776 1785749570.990566969 0.067663193 -0.002629445195 0.009108579324 0.010198480406 -0.029891362892 0.008445845459 0.003985461019 0.022715372646 0.041116750078
1142 1144 1785749570.952887535 1785749571.023832560 0.070945024 -0.002606275693 0.009011906576 0.010137130640 -0.029856868390 0.007828295861 0.003990361141 0.022686580030 0.040915611353
1143 1145 1785749570.982908726 1785749571.057179451 0.074270725 -0.002643377561 0.008511848852 0.010049364446 -0.029881902104 0.008116432951 0.004023070201 0.022699677813 0.040874120975
1144 1146 1785749571.022887230 1785749571.090539932 0.067652702 -0.002595889365 0.008337061556 0.011066696102 -0.029881775512 0.008535272189 0.004048220664 0.022704664207 0.041187112620
1145 1147 1785749571.052893639 1785749571.123836517 0.070942879 -0.002654562838 0.008307234152 0.011399245113 -0.029856335758 0.008032420905 0.003996235570 0.022752976670 0.041177518731
1146 1148 1785749571.092912674 1785749571.157174349 0.064261675 -0.002593492520 0.008336262607 0.011619974155 -0.029859531551 0.008465200438 0.003940334033 0.022719354728 0.041306050786
1147 1149 1785749571.122882843 1785749571.190621138 0.067738295 -0.002637700994 0.008338210749 0.010956153939 -0.029886036570 0.008299159764 0.003874276848 0.022751049161 0.041124105192
1148 1150 1785749571.152888775 1785749571.223829508 0.070940733 -0.002618610163 0.008337860504 0.010934894037 -0.029856868390 0.008241615278 0.003912591206 0.022716524182 0.041068900617
1149 1151 1785749571.193005323 1785749571.257173300 0.064167976 -0.002625534382 0.008601513452 0.011386608278 -0.029861662080 0.008157393726 0.003907351155 0.022739493479 0.041244977923
1150 1152 1785749571.222890377 1785749571.290607452 0.067717075 -0.002624735434 0.009083811925 0.011283675198 -0.029898819743 0.008057120542 0.003892482932 0.022743977717 0.041328232002
1151 1153 1785749571.252895832 1785749571.323828220 0.070932388 -0.002658291263 0.009689498686 0.011002533978 -0.029875510518 0.007985945213 0.003922193588 0.022749253403 0.041367163714
1152 1154 1785749571.292893410 1785749571.357151270 0.064257860 -0.002633972568 0.010006597243 0.010760077522 -0.029885630530 0.007980058125 0.003904393544 0.022751069321 0.041382807447
1153 1155 1785749571.323011637 1785749571.390496254 0.067484617 -0.002631842040 0.010004466714 0.010751849856 -0.029848878907 0.007903934380 0.003943707055 0.022743982875 0.041338693196
1154 1156 1785749571.362959146 1785749571.423824787 0.060865641 -0.002627664911 0.009997991198 0.008974161695 -0.029834624429 0.007919647031 0.003939359725 0.022710751500 0.040884256648
1155 1157 1785749571.393062115 1785749571.457172155 0.064110041 -0.002662818637 0.009830562295 0.008574784593 -0.029862194712 0.007896604121 0.003895318636 0.022786877113 0.040813965679
1156 1158 1785749571.422888041 1785749571.490541220 0.067653179 -0.002598818842 0.009769309590 0.008049076593 -0.029863792609 0.007885418845 0.003951899558 0.022775468657 0.040685947515
1157 1159 1785749571.462889194 1785749571.523816347 0.060927153 -0.002645858336 0.009761852739 0.007689591113 -0.029847281010 0.007870505142 0.003882444033 0.022791503418 0.040604866474
1158 1160 1785749571.493033409 1785749571.557148218 0.064114809 -0.002610004119 0.009763983268 0.007486755299 -0.029910005020 0.007875831465 0.003887800832 0.022756384854 0.040593154153
1159 1161 1785749571.522880793 1785749571.590636492 0.067755699 -0.002625716769 0.009744542192 0.006611975808 -0.029854737861 0.007875032516 0.003928874466 0.022766713044 0.040406057745
1160 1162 1785749571.562893629 1785749571.623829603 0.060935974 -0.002624735434 0.009743743244 0.006102511695 -0.029888293691 0.007878887534 0.003937711192 0.022786035029 0.040362932844
1161 1163 1785749571.593013525 1785749571.657172441 0.064158916 -0.002621189395 0.009600381248 0.005558132038 -0.029880836840 0.007881817011 0.003827572125 0.022738194245 0.040206890221
1162 1164 1785749571.622892618 1785749571.690548420 0.067655802 -0.002615330441 0.009632955742 0.005133747486 -0.029873379989 0.007820424582 0.003835272316 0.022782179539 0.040165956278
1163 1165 1785749571.662904024 1785749571.723829031 0.060925007 -0.002624735434 0.009608637047 0.004706237938 -0.029878173679 0.007860904630 0.003814256319 0.022781378248 0.040117360926
1164 1166 1785749571.692974806 1785749571.757171392 0.064196587 -0.002625534382 0.009605791499 0.004750134168 -0.029887634467 0.007838534077 0.003783850331 0.022782712171 0.040122453108
1165 1167 1785749571.732903004 1785749571.790597916 0.057694912 -0.002644975458 0.009632955742 0.004923839802 -0.029845150481 0.007819891949 0.003804673625 0.022764622836 0.040107620741
1166 1168 1785749571.762902498 1785749571.823804140 0.060901642 -0.002653763890 0.009617243092 0.004996248253 -0.029890830260 0.007824951955 0.003815575241 0.022789641548 0.040163594300
1167 1169 1785749571.792963982 1785749571.857152700 0.064188719 -0.002629795440 0.009606590447 0.005062868547 -0.029877108414 0.007823802762 0.003834988183 0.022776239471 0.040151622105
1168 1170 1785749571.832895279 1785749571.890571117 0.057675838 -0.002616928337 0.009623900994 0.005066596972 -0.029753005108 0.007820074336 0.003834820797 0.022793943399 0.040072468990
1169 1171 1785749571.862966537 1785749571.923837423 0.060870886 -0.002604145164 0.009614047298 0.005092092522 -0.029811468060 0.007866230952 0.003796887162 0.022734856385 0.040087805477
1170 1172 1785749571.892908335 1785749571.957175493 0.064267159 -0.002663617586 0.009613514666 0.005109669385 -0.029693756339 0.007834006703 0.003835074454 0.022775559614 0.040026840775
1171 1173 1785749571.932889462 1785749571.990681410 0.057791948 -0.002644975458 0.009629759949 0.005103151206 -0.029716659525 0.007848121457 0.003829575589 0.022763760591 0.040041199198
1172 1174 1785749571.962908506 1785749572.023840189 0.060931683 -0.002603794919 0.009631357846 0.005109542793 -0.029671512378 0.007828330136 0.003819384780 0.022759342465 0.039998837465
1173 1175 1785749571.992916584 1785749572.057188749 0.064272165 -0.002615330441 0.009592924397 0.005135641772 -0.029692817667 0.007800633260 0.003802046099 0.022742444986 0.039992832195
1174 1176 1785749572.032911062 1785749572.090497732 0.057586670 -0.002626067014 0.009608637047 0.005102085942 -0.029134086470 0.007823270130 0.003825284054 0.022720906200 0.039574288894
1175 1177 1785749572.063127995 1785749572.123813391 0.060685396 -0.002641247033 0.009681873977 0.005103810431 -0.029033951613 0.007787444047 0.003843272116 0.022722818707 0.039515511032
1176 1178 1785749572.102885008 1785749572.157159567 0.054274559 -0.002652432309 0.009711518994 0.005120601478 -0.029029157923 0.007829928032 0.003851961617 0.022703856811 0.039520527109
1177 1179 1785749572.132890940 1785749572.190609217 0.057718277 -0.002660688108 0.009676015023 0.005135109140 -0.029026368170 0.007803030105 0.003800696701 0.022724091677 0.039513552608
1178 1180 1785749572.163115740 1785749572.223817110 0.060701370 -0.002621988344 0.009681873977 0.005100488045 -0.028952458884 0.007823270130 0.003777260883 0.022704942236 0.039444378782
1179 1181 1785749572.202904940 1785749572.257160664 0.054255724 -0.002617811215 0.009737884289 0.005105814368 -0.028788940793 0.007785047202 0.003793163894 0.022729529589 0.039346897539
1180 1182 1785749572.232899666 1785749572.290661335 0.057761669 -0.002632192285 0.009695806344 0.005092092522 -0.028790538690 0.007974664271 0.003835972334 0.022735530611 0.039382431709
1181 1183 1785749572.272913933 1785749572.323818922 0.050904989 -0.002681278378 0.009676813971 0.005117532276 -0.028537944426 0.008128861299 0.003822945820 0.022740847089 0.039233567492
1182 1184 1785749572.302911997 1785749572.373813152 0.070901155 -0.002645508090 0.009703263195 0.005079309349 -0.028508243614 0.008143775001 0.003796673825 0.022729331728 0.039204970237
1183 1185 1785749572.332904816 1785749572.407213449 0.074308634 -0.002644176510 0.009681873977 0.005122325966 -0.028416630873 0.008150699220 0.003741041419 0.022701645169 0.039118633266
1184 1186 1785749572.372908831 1785749572.440583229 0.067674398 -0.002628912562 0.009708239272 0.005109542793 -0.028248851724 0.008122203396 0.003759445365 0.022711628272 0.039002407856
1185 1187 1785749572.402891874 1785749572.473834991 0.070943117 -0.002637518607 0.010357266631 0.005133384651 -0.028261508305 0.008125931821 0.003758653917 0.022728515435 0.039192315921
1186 1188 1785749572.432908535 1785749572.507214546 0.074306011 -0.002652432309 0.010943694703 0.005446825579 -0.028253518822 0.008146970794 0.003775414015 0.022696399960 0.039376167168
1187 1189 1785749572.472946405 1785749572.540677547 0.067731142 -0.002626067014 0.011009602771 0.007441939276 -0.028235535918 0.008107822326 0.003738327621 0.022696506392 0.039693561299
1188 1190 1785749572.502906561 1785749572.573831081 0.070924520 -0.002687137332 0.011219295272 0.007805321040 -0.028272160950 0.008111677343 0.003733412024 0.022700402203 0.039854452067
1189 1191 1785749572.542905092 1785749572.607403755 0.064498663 -0.002656160735 0.011531797527 0.007781956020 -0.028240735649 0.008141644472 0.003766572604 0.022717370478 0.039933543530
1190 1192 1785749572.572910309 1785749572.640570402 0.067660093 -0.002675952056 0.011536324901 0.007809049466 -0.028264704098 0.008212750873 0.003754398018 0.022722458619 0.039974706628
1191 1193 1785749572.602890491 1785749572.673832655 0.070942163 -0.002667696256 0.010928731265 0.007810185527 -0.027971756379 0.008224062741 0.003736440433 0.022693112737 0.039579609447
1192 1194 1785749572.642889977 1785749572.707163095 0.064273119 -0.002617278583 0.010800759808 0.007847398986 -0.027828478312 0.008200094292 0.003783530563 0.022742967302 0.039475456263
1193 1195 1785749572.672883749 1785749572.740750074 0.067866325 -0.002650035464 0.010789574532 0.007789118420 -0.027592522239 0.008215147718 0.003772431558 0.022747431379 0.039301663859
1194 1196 1785749572.702916145 1785749572.773848534 0.070932388 -0.002612400964 0.010814341930 0.007835219241 -0.027487187652 0.008237674393 0.003766886741 0.022769862886 0.039258453188
1195 1197 1785749572.742929697 1785749572.807176352 0.064246655 -0.002643377561 0.010800759808 0.008778216449 -0.027481734738 0.008868966356 0.003753581252 0.022707732462 0.039551684359
1196 1198 1785749572.772916079 1785749572.840653658 0.067737579 -0.002650385709 0.010759396882 0.009181451835 -0.026927332130 0.008971645710 0.003751729698 0.022726968175 0.039284226148
1197 1199 1785749572.812934637 1785749572.873847723 0.060913086 -0.002661837302 0.011383405056 0.009745315231 -0.026374524153 0.008747103229 0.003749147651 0.022690561166 0.039149501539
1198 1200 1785749572.842890024 1785749572.907259941 0.064369917 -0.002661487057 0.012250133591 0.009782823139 -0.026601195766 0.008529974937 0.003774805427 0.022707280943 0.039536145075
1199 1201 1785749572.872907162 1785749572.940767765 0.067860603 -0.002662019689 0.012074182030 0.009737858380 -0.026689791835 0.008419216966 0.003788851727 0.022726059979 0.039519052474
1200 1202 1785749572.912883520 1785749572.973833799 0.060950279 -0.002655361786 0.011054318779 0.009745188639 -0.026814930876 0.008315116898 0.003764928755 0.022705733683 0.039269890871
1201 1203 1785749572.942893267 1785749573.007169485 0.064276218 -0.002661487057 0.010608470877 0.009636155156 -0.026843328242 0.008247641861 0.003790251761 0.022724335491 0.039138573724
1202 1204 1785749572.972896814 1785749573.040770531 0.067873716 -0.002623936485 0.010492568971 0.010037256747 -0.026876757480 0.008207792903 0.003728623493 0.022720987314 0.039212235640
1203 1205 1785749573.012889624 1785749573.073859930 0.060970306 -0.002659889160 0.011091374176 0.010942778843 -0.026911251982 0.008196888944 0.003754479131 0.022723873655 0.039644835973
1204 1206 1785749573.042890310 1785749573.107208252 0.064317942 -0.002660688108 0.011095355786 0.011485952969 -0.026884620371 0.008144074425 0.003801553786 0.022794150631 0.039815162586
1205 1207 1785749573.082910061 1785749573.140699387 0.057789326 -0.002638051239 0.011812840914 0.011423238284 -0.026875032991 0.008123932859 0.003731326974 0.022820792559 0.039999624436
1206 1208 1785749573.112893105 1785749573.173824072 0.060930967 -0.002673821527 0.011867029676 0.011538502026 -0.026917643569 0.008118872853 0.003716443749 0.023044660317 0.040205182487
1207 1209 1785749573.142901659 1785749573.207181454 0.064279795 -0.002657758631 0.011886470752 0.011124667853 -0.026932374884 0.008116476008 0.003727141871 0.023602924993 0.040426844511
1208 1210 1785749573.182896614 1785749573.240518808 0.057622194 -0.002662019689 0.010876249821 0.010727919177 -0.026960477799 0.008041572254 0.003709407940 0.024357880503 0.040485401149
1209 1211 1785749573.212923050 1785749573.273836136 0.060913086 -0.002644526755 0.010572383141 0.010654851502 -0.026923193544 0.008057284904 0.003747676346 0.025213688681 0.040888238322
1210 1212 1785749573.242955446 1785749573.307176590 0.064221144 -0.002678881533 0.010584717611 0.010634078845 -0.026957814638 0.008049029105 0.003753281643 0.025254194948 0.040934928988
1211 1213 1785749573.282907248 1785749573.340680599 0.057773352 -0.002642129910 0.010580638940 0.010648586507 -0.026940237775 0.008051874653 0.003710584794 0.024997332103 0.040762327142
1212 1214 1785749573.312911510 1785749573.373831511 0.060920000 -0.002651983606 0.010543887317 0.010644858082 -0.026926389337 0.007996214586 0.003726365899 0.025002293178 0.040736837602
1213 1215 1785749573.352952242 1785749573.407170057 0.054217815 -0.002647105987 0.010569187347 0.010588175413 -0.026964206225 0.007235349463 0.003711457355 0.024930361564 0.040565267070
1214 1216 1785749573.382993221 1785749573.440738678 0.057745457 -0.002663617586 0.010541490472 0.010306636623 -0.026989113347 0.005903502601 0.003687727087 0.024860494840 0.040241169907
1215 1217 1785749573.412981272 1785749573.473825455 0.060844183 -0.002617278583 0.010569187347 0.009135911008 -0.027237852593 0.005722940280 0.003723007879 0.024860185389 0.040106919638
1216 1218 1785749573.452944040 1785749573.507159948 0.054215908 -0.002671424682 0.010579839992 0.008313526863 -0.027614956203 0.005699770778 0.003711695537 0.024843983242 0.040177825142
1217 1219 1785749573.482898712 1785749573.540738344 0.057839632 -0.002644526755 0.010569986296 0.008375718241 -0.027955967415 0.005349298779 0.003725097614 0.024800570900 0.040348067721
1218 1220 1785749573.512986660 1785749573.573835611 0.060848951 -0.002622338589 0.010543088369 0.008342695043 -0.028405915047 0.005275795533 0.003739346934 0.024863467454 0.040676021070
1219 1221 1785749573.552950382 1785749573.607181072 0.054230690 -0.002682077326 0.010580638940 0.008354945584 -0.029124562501 0.005274463952 0.003724240528 0.024816580343 0.041167235919
1220 1222 1785749573.582906008 1785749573.640641689 0.057735682 -0.002646657284 0.010565809167 0.008390505351 -0.029771051422 0.005269936578 0.003691419878 0.024842725274 0.041640329156
1221 1223 1785749573.622896910 1785749573.673795938 0.050899029 -0.002650385709 0.010536963098 0.008449348079 -0.030379850047 0.005213393634 0.003696746200 0.024821008786 0.042063128633
1222 1224 1785749573.652898073 1785749573.723820686 0.070922613 -0.002650385709 0.010545218898 0.009439790821 -0.030971604441 0.005259283934 0.003713831224 0.024789298879 0.042691194258
1223 1225 1785749573.682902336 1785749573.757148504 0.074246168 -0.002679680481 0.010559599967 0.009426601607 -0.032219688320 0.005239492613 0.003680265078 0.024789796349 0.043602587184
1224 1226 1785749573.722879648 1785749573.790557861 0.067678213 -0.002668213887 0.010529632839 0.009423405814 -0.032570692952 0.005242239703 0.003710011369 0.024787310417 0.043855434882
1225 1227 1785749573.752875090 1785749573.823829174 0.070954084 -0.002632991233 0.010414191372 0.009394770266 -0.032697865460 0.005243571283 0.003721318552 0.024800524949 0.043922766626
1226 1228 1785749573.782879829 1785749573.857151985 0.074272156 -0.002673821527 0.010331227338 0.009381987093 -0.032761907918 0.005252626031 0.003714637673 0.024791860766 0.043946249506
1227 1229 1785749573.822958231 1785749573.890573978 0.067615747 -0.002680479430 0.009986487701 0.009359083907 -0.032791076098 0.005231587058 0.003727390370 0.024777647082 0.043874329247
1228 1230 1785749573.852888823 1785749573.923815727 0.070926905 -0.002672223630 0.009823235926 0.009390509208 -0.032749530785 0.005276594481 0.003733452345 0.024746434644 0.043800882598
1229 1231 1785749573.882944584 1785749573.957170010 0.074225426 -0.002645858336 0.009618172522 0.009402759749 -0.032732613146 0.005255555508 0.003701291391 0.024785098774 0.043760338278
1230 1232 1785749573.922892094 1785749573.990543842 0.067651749 -0.002664766779 0.009620303051 0.009396900795 -0.032734743675 0.005277393429 0.003718168237 0.024791952196 0.043770229048
1231 1233 1785749573.952883005 1785749574.023797274 0.070914268 -0.002649502832 0.009594204072 0.009386248150 -0.032732613146 0.005443224436 0.003682365130 0.024820917356 0.043793386240
1232 1234 1785749573.992892981 1785749574.057147980 0.064254999 -0.002632991233 0.009587279853 0.009378258667 -0.032763379223 0.005873675197 0.003723134471 0.024791860766 0.043854731585
1233 1235 1785749574.022877455 1785749574.090515614 0.067638159 -0.002687137332 0.009643822798 0.009372932345 -0.032765509752 0.006046963055 0.003693053409 0.024775602825 0.043882677861
1234 1236 1785749574.052880526 1785749574.123809814 0.070929289 -0.002677002318 0.009620653296 0.009363877597 -0.032782553983 0.006365028418 0.003686042919 0.024802229277 0.043947155048
1235 1237 1785749574.092877626 1785749574.157176971 0.064299345 -0.002703367613 0.009621101999 0.009389317352 -0.032757114228 0.006996113668 0.003711736330 0.024779549272 0.044020566423
1236 1238 1785749574.122878313 1785749574.190487623 0.067609310 -0.002680479430 0.009582080123 0.009399563956 -0.032772895806 0.007051058715 0.003717427900 0.024805343957 0.044048354334
1237 1239 1785749574.152874470 1785749574.223807573 0.070933104 -0.002662369934 0.009586074865 0.009395302898 -0.032761781326 0.007011377615 0.003714444970 0.024650884353 0.043945530991
1238 1240 1785749574.192884207 1785749574.257154226 0.064270020 -0.002682077326 0.009584350376 0.009365475494 -0.032791076098 0.007191589692 0.003748853200 0.024676237836 0.044008063922
1239 1241 1785749574.222881079 1785749574.290552139 0.067671061 -0.002685006804 0.009610266968 0.009368138655 -0.032738472100 0.007210231819 0.003720055426 0.024673853650 0.043974553770
1240 1242 1785749574.262883663 1785749574.323810101 0.060926437 -0.002680479430 0.009593405124 0.009843246593 -0.032751255274 0.007280006640 0.003715464756 0.024609805560 0.044059032242
1241 1243 1785749574.292890310 1785749574.357242107 0.064351797 -0.002654114135 0.009618705154 0.010275211322 -0.032660707797 0.007314361418 0.003706617714 0.024682350447 0.044139811209
1242 1244 1785749574.322881222 1785749574.390555143 0.067673922 -0.002649853077 0.009012037058 0.010296516611 -0.032676027539 0.007304507722 0.003710630273 0.024606498177 0.043983905305
1243 1245 1785749574.362905741 1785749574.423835039 0.060929298 -0.002669826785 0.009000052833 0.010408902009 -0.032644196198 0.007325097991 0.003700956621 0.024659726237 0.044017882174
1244 1246 1785749574.392912865 1785749574.457177401 0.064264536 -0.002685258118 0.008945584623 0.010341440104 -0.032686147551 0.007311431941 0.003696583973 0.024635453020 0.044006715808
1245 1247 1785749574.422894478 1785749574.490709543 0.067815065 -0.002707096039 0.008888017680 0.010334109845 -0.032662179101 0.007316842192 0.003711781809 0.024730079168 0.044032116877
1246 1248 1785749574.462908745 1785749574.523828506 0.060919762 -0.002665565728 0.008516955411 0.010320794040 -0.032602244845 0.007306105618 0.003704233528 0.024746367587 0.043915283931
1247 1249 1785749574.492990494 1785749574.557154655 0.064164162 -0.002663967831 0.008511629089 0.010382985417 -0.032507842350 0.007301578245 0.003760211021 0.024667141821 0.043818156878
1248 1250 1785749574.522925854 1785749574.590709448 0.067783594 -0.002698041291 0.007913567037 0.010344103265 -0.032454579128 0.007317641140 0.003726228990 0.024704989186 0.043680353637
1249 1251 1785749574.562891722 1785749574.623831034 0.060939312 -0.002663967831 0.006506002472 0.010338903535 -0.032223290154 0.007280006640 0.003718543801 0.024741958831 0.043285664357
1250 1252 1785749574.593004942 1785749574.657179594 0.064174652 -0.002677801267 0.005854453545 0.010379789624 -0.032240867017 0.007280539272 0.003711173221 0.024632174694 0.043153005382
1251 1253 1785749574.633124828 1785749574.690586567 0.057461739 -0.002730615786 0.005848201683 0.010335175110 -0.032219688320 0.007285066646 0.003737013385 0.024579732923 0.043102002519
1252 1254 1785749574.662893772 1785749574.723836660 0.060942888 -0.002697242343 0.005855125902 0.010320261407 -0.031941527710 0.007267223467 0.003736770045 0.024584850594 0.042889596286
1253 1255 1785749574.692894697 1785749574.757160425 0.064265728 -0.002704965510 0.005864713282 0.010312931148 -0.031308760635 0.007286945860 0.003674740894 0.024541646431 0.042393424630
1254 1256 1785749574.732900858 1785749574.790554762 0.057653904 -0.002707096039 0.005879977229 0.010333577213 -0.030936983347 0.007309035096 0.003741736278 0.024525210787 0.042127079253
1255 1257 1785749574.762892485 1785749574.823817968 0.060925484 -0.002671424682 0.007082128145 0.010299082711 -0.030765602365 0.007311431941 0.003763574199 0.024500831139 0.042163950203
1256 1258 1785749574.792895555 1785749574.857194662 0.064299107 -0.002677801267 0.007546583439 0.010322391936 -0.030761341307 0.007277609795 0.003719193181 0.024504650994 0.042239878766
1257 1259 1785749574.833028793 1785749574.890557766 0.057528973 -0.002722359986 0.007516405790 0.010341440104 -0.030549227092 0.007303975090 0.003716905111 0.024493090154 0.042085426935
1258 1260 1785749574.862890720 1785749574.923832417 0.060941696 -0.002708693935 0.007552708710 0.009194150307 -0.030514605998 0.007268022415 0.003761078423 0.024497361529 0.041798858757
1259 1261 1785749574.893091917 1785749574.957156181 0.064064264 -0.002694663111 0.007561146896 0.007755860931 -0.030415662998 0.007280006640 0.003744394281 0.024475447179 0.041421788782
1260 1262 1785749574.933114767 1785749574.990591526 0.057476759 -0.002673273893 0.007526792118 0.007122434632 -0.029650143908 0.007314361418 0.003732863917 0.024466585135 0.040739502279
1261 1263 1785749574.962903976 1785749575.023826838 0.060922861 -0.002695910762 0.007542504768 0.007104828238 -0.028314834938 0.007247264760 0.003724154257 0.024531475309 0.039806421933
1262 1264 1785749575.002886295 1785749575.057145596 0.054259300 -0.002678082585 0.007581737166 0.006876075833 -0.027208557821 0.007269635313 0.003750537369 0.024491162645 0.038973992331
1263 1265 1785749575.033177376 1785749575.090567112 0.057389736 -0.002687137332 0.007556086890 0.006542648064 -0.026435637676 0.007285865594 0.003690019843 0.024628216511 0.038460544348
1264 1266 1785749575.062892914 1785749575.123817682 0.060924768 -0.002708693935 0.007508149990 0.006467897167 -0.026078282724 0.007245666863 0.003738007853 0.024613434559 0.038182632367
1265 1267 1785749575.102883577 1785749575.157168150 0.054284573 -0.002681529692 0.007429320422 0.006429015015 -0.026275394645 0.007286146912 0.003739240502 0.024832062267 0.038442361712
1266 1268 1785749575.132903337 1785749575.190621376 0.057718039 -0.002696709711 0.007468020187 0.006403448669 -0.024712677128 0.007291473234 0.003693748269 0.024684897287 0.037295008335
1267 1269 1785749575.162901878 1785749575.223823786 0.060921907 -0.002735143159 0.007471748613 0.006477763995 -0.023388460723 0.007299447716 0.003706374373 0.024461828927 0.036299996958
1268 1270 1785749575.202889204 1785749575.257157087 0.054267883 -0.002707894987 0.009370232225 0.006444867390 -0.023997331229 0.007262977411 0.003743161631 0.024544807963 0.037171923097
1269 1271 1785749575.233196735 1785749575.290606737 0.057410002 -0.002668746519 0.010776647596 0.006451258976 -0.024014903972 0.007269635313 0.003724402755 0.025045304073 0.037889031739
1270 1272 1785749575.272880554 1785749575.323833942 0.050953388 -0.002678600215 0.010796887621 0.006456458707 -0.024383290490 0.007268555047 0.003683009352 0.025518890070 0.038439414619
1271 1273 1785749575.302921534 1785749575.373819828 0.070898294 -0.002672741261 0.010781174970 0.006423688693 -0.024948079968 0.007282418487 0.003724478710 0.025367238959 0.038696898108
1272 1274 1785749575.333006382 1785749575.407174349 0.074167967 -0.002674072841 0.010781973918 0.006444740798 -0.025089924730 0.007311431941 0.003748290092 0.025218644368 0.038703066719
1273 1275 1785749575.372890711 1785749575.440641165 0.067750454 -0.002667414939 0.010795556040 0.006457650563 -0.024848736131 0.007284016383 0.003716895267 0.024822507545 0.038286409556
1274 1276 1785749575.403051376 1785749575.473798513 0.070747137 -0.002677801267 0.011478686390 0.006421431572 -0.024927853618 0.007265906888 0.003689852458 0.024311287475 0.038196997828
1275 1277 1785749575.433171988 1785749575.507137060 0.073965073 -0.002694312866 0.012591290828 0.006467111351 -0.025433341799 0.007275760584 0.003736491069 0.023916862032 0.038644439158
1276 1278 1785749575.472876072 1785749575.540562868 0.067686796 -0.002690584440 0.012487436870 0.006480300564 -0.025562400122 0.007284815331 0.003759845773 0.023693889787 0.038564378739
1277 1279 1785749575.503109694 1785749575.573805094 0.070695400 -0.002710824464 0.011985299208 0.006498942692 -0.025252881743 0.007268555047 0.003706896689 0.023495925465 0.038073241887
1278 1280 1785749575.533038616 1785749575.607147217 0.074108601 -0.002689785492 0.011502993661 0.006474568202 -0.025398239748 0.007253922663 0.003754600565 0.023304673352 0.037899454406
1279 1281 1785749575.572880030 1785749575.640549183 0.067669153 -0.002684207855 0.010951447795 0.006437943171 -0.024648851627 0.007284534014 0.003732590100 0.025102138237 0.038383149795
1280 1282 1785749575.602876186 1785749575.673886061 0.071009874 -0.002663967831 0.010596439952 0.006416105250 -0.024310717906 0.007254721611 0.003720547265 0.025152648195 0.038087896303
1281 1283 1785749575.643069744 1785749575.707140684 0.064070940 -0.002709226568 0.010509257523 0.006457523971 -0.024601471916 0.007277358480 0.003736323684 0.024613103876 0.037913604182
1282 1284 1785749575.672882080 1785749575.740720034 0.067837954 -0.002706297090 0.010499796735 0.006441012372 -0.024158917954 0.007260846882 0.003709935414 0.024409385139 0.037483480809
1283 1285 1785749575.702907562 1785749575.773805857 0.070898294 -0.002701769717 0.010501128315 0.006448595815 -0.024133365282 0.007288543757 0.003688254561 0.024836429585 0.037751176004
1284 1286 1785749575.742880583 1785749575.807218075 0.064337492 -0.002711973658 0.010794329219 0.006432616849 -0.024820680376 0.007280287958 0.003739311299 0.024668483006 0.038168523338
1285 1287 1785749575.772924900 1785749575.840610743 0.067685843 -0.002724756831 0.010903785140 0.006475100834 -0.024651376066 0.007269353995 0.003718543801 0.024391364142 0.037914955139
1286 1288 1785749575.802895069 1785749575.873805046 0.070909977 -0.002729284205 0.010901836998 0.006488822680 -0.024820714257 0.007281086906 0.003730632115 0.023795740110 0.037651571124
1287 1289 1785749575.842895508 1785749575.907194376 0.064298868 -0.002671143364 0.010883448054 0.006477763995 -0.025298587622 0.007284016383 0.003718081965 0.023654847130 0.037868155901
1288 1290 1785749575.872880459 1785749575.940608263 0.067727804 -0.002671143364 0.011437712334 0.006485094254 -0.025333258453 0.007280287958 0.003679899831 0.023112485419 0.037716282152
1289 1291 1785749575.912890911 1785749575.973823547 0.060932636 -0.002719430509 0.012005937115 0.006546541082 -0.025287110307 0.007261645830 0.003743805854 0.023078837686 0.037857803786
1290 1292 1785749575.942914248 1785749576.007141113 0.064226866 -0.002684725486 0.012460753896 0.005458564318 -0.025239338000 0.007272831107 0.003694280901 0.022967872010 0.037727485657
1291 1293 1785749575.972878218 1785749576.040661097 0.067782879 -0.002671942312 0.012777437943 0.004752343734 -0.025387477287 0.006960442311 0.003699860880 0.022789798413 0.037669916505
1292 1294 1785749576.012961864 1785749576.073816299 0.060854435 -0.002673273893 0.012406033356 0.003868199662 -0.025500548174 0.006616628214 0.003692241802 0.022708538234 0.037408382883
1293 1295 1785749576.042880058 1785749576.107150555 0.064270496 -0.002726088412 0.011905366999 0.004561391505 -0.025500898419 0.006616628214 0.003742512251 0.022631382045 0.037285882773
1294 1296 1785749576.072896004 1785749576.140630960 0.067734957 -0.002686057066 0.011566422052 0.004437322933 -0.025505032885 0.005495437395 0.003717843783 0.022578422643 0.036945918889
1295 1297 1785749576.112893581 1785749576.173799276 0.060905695 -0.002701321014 0.011103741837 0.004721274112 -0.025547110830 0.004430971907 0.003679280927 0.022542695491 0.036699853668
1296 1298 1785749576.142886162 1785749576.207145691 0.064259529 -0.002683127589 0.010593277579 0.004756715757 -0.025522077116 0.004352408655 0.003752835283 0.022545119997 0.036533945012
1297 1299 1785749576.172890663 1785749576.240604639 0.067713976 -0.002693513917 0.010460597758 0.004728583311 -0.025570952688 0.004315375714 0.003687356682 0.022495671000 0.036485428938
1298 1300 1785749576.212930918 1785749576.273827314 0.060896397 -0.002704516807 0.010418646405 0.004772665193 -0.025558169515 0.003723902638 0.003711492517 0.022519512858 0.036422960519
1299 1301 1785749576.242898464 1785749576.307167292 0.064268827 -0.002693513917 0.010426103256 0.004740174628 -0.025593729282 0.003477811551 0.003713050093 0.022426986289 0.036363697675
1300 1302 1785749576.282900810 1785749576.340591669 0.057690859 -0.002707894987 0.010433027475 0.004578660474 -0.025589874264 0.002391774459 0.003693748269 0.022475080730 0.036283331839
1301 1303 1785749576.312876940 1785749576.373829842 0.060952902 -0.002690934685 0.010408386668 0.004660250265 -0.025583482678 0.001067650765 0.003753367915 0.022740538334 0.036389117790
1302 1304 1785749576.342892647 1785749576.407173634 0.064280987 -0.002664485461 0.010114640000 0.004730122147 -0.025572956625 0.000755612214 0.003705014659 0.023088341541 0.036511986932
1303 1305 1785749576.382894039 1785749576.440520525 0.057626486 -0.002727686308 0.010011309350 0.004714113650 -0.025592664017 0.000501812962 0.003706125875 0.023039063667 0.036464497068
1304 1306 1785749576.412897825 1785749576.473824739 0.060926914 -0.002725289463 0.010034478851 0.004761264733 -0.025630648763 0.000555160113 0.003705298792 0.023085985939 0.036533791961
1305 1307 1785749576.442929268 1785749576.507157326 0.064228058 -0.002680198112 0.009990396969 0.004772982642 -0.025619463487 0.000512199291 0.003726644874 0.023023033591 0.036473827219
1306 1308 1785749576.482995272 1785749576.540657043 0.057661772 -0.002704516807 0.009991195917 0.004761264733 -0.025584015310 0.000507671917 0.003700013263 0.023052815517 0.036465463393
1307 1309 1785749576.512911797 1785749576.573854685 0.060942888 -0.002728485257 0.009984538015 0.004767656320 -0.025593070058 0.000488230841 0.003703421920 0.023255565532 0.036601180915
1308 1310 1785749576.552908182 1785749576.607126951 0.054218769 -0.002709226568 0.009614232031 0.004849316908 -0.025601059541 0.000122046191 0.003725224679 0.023290194104 0.036538046278
1309 1311 1785749576.582910061 1785749576.640594482 0.057684422 -0.002702568665 0.009178665469 0.004855511106 -0.025622897462 -0.000472903997 0.003719071275 0.023419679482 0.036526663631
1310 1312 1785749576.612906694 1785749576.673808813 0.060902119 -0.002716501032 0.009068284008 0.004873620601 -0.025602124805 -0.000628348675 0.003695549185 0.023703260636 0.036670568521
1311 1313 1785749576.652886629 1785749576.707154751 0.054268122 -0.002693513917 0.009078670336 0.005079749269 -0.025596798483 -0.000677967400 0.003725021659 0.023676404853 0.036682213543
1312 1314 1785749576.682882547 1785749576.740606546 0.057723999 -0.002680997060 0.009053370306 0.006041277015 -0.025611712185 -0.000697857180 0.003746605923 0.023793073315 0.036908569283
1313 1315 1785749576.712946653 1785749576.773810625 0.060863972 -0.002665018094 0.009076539807 0.006931838083 -0.025627452970 -0.000746144324 0.003700789236 0.023432650535 0.036846225108
1314 1316 1785749576.752998114 1785749576.807160854 0.054162741 -0.002717033664 0.009094649303 0.008164658015 -0.025607212946 -0.000739486422 0.003716778519 0.023286078195 0.037001197732
1315 1317 1785749576.782957315 1785749576.840701342 0.057744026 -0.002692532582 0.009060154800 0.008824618863 -0.025623724544 -0.000732478274 0.003749274243 0.023499062131 0.037290545680
1316 1318 1785749576.812918425 1785749576.873839617 0.060921192 -0.002710824464 0.009090920877 0.008861720732 -0.025607212946 -0.000715167727 0.003716737726 0.023436780697 0.037254008569
1317 1319 1785749576.852889299 1785749576.907291412 0.054402113 -0.002672741261 0.009093850354 0.008862785996 -0.025981120763 -0.000825604983 0.003726472331 0.024073500751 0.037914521359
1318 1320 1785749576.882917643 1785749576.957170010 0.074252367 -0.002703717859 0.009051100053 0.008922623191 -0.026449837114 -0.000991603848 0.003728739768 0.023885726292 0.038129441241
1319 1321 1785749576.922917843 1785749576.990595579 0.067677736 -0.002695111814 0.009065481123 0.009158426407 -0.027184869575 -0.000983348048 0.003746976329 0.023728770912 0.038605723122
1320 1322 1785749576.953003883 1785749577.023823977 0.070820093 -0.002726887360 0.009136460932 0.009439559157 -0.028015481385 -0.001016903878 0.003726401534 0.023702001919 0.039263066159
1321 1323 1785749576.982906342 1785749577.057150602 0.074244261 -0.002731414734 0.009476546603 0.010425241005 -0.028852246600 -0.001458120743 0.003695178780 0.023673488278 0.040182307741
1322 1324 1785749577.022893429 1785749577.090719223 0.067825794 -0.002683926537 0.009764294593 0.010245549825 -0.029692334199 -0.002374080300 0.003703543827 0.023714282937 0.040876284339
1323 1325 1785749577.052878857 1785749577.123834133 0.070955276 -0.002677002318 0.009959770617 0.010283366712 -0.030587324184 -0.002387187454 0.003710346139 0.023679098734 0.041567540859
1324 1326 1785749577.082904100 1785749577.157175303 0.074271202 -0.002724756831 0.010226353042 0.010224371128 -0.030977449150 -0.002261094739 0.003719233502 0.023659091733 0.041890817443
1325 1327 1785749577.122889996 1785749577.190677404 0.067787409 -0.002708245232 0.010239136215 0.010222899823 -0.031975728518 -0.002980207294 0.003674740894 0.023660192633 0.042676919632
1326 1328 1785749577.152889252 1785749577.223903894 0.071014643 -0.002708245232 0.010239136215 0.010263785912 -0.032732598900 -0.002656168975 0.003698181870 0.023656144439 0.043235260923
1327 1329 1785749577.192954540 1785749577.257140160 0.064185619 -0.002667414939 0.008164267410 0.010109195977 -0.034063676343 -0.004576480099 0.003724073143 0.023711756684 0.043969996020
1328 1330 1785749577.222897053 1785749577.290701628 0.067804575 -0.002704965510 0.007317788223 0.009305860000 -0.034851219006 -0.004942838124 0.003735415488 0.023691049666 0.044291355492
1329 1331 1785749577.252892494 1785749577.323851824 0.070959330 -0.002705498142 0.006378617899 0.007756432878 -0.035879131656 -0.005352737470 0.003704238686 0.023692256998 0.044712157745
1330 1332 1785749577.292897940 1785749577.357176065 0.064278126 -0.002697059956 0.006102980726 0.007012442731 -0.036337321955 -0.004855419221 0.003717387106 0.023702777892 0.044869940590
1331 1333 1785749577.322909594 1785749577.390598297 0.067688704 -0.002692182337 0.006132148906 0.006501745495 -0.036257736101 -0.004436456427 0.003700515419 0.023592258576 0.044628666150
1332 1334 1785749577.352890253 1785749577.423854113 0.070963860 -0.002710025516 0.006165971052 0.006300533843 -0.036268388746 -0.005588079787 0.003701905137 0.023578425140 0.044736216376
1333 1335 1785749577.392883301 1785749577.457160473 0.064277172 -0.002723957883 0.005744252927 0.004973037173 -0.036904760920 -0.006682693164 0.003749193129 0.023620985081 0.045208125805
1334 1336 1785749577.422959328 1785749577.490540981 0.067581654 -0.002693864163 0.005198304904 0.004033840272 -0.038447923902 -0.006232313539 0.003699439838 0.023406038427 0.046142867485
1335 1337 1785749577.452886581 1785749577.523842335 0.070955753 -0.002700788381 0.005147311935 0.003094480716 -0.040368776983 -0.005598131266 0.003740498470 0.022276923764 0.047059481286
1336 1338 1785749577.492910862 1785749577.557151794 0.064240932 -0.002759461854 0.004267010603 0.002422016373 -0.041256015436 -0.005412826157 0.003713902021 0.020367934259 0.046815504733
1337 1339 1785749577.522922516 1785749577.590567589 0.067645073 -0.002739221830 0.002453828809 0.002467699648 -0.041440664669 -0.005360808961 0.003770168333 0.019411824266 0.046440437176
1338 1340 1785749577.562904835 1785749577.623838663 0.060933828 -0.002757331326 0.000355194147 0.001625499543 -0.041179591265 -0.006499027382 0.003762630368 0.017639536962 0.045537655110
1339 1341 1785749577.592894554 1785749577.657153845 0.064259291 -0.002728036554 -0.000972864686 0.002259391174 -0.040550336348 -0.006424501305 0.003755254631 0.017247736726 0.044840649550
1340 1342 1785749577.622914553 1785749577.690553427 0.067638874 -0.002734344211 -0.001019233531 0.002843374764 -0.039849784715 -0.006279019744 0.003761965986 0.017288921950 0.044239020066
1341 1343 1785749577.662906170 1785749577.723859549 0.060953379 -0.002758662906 -0.002043331346 0.001433232593 -0.040290652189 -0.006189020525 0.003744348329 0.017272283286 0.044585111000
1342 1344 1785749577.692882538 1785749577.757149458 0.064266920 -0.002737441547 -0.002050354335 0.001174246119 -0.041030761909 -0.006104413290 0.003772994194 0.017241831820 0.045225876743
1343 1345 1785749577.722921133 1785749577.790554047 0.067632914 -0.002745347101 -0.001525072352 0.001725613636 -0.040769611650 -0.005342069016 0.003767748985 0.017133265331 0.044847342926
1344 1346 1785749577.762927055 1785749577.823810816 0.060883760 -0.002690934685 -0.002630610748 0.000984841657 -0.040800152989 -0.006312709798 0.003754838747 0.017169484322 0.045039137983
1345 1347 1785749577.792933702 1785749577.857130527 0.064196825 -0.002760611048 -0.002737778391 0.001416375395 -0.041872582007 -0.006253256810 0.003772567993 0.017201711387 0.046039874150
1346 1348 1785749577.832909346 1785749577.890533686 0.057624340 -0.002734694456 -0.001217414229 0.000928889699 -0.042293713413 -0.005706264353 0.003754559771 0.017124108837 0.046243647747
1347 1349 1785749577.862884521 1785749577.923831701 0.060947180 -0.002713122851 -0.001270955815 0.001172252262 -0.041507602970 -0.005944859030 0.003784828378 0.017134756323 0.045568605344
1348 1350 1785749577.892885923 1785749577.957171679 0.064285755 -0.002783499232 -0.000372414046 0.002245477111 -0.040387844371 -0.005749451391 0.003742379554 0.017142750964 0.044553812489
1349 1351 1785749577.932940483 1785749577.990625858 0.057685375 -0.002785629761 -0.001856013534 -0.002967338152 -0.043341589445 -0.005184402671 0.003561135009 0.015793656356 0.046770741767
1350 1352 1785749577.962915182 1785749578.023794651 0.060879469 -0.002765389736 -0.004726401747 -0.002402283524 -0.042720784762 -0.003225542470 0.005191619717 0.014031338955 0.045771805547
1351 1353 1785749577.992931843 1785749578.057152271 0.064220428 -0.002782700283 -0.005849227774 -0.000187213551 -0.042163676413 -0.006094882589 0.005280594616 0.009675725859 0.044479427696
1352 1354 1785749578.033114195 1785749578.090518236 0.057404041 -0.002777122647 -0.005277362698 0.000999266753 -0.044084652589 -0.006834134923 0.005288492669 0.007625463678 0.045965632231
1353 1355 1785749578.062883615 1785749578.123820066 0.060936451 -0.002796815037 -0.003298434993 0.001279507530 -0.043387069601 -0.006284973082 0.005374008274 0.010149650950 0.045543090165
1354 1356 1785749578.092883348 1785749578.157170534 0.064287186 -0.002795483457 -0.001889490439 0.001762060814 -0.042559076190 -0.005794084732 0.005578655795 0.012051800129 0.045118770274
1355 1357 1785749578.132880449 1785749578.190567732 0.057687283 -0.001568776206 -0.001242744526 0.000661100925 -0.042325853845 -0.006236689827 0.005545519114 0.011131016117 0.044603464360
1356 1358 1785749578.162875175 1785749578.223804951 0.060929775 -0.000446582679 -0.000425420387 -0.002075291119 -0.041359185200 -0.005951637795 0.003681018768 0.011041620268 0.043429928874
1357 1359 1785749578.202882290 1785749578.257149458 0.054267168 0.000274930069 -0.000253143395 -0.007241008451 -0.042694503265 -0.004748464277 0.006675085599 0.011101183830 0.045450340414
1358 1360 1785749578.232903719 1785749578.290672779 0.057769060 0.000117820045 -0.002724845660 -0.007923020860 -0.043105018089 -0.004583491280 0.007800525569 0.011230976097 0.046219551328
1359 1361 1785749578.262891054 1785749578.323852301 0.060961246 -0.001314457979 -0.002824775985 -0.003438067121 -0.042333541900 -0.004851516333 0.008022222814 0.012100983188 0.045254649465
1360 1362 1785749578.302895308 1785749578.357153654 0.054258347 -0.000561748788 -0.001481709967 -0.001364867946 -0.042059519876 -0.005537833464 0.007807227370 0.012432501808 0.044939566116
1361 1363 1785749578.332922935 1785749578.390612841 0.057689905 -0.000723537104 -0.000585434330 0.000255661145 -0.041735156179 -0.005329269408 0.007146482506 0.012852412957 0.044580407206
1362 1364 1785749578.362982035 1785749578.423843861 0.060861826 -0.001186048836 0.000817701319 0.000648465358 -0.041470694417 -0.005284782340 0.006698664883 0.013156868561 0.044364609498
1363 1365 1785749578.402963638 1785749578.457158327 0.054194689 -0.000400022782 0.002005737481 0.000107213109 -0.041478922082 -0.005151176437 0.005506424763 0.013123347893 0.044201505235
1364 1366 1785749578.432944536 1785749578.490606070 0.057661533 -0.001020044915 0.002263181229 0.000116902754 -0.041484248404 -0.005079488994 0.004770827727 0.013371871482 0.044209591328
1365 1367 1785749578.462942123 1785749578.523845434 0.060903311 -0.000827688913 0.002250398056 -0.000392102789 -0.041374373311 -0.005809657280 0.004361386362 0.013556549530 0.044207416976
1366 1368 1785749578.502973557 1785749578.557169676 0.054196119 0.000228402424 0.002247202263 -0.000924291820 -0.041333669609 -0.006134913491 0.003928311791 0.013674657920 0.044209656306
1367 1369 1785749578.532992363 1785749578.607171059 0.074178696 -0.001459138542 0.002252528585 -0.000208138585 -0.041069602150 -0.004693107377 0.004195387924 0.013787247284 0.043859699465
1368 1370 1785749578.572899342 1785749578.640650511 0.067751169 0.000355865426 0.002260784384 0.000226629571 -0.041745834004 -0.004799675399 0.004696715329 0.013910737791 0.044571385985
1369 1371 1785749578.603003025 1785749578.673837423 0.070834398 -0.000612688179 0.002253327533 0.000897509922 -0.041211878134 -0.003783861600 0.004554067337 0.013912919430 0.043969350235
1370 1372 1785749578.633015394 1785749578.707262278 0.074246883 -0.001682949670 0.002112729026 0.001636764586 -0.041208808932 -0.005324038768 0.003543713999 0.013903996433 0.044072273483
1371 1373 1785749578.672881126 1785749578.740604639 0.067723513 -0.001040211008 0.005186299638 0.000996325477 -0.041166324947 -0.005242957595 0.004064797829 0.014301701148 0.044409329633
1372 1374 1785749578.702874899 1785749578.773926497 0.071051598 -0.002273107170 0.006207177875 0.000748998475 -0.041182836545 -0.004478756412 0.004106942083 0.014307880009 0.044518813558
1373 1375 1785749578.732900858 1785749578.807152271 0.074251413 -0.001466913597 0.006794037710 0.000943264848 -0.041221059473 -0.005346003051 0.003452182535 0.012462770966 0.044093018150
1374 1376 1785749578.772931576 1785749578.840516329 0.067584753 -0.001037387522 0.008309118836 0.001299320704 -0.041226132612 -0.005111213966 0.003018001630 0.012472091337 0.044296566204
1375 1377 1785749578.802941799 1785749578.873823643 0.070881844 -0.001003003213 0.008159871080 -0.000057830308 -0.038827689734 -0.004806957644 0.005023065556 0.013219511812 0.042406082910
1376 1378 1785749578.842939138 1785749578.907255411 0.064316273 -0.001000606369 0.007955527357 0.000072110893 -0.034694154743 -0.004739860513 0.006417606551 0.013340593762 0.038853630402
1377 1379 1785749578.872890949 1785749578.940583944 0.067692995 -0.000978362407 0.008672710038 0.000445900588 -0.033012672831 -0.004515637351 0.004972333101 0.013685529414 0.037398091926
1378 1380 1785749578.902916431 1785749578.973810911 0.070894480 -0.001040959825 0.009225617327 0.001076583605 -0.031788718729 -0.003476989524 0.006086889098 0.013788419808 0.036566890474
1379 1381 1785749578.942889452 1785749579.007234573 0.064345121 -0.000569690506 0.009681736471 0.001568588122 -0.028600681927 -0.003223190272 0.007142559635 0.013928188891 0.034204087521
1380 1382 1785749578.972921133 1785749579.040615082 0.067693949 0.000038939719 0.009652810050 0.001561131271 -0.026634906207 -0.003117462777 0.008395237128 0.013982604122 0.032874692642
1381 1383 1785749579.002930164 1785749579.073792696 0.070862532 -0.001079166273 0.008229636198 0.001563388392 -0.026430707886 -0.003152882819 0.008279139403 0.014061789567 0.032344037465
1382 1384 1785749579.042882919 1785749579.107227325 0.064344406 0.001245198146 0.009901793008 0.002074847118 -0.026519442283 -0.003108156715 0.004936207958 0.013889977699 0.032158048765
1383 1385 1785749579.072879076 1785749579.140634775 0.067755699 0.000824765213 0.010401709693 0.002466052579 -0.026655395295 -0.001846883622 0.002918603996 0.014108405698 0.032193844995
1384 1386 1785749579.102955103 1785749579.173834801 0.070879698 -0.000470199543 0.008531317031 -0.000533498635 -0.027600060342 -0.001877509975 0.005200295800 0.014782283035 0.032926226954
1385 1387 1785749579.142961264 1785749579.207183838 0.064222574 -0.001261804166 0.007929185633 -0.003108825770 -0.028371354998 -0.001889212882 0.006258366944 0.016126868652 0.034378407341
1386 1388 1785749579.173166037 1785749579.240672827 0.067506790 -0.001574396951 0.007640513972 -0.002367143104 -0.028333635172 -0.001929692930 0.003761351195 0.015734383064 0.033685259627
1387 1389 1785749579.213060379 1785749579.273838520 0.060778141 -0.001547232708 0.006614580391 -0.001417417279 -0.028260440905 -0.001920919501 0.003825255477 0.014722570053 0.032892016886
1388 1390 1785749579.242929935 1785749579.307156086 0.064226151 -0.001532319006 0.005907861367 -0.000140068553 -0.027850579017 -0.001949134006 0.004513958653 0.013841532802 0.032073169077
1389 1391 1785749579.272965908 1785749579.340633869 0.067667961 -0.001508603740 0.005719309562 -0.000048387820 -0.026514954536 -0.001922236079 0.005420706315 0.013185167393 0.030740189170
1390 1392 1785749579.313046932 1785749579.373826504 0.060779572 -0.001560814830 0.005730494838 -0.001328411378 -0.026163192765 -0.001928376352 0.008516108711 0.012585223946 0.030922203206
1391 1393 1785749579.342900753 1785749579.407171249 0.064270496 -0.001544303231 0.006450435872 -0.002510807971 -0.026402644285 -0.001890293148 0.008571847331 0.013655240516 0.031794844641
1392 1394 1785749579.372892380 1785749579.440590858 0.067698479 -0.001434314678 0.007556269803 -0.000727965860 -0.026357311485 -0.001946204529 0.006455467478 0.013885708559 0.031506601682
1393 1395 1785749579.412934065 1785749579.473935843 0.061001778 -0.001402217021 0.009071680968 -0.004413031449 -0.026519519598 -0.000603424179 0.010871622971 0.014367714970 0.033645340163
1394 1396 1785749579.443009615 1785749579.507174492 0.064164877 -0.001483400771 0.008078333388 -0.002468699740 -0.026273198800 0.001570184492 0.009281261456 0.014749627884 0.032710766087
1395 1397 1785749579.482977629 1785749579.540536642 0.057559013 -0.001450377574 0.008925217530 -0.001311002636 -0.025518605745 0.007210129757 0.007006462474 0.013669289214 0.031978227363
1396 1398 1785749579.513014793 1785749579.573830843 0.060816050 -0.001411930993 0.008846980509 -0.001045996275 -0.025320230316 0.007952224535 0.007692933651 0.012327382647 0.031572998763
1397 1399 1785749579.542909145 1785749579.607166290 0.064257145 -0.001424460982 0.008331321183 -0.000083681629 -0.025331757598 0.007421097272 0.008173507475 0.011371494079 0.031053739455
1398 1400 1785749579.582929611 1785749579.640595675 0.057666063 -0.001430712844 0.008665353235 0.000380372829 -0.023386961478 0.007342529670 0.006508873030 0.012595500849 0.029650543811
1399 1401 1785749579.612908125 1785749579.673901320 0.060993195 -0.001464941031 0.008852019225 -0.000098738633 -0.023436970075 0.006505857166 0.004668234090 0.013786028217 0.029731780525
1400 1402 1785749579.642951250 1785749579.707154274 0.064203024 -0.001459614708 0.009518912220 -0.001829295215 -0.023854401962 0.006064491565 0.003284544330 0.015344353813 0.030791792124
1401 1403 1785749579.682921886 1785749579.740601778 0.057679892 -0.001421531505 0.009909297756 -0.002688514139 -0.024292327057 0.006312866349 0.005735213993 0.013033971475 0.030662510814
1402 1404 1785749579.712934732 1785749579.773869276 0.060934544 -0.001422330453 0.009714093022 -0.003203883217 -0.024837488410 0.006506149287 0.005688494800 0.013020943010 0.031109262830
1403 1405 1785749579.752890587 1785749579.807165861 0.054275274 -0.001423662034 0.010345896326 -0.004768894312 -0.024262762391 0.007029319091 0.009716158188 0.010418869454 0.031190644009
1404 1406 1785749579.782914877 1785749579.840528727 0.057613850 -0.001483400771 0.009911533126 -0.006639497971 -0.023027448241 0.006735065825 0.010690538603 0.010702298639 0.030805408551
1405 1407 1785749579.812922001 1785749579.873908997 0.060986996 -0.001946567148 0.009122785245 -0.004360896653 -0.023609759017 0.007064364102 0.008779492599 0.012041333091 0.030584814987
1406 1408 1785749579.852911949 1785749579.907180071 0.054268122 -0.004870341515 0.008964129229 -0.002632712443 -0.023149438419 0.006735183717 0.008754407591 0.010616533195 0.029692029945
1407 1409 1785749579.882920265 1785749579.940527439 0.057607174 -0.007393251931 0.008826134279 0.000377797819 -0.024207107052 0.005938784549 0.006310910659 0.011894257070 0.030581983094
1408 1410 1785749579.912905216 1785749579.973812580 0.060907364 -0.008260270566 0.008177071643 0.000796040078 -0.025208143607 0.005426932916 0.002302907851 0.013758818843 0.031547437864
1409 1411 1785749579.952900648 1785749580.007174969 0.054274321 -0.009021634753 0.007926232795 -0.003707537928 -0.024809611612 0.005129322760 0.006107197547 0.014251827672 0.032252133753
1410 1412 1785749579.982906103 1785749580.040576220 0.057670116 -0.008326878664 0.007866369335 -0.003151135044 -0.024975974396 0.004851040221 0.004529622576 0.014282685179 0.031827516267
1411 1413 1785749580.012966871 1785749580.073892117 0.060925245 -0.007305032536 0.007928297663 -0.003968162876 -0.025499991787 0.004724850917 0.008798959582 0.014265843968 0.032946585741
1412 1414 1785749580.052957535 1785749580.123818398 0.070860863 -0.006994486350 0.008529606953 -0.001267877313 -0.024601674443 0.004641242188 0.007794026848 0.014300607129 0.031864122147
1413 1415 1785749580.083077431 1785749580.157142639 0.074065208 -0.006969718952 0.007792810918 0.000356862245 -0.024814990069 0.004612999548 0.008883197604 0.014384134745 0.032129585492
1414 1416 1785749580.122951031 1785749580.190595627 0.067644596 -0.006945722368 0.007963067033 -0.000075943010 -0.024715704439 0.004535011590 0.008159333158 0.014576640048 0.031970999231
1415 1417 1785749580.152969122 1785749580.223805904 0.070836782 -0.006934537092 0.007904760204 -0.000628372066 -0.025108774425 0.004516356331 0.006927045017 0.014743416305 0.032049464811
1416 1418 1785749580.182903051 1785749580.257152081 0.074249029 -0.006954777116 0.007719997281 -0.000034935304 -0.025206660632 0.004467663145 0.004490387406 0.014858937962 0.031689996432
1417 1419 1785749580.222911119 1785749580.290540695 0.067629576 -0.006913527650 0.007998440063 0.000281203520 -0.025475018678 0.004455006564 0.004361515590 0.014971993847 0.031997782135
1418 1420 1785749580.252922058 1785749580.323820591 0.070898533 -0.008095995500 0.007186682610 0.000572591344 -0.025729036921 0.004424506803 0.004140876756 0.014923488681 0.032232567179
1419 1421 1785749580.293019056 1785749580.357137442 0.064118385 -0.008886578688 0.008248376994 0.001030157154 -0.025564618158 0.004403467831 0.005707020206 0.014973130382 0.032829455846
1420 1422 1785749580.322897434 1785749580.390610456 0.067713022 -0.008585429025 0.007933362495 0.001136106906 -0.025298834682 0.004394539675 0.006076998804 0.014975063049 0.032534043922
1421 1423 1785749580.352941990 1785749580.423818827 0.070876837 -0.008138711379 0.007565464551 0.001510049458 -0.025340588646 0.004330022249 0.004797736139 0.014935318180 0.032136142471
1422 1424 1785749580.392993212 1785749580.457202911 0.064209700 -0.008069709242 0.007152290998 0.001105286973 -0.025386968916 0.004363045447 0.004374421399 0.015784795770 0.032393314579
1423 1425 1785749580.422933817 1785749580.490581036 0.067647219 -0.007999556042 0.006984444318 0.000764875925 -0.025468026074 0.004324667793 0.004802042018 0.017243422705 0.033182506419
1424 1426 1785749580.453035593 1785749580.523818493 0.070782900 -0.008028051866 0.006777043130 0.000615050149 -0.025504651105 0.004293369084 0.004702296734 0.018188877261 0.033654469446
1425 1427 1785749580.492942333 1785749580.557156801 0.064214468 -0.007945369149 0.008390241190 0.000750071020 -0.025541864564 0.004281034614 0.004573722299 0.020004256665 0.035012725798
1426 1428 1785749580.523031950 1785749580.590545893 0.067513943 -0.007957802077 0.008742607787 0.000905246117 -0.025520559275 0.004276507240 0.004598903238 0.021592549610 0.036021588595
1427 1429 1785749580.562958956 1785749580.623800993 0.060842037 -0.007919901261 0.009797223699 0.002373474960 -0.025560268509 0.004246134071 0.004588681953 0.024112486628 0.037923196145
1428 1430 1785749580.592997074 1785749580.657129288 0.064132214 -0.007880668864 0.009716541966 0.003270457145 -0.025599556702 0.004210307988 0.004599862071 0.027290884605 0.040077763532
1429 1431 1785749580.622985125 1785749580.690468550 0.067483425 -0.007870815168 0.009519794276 0.003873102366 -0.025682085165 0.004394375082 0.004176953463 0.030274448843 0.042195335763
