# source=dataset_raw/tienyi_prod2_dualArm-gripper-3cameras_394_back-handle-installation_20260803_pm/0803_173020/data/trajectory.hdf5
# formula: delta_joint[t] = master_left_joint[t] - puppet_left_joint[t]
# units: joint deltas are assumed radians; timestamp/delta_time are seconds
# columns: frame_t master_timestamp puppet_timestamp delta_time delta_joint_0 delta_joint_1 delta_joint_2 delta_joint_3 delta_joint_4 delta_joint_5 delta_joint_6 delta_l2_norm
0 1785749532.452932835 1785749532.457576990 0.004644156 -0.000603442594 0.006967707016 0.006074506399 -0.029528268067 -0.000968465891 0.004725512000 0.026692716302 0.041152166656
1 1785749532.482908010 1785749532.490502834 0.007594824 -0.000461412179 0.015091221352 0.005493937282 -0.029575840193 0.009655613718 0.004581334635 0.026300329958 0.044031788429
2 1785749532.523149014 1785749532.523842812 0.000693798 -0.000304760642 0.017653721323 0.002391071897 -0.029556259393 0.010971790904 0.006399274506 0.026124027274 0.045109113942
3 1785749532.552892447 1785749532.557231903 0.004339457 -0.000295173262 0.011860001322 -0.000479118533 -0.029517082791 0.007729361120 0.010107957006 0.025792513859 0.042888251060
4 1785749532.592906952 1785749532.590500116 -0.002406836 -0.000308783518 0.004507471822 0.000019274305 -0.028487266531 0.001259258035 0.007796123398 0.026422176571 0.039905313694
5 1785749532.623393297 1785749532.607203245 -0.016190052 -0.000315314829 0.004772643400 -0.000003110777 -0.028480874945 0.001173364523 0.006436995430 0.028106836481 0.040826997774
6 1785749532.663215637 1785749532.657356262 -0.005859375 -0.000366404859 0.008701212048 -0.006537472358 -0.031980674657 0.003530934444 0.004123787533 0.027700814090 0.044024489354
7 1785749532.692897797 1785749532.690495491 -0.002402306 -0.000384514354 0.008120097166 -0.009293115392 -0.032810515653 0.003533990514 0.014189823708 0.026785890648 0.046479026281
8 1785749532.732926130 1785749532.723829508 -0.009096622 -0.000419541489 0.001581043619 -0.009542958528 -0.032879884433 -0.006632893264 0.014734170201 0.025924737742 0.045913109711
9 1785749532.762910604 1785749532.757318258 -0.005592346 -0.000399428057 0.000728705478 -0.007033037225 -0.032856981248 -0.008537462750 0.010380621155 0.025127057654 0.044065292191
10 1785749532.792895555 1785749532.790477753 -0.002417803 -0.000394774091 0.005766928027 -0.005352359549 -0.032874558111 -0.006092187091 0.006888037943 0.023936324046 0.042430001747
11 1785749532.832897186 1785749532.823823929 -0.009073257 0.003895705017 0.011863170078 -0.005877074789 -0.032905856820 -0.006727955837 0.005187484253 0.023871631734 0.043763876968
12 1785749532.862914324 1785749532.857193232 -0.005721092 0.009720643147 0.018332216682 -0.004379294967 -0.032885743388 -0.010679302948 0.003363495851 0.023808207234 0.047152971929
13 1785749532.902904749 1785749532.890486002 -0.012418747 0.010778580901 0.018792660606 -0.005200789946 -0.032828583882 -0.011095733605 0.003235373881 0.023342073830 0.047460945984
14 1785749532.932900429 1785749532.923818350 -0.009082079 0.009450906589 0.013926468479 -0.004927271878 -0.032826326761 -0.010773694019 0.003284193185 0.023113009134 0.045234737706
15 1785749532.962895632 1785749532.957320213 -0.005575418 0.006613476388 0.007278917972 -0.003925813426 -0.033165613484 -0.009849091271 0.003240486866 0.023062510346 0.043028773897
16 1785749533.002890825 1785749532.990479946 -0.012410879 0.002705992723 0.004065819091 -0.003924426363 -0.035656902226 -0.008461008506 0.003195724653 0.023075420112 0.043874199873
17 1785749533.033322096 1785749533.023827791 -0.009494305 0.001286401040 0.003697084739 -0.002622445219 -0.038125652557 -0.005814325676 0.003050695361 0.023077723184 0.045293049109
18 1785749533.062889576 1785749533.057162046 -0.005727530 0.002847859170 0.005998055921 -0.001093477424 -0.038795830479 -0.003211424220 0.002998567727 0.023092642044 0.045858193408
19 1785749533.102878571 1785749533.090482950 -0.012395620 0.006284123647 0.014671887662 -0.000741196465 -0.044393530170 0.004695234740 0.002988224535 0.023030014150 0.052796265565
20 1785749533.133097887 1785749533.123813391 -0.009284496 0.007454351134 0.020248186331 -0.000913405384 -0.048167097639 0.008064163050 0.002999927442 0.022981808118 0.058212144778
21 1785749533.162898540 1785749533.157213211 -0.005685329 0.007330060006 0.023999739320 -0.000838431687 -0.049921613345 0.009605838329 0.003026625164 0.022577910670 0.061104683568
22 1785749533.202879906 1785749533.190478086 -0.012401819 0.007956579651 0.028616020173 -0.001874987840 -0.055205515575 0.013058245822 0.002992906634 0.017287625094 0.066420520587
23 1785749533.232883215 1785749533.223821163 -0.009062052 0.006843998767 0.028503651026 -0.001627094325 -0.056420309168 0.014873160344 0.002982061286 0.010958698695 0.066297766393
24 1785749533.272889376 1785749533.257258177 -0.015631199 0.006151352458 0.026245670903 -0.000948465939 -0.058443124485 0.014291872170 0.002988452873 -0.003496314023 0.066095275458
25 1785749533.302879333 1785749533.307267904 0.004388571 0.005017048509 0.018833833739 -0.000066398310 -0.053613671473 0.009024011085 0.003001444225 -0.005901918276 0.058134226833
26 1785749533.333161831 1785749533.340502501 0.007340670 0.005365516341 0.018612601448 -0.000405196932 -0.052222368128 0.007302065835 0.002931983068 -0.002493318851 0.056308888684
27 1785749533.372888088 1785749533.373848677 0.000960588 0.007328671875 0.020022494868 -0.000431905399 -0.053341895471 0.007816487688 0.002881337056 -0.007031639582 0.058472195317
28 1785749533.402884960 1785749533.407259941 0.004374981 0.007391260593 0.019539405456 0.000173290539 -0.054612101464 0.011145114528 0.002900111407 -0.009147948310 0.060292950972
29 1785749533.432939529 1785749533.440510988 0.007571459 0.006863100578 0.020264524158 0.000707369735 -0.054383952028 0.015238307568 0.002886952670 -0.005286223879 0.060698866341
30 1785749533.472884178 1785749533.473841429 0.000957251 0.004174051654 0.023128448591 0.001128969738 -0.054866930868 0.024362968505 0.002877608630 -0.004564652155 0.064704508591
31 1785749533.502900839 1785749533.507237434 0.004336596 0.001765133627 0.024011802267 0.002499944007 -0.051674823404 0.025204417922 0.002938374655 -0.001019349018 0.062459228618
32 1785749533.542912245 1785749533.540505886 -0.002406359 0.000423258069 0.022364839578 0.009750018903 -0.047340693405 0.022502847019 0.002919468554 -0.005969040515 0.058198798808
33 1785749533.572908878 1785749533.573851109 0.000942230 0.000072706802 0.015221361775 0.016479121283 -0.044212565219 0.016116130801 0.002931698935 -0.009308655995 0.053037563190
34 1785749533.602907658 1785749533.607275009 0.004367352 0.000075636280 0.010730991414 0.023274810076 -0.042141584539 0.012737343673 0.002897158954 -0.017979607641 0.054098886993
35 1785749533.642900705 1785749533.640507460 -0.002393246 0.000047267048 0.008516032178 0.025557853689 -0.042800010672 0.022001536457 0.002349567555 -0.025490562481 0.060802357575
36 1785749533.672891617 1785749533.673845768 0.000954151 -0.000105332083 0.010098600619 0.022820190075 -0.047991142185 0.028221996523 0.002213111961 -0.029063299683 0.067616255245
37 1785749533.702899694 1785749533.707246065 0.004346371 -0.000909074100 0.010782103671 0.021211666581 -0.052372561136 0.029166068957 0.001603710807 -0.033435592564 0.072670973925
38 1785749533.742908001 1785749533.740505457 -0.002402544 -0.003104934348 0.009755184405 0.018378616414 -0.054629306673 0.031324927598 0.001084952772 -0.033996428183 0.074599760520
39 1785749533.772922516 1785749533.773870230 0.000947714 -0.006630203345 0.008662786110 0.014723845676 -0.053252626931 0.025498090998 0.000742915670 -0.026596178554 0.067303035949
40 1785749533.802882195 1785749533.807262659 0.004380465 -0.009922264757 0.008642827404 0.013807058807 -0.051917739626 0.017165017448 0.000615058146 -0.026126523050 0.063536191981
41 1785749533.843251467 1785749533.840501785 -0.002749681 -0.014133871092 0.008602319221 0.015413702939 -0.051118768925 0.015302439580 -0.000838393430 -0.023234486189 0.062443461562
42 1785749533.872907639 1785749533.873815775 0.000908136 -0.016757722699 0.008620190535 0.015054157313 -0.052115747410 0.016455503089 -0.000810833463 -0.025023373203 0.064772046244
43 1785749533.912902117 1785749533.907257795 -0.005644321 -0.020462953084 0.008606047647 0.013526607821 -0.052885886896 0.017875229144 -0.000927475234 -0.028707928055 0.067950068561
44 1785749533.942926407 1785749533.940577269 -0.002349138 -0.019956297455 0.007099763734 0.011671143008 -0.049652022203 0.019944087617 -0.000887081457 -0.028461154266 0.065259406890
45 1785749533.972921848 1785749533.973835945 0.000914097 -0.020565700445 0.002359336994 0.010496566495 -0.046730593318 0.015670820992 -0.001021488582 -0.021839004583 0.058702648633
46 1785749534.012924671 1785749534.007252932 -0.005671740 -0.020285644006 -0.007085831524 0.011314875235 -0.044121254116 0.010708357496 -0.001048591872 -0.024336987733 0.056960383291
47 1785749534.042920113 1785749534.040484905 -0.002435207 -0.017263354133 -0.009613698285 0.011272561901 -0.042608462677 0.006595819982 -0.001055861178 -0.020335691562 0.052831414608
48 1785749534.072909832 1785749534.073837757 0.000927925 -0.015307268384 -0.010215306145 0.010540652498 -0.041682439757 0.003939607437 -0.001000791881 -0.015181098237 0.049337449458
49 1785749534.112920761 1785749534.107572079 -0.005348682 -0.013791401836 -0.009730108349 0.011499370284 -0.041491745687 -0.001096569909 -0.001007716100 -0.014521534571 0.048495063396
50 1785749534.142925739 1785749534.140577078 -0.002348661 -0.014046199446 -0.006734385198 0.011242603554 -0.041258105797 -0.001453167179 -0.001014138163 -0.013105686099 0.047393821017
51 1785749534.183302402 1785749534.173895121 -0.009407282 -0.018150121985 -0.006723530273 0.011116119801 -0.041255975268 -0.004509943478 -0.000940437055 -0.011631747688 0.048546657644
52 1785749534.212889433 1785749534.207605600 -0.005283833 -0.018295317891 -0.009825783215 0.011913529292 -0.041261301590 -0.009101206933 -0.000933375928 -0.014159001409 0.050595181004
53 1785749534.243257284 1785749534.240524530 -0.002732754 -0.018953473670 -0.013711511344 0.011967017021 -0.042057236510 -0.009548655454 -0.000904547676 -0.015136196711 0.052729117432
54 1785749534.283142805 1785749534.273902416 -0.009240389 -0.020776913886 -0.015361559255 0.012908879495 -0.046877025451 -0.008348474595 -0.000905308647 -0.022605402975 0.060110508181
55 1785749534.313213110 1785749534.307528257 -0.005684853 -0.021679273067 -0.014000192654 0.013274425439 -0.049617819049 -0.007670962605 -0.000929256937 -0.021317464142 0.061792200771
56 1785749534.342923403 1785749534.340566635 -0.002356768 -0.020881499196 -0.010973129840 0.013904500677 -0.049010099133 -0.007301840008 -0.000959114818 -0.021960274932 0.060731062786
57 1785749534.383389235 1785749534.373849154 -0.009540081 -0.026027220594 -0.008319344294 0.013444805193 -0.046664648269 -0.007149705979 -0.000574792538 -0.017763416846 0.058923404061
58 1785749534.412922382 1785749534.407246828 -0.005675554 -0.025340708650 -0.007172219714 0.014773273331 -0.045052213338 -0.009069342023 0.000877025980 -0.010959132723 0.056077344012
59 1785749534.452938795 1785749534.440566778 -0.012372017 -0.027779578899 -0.008244441477 0.018147532083 -0.041149705668 -0.014302626086 0.000977251793 -0.014337341398 0.057213516836
60 1785749534.483925581 1785749534.473898649 -0.010026932 -0.028383257767 -0.007097485838 0.016381310828 -0.037198213628 -0.011395101433 0.001056314859 -0.004872540269 0.051601781507
61 1785749534.512919903 1785749534.507234097 -0.005685806 -0.026446999241 -0.005946022490 0.014106252742 -0.035471055204 -0.009389198946 0.001077544192 -0.003172246355 0.047868177125
62 1785749534.552900076 1785749534.540562153 -0.012337923 -0.024099066600 -0.007059609118 0.011962413039 -0.034791781267 -0.008103754269 0.001070132820 -0.011314980827 0.046679923629
63 1785749534.582904100 1785749534.573909998 -0.008994102 -0.016754131347 -0.008210787584 0.009619768868 -0.034790786800 -0.010412974176 0.001082007797 -0.009779569127 0.043084771016
64 1785749534.612907171 1785749534.607597589 -0.005309582 -0.011110440026 -0.007794933387 0.006717989398 -0.034826934994 -0.011764975194 0.001081475165 -0.007155086905 0.040410755315
65 1785749534.652909517 1785749534.640568972 -0.012340546 -0.008570063564 -0.010062017616 0.001660437837 -0.034794977061 -0.010230795933 0.001068443493 -0.010665787925 0.040096227497
66 1785749534.682900190 1785749534.673902035 -0.008998156 -0.007798753906 -0.010638166058 0.001601759701 -0.037589769105 -0.009642375972 0.000925916553 -0.021387820017 0.046268986330
67 1785749534.722913027 1785749534.707305670 -0.015607357 -0.007790246792 -0.009824852829 0.000565739446 -0.039050175850 -0.009197443272 0.000815539778 -0.016330841723 0.045104394825
68 1785749534.752911091 1785749534.740577221 -0.012333870 -0.007825119201 -0.006333727316 -0.001100817027 -0.039105204827 -0.008220231864 0.000797820848 -0.005185570564 0.041555701258
69 1785749534.782881260 1785749534.790572882 0.007691622 -0.007860301061 -0.003474464941 0.000016296205 -0.038578837604 -0.007563829644 0.000835815437 0.006539507888 0.040778161871
70 1785749534.822903872 1785749534.823910236 0.001006365 -0.007853643159 -0.003414189221 0.001334915540 -0.038450726423 -0.007393586120 0.000828718675 0.008919684523 0.041091232924
71 1785749534.852906466 1785749534.857603788 0.004697323 -0.007829674709 -0.003228768944 0.001958141706 -0.038423800362 -0.006954600111 0.000658676774 0.010989386128 0.041491185008
72 1785749534.882880211 1785749534.890567780 0.007687569 -0.007862697906 -0.002929518229 0.002154147096 -0.038456823559 -0.006892002693 0.000328571864 0.011879717058 0.041745743033
73 1785749534.922904730 1785749534.923907995 0.001003265 -0.008076017110 -0.002772856826 0.002237208192 -0.039140723327 -0.006836791329 0.000124964289 0.012725671655 0.042645189192
74 1785749534.952909231 1785749534.957620382 0.004711151 -0.011138652363 -0.002729573892 0.001939984885 -0.039461367923 -0.008242800660 -0.000074625567 0.013065808932 0.043944828416
75 1785749534.992899179 1785749534.990568161 -0.002331018 -0.014185170322 -0.002759401296 0.001779662588 -0.039472315017 -0.010233138462 -0.000030163436 0.013341796373 0.045307678901
76 1785749535.022908449 1785749535.023904085 0.000995636 -0.013620834209 -0.002700405712 0.001937094805 -0.039511070577 -0.011909221316 -0.000041602370 0.013477005736 0.045619703163
77 1785749535.052905321 1785749535.057400227 0.004494905 -0.011778433415 0.000949456562 0.002021936184 -0.039375614136 -0.009306547091 -0.000077050546 0.013634453428 0.044347223721
78 1785749535.092898130 1785749535.090487480 -0.002410650 -0.010175669793 0.002289013458 0.000564669438 -0.039113026452 -0.007834917923 -0.000041992935 0.013617971833 0.043425434797
79 1785749535.122896433 1785749535.123818636 0.000922203 -0.009348379353 -0.001086137183 0.000686412031 -0.038999646586 -0.015161574591 -0.000080276816 0.013647145171 0.045012663170
80 1785749535.152904987 1785749535.157220840 0.004315853 -0.009459393774 -0.003332640154 -0.000301253548 -0.038906968581 -0.014466954417 -0.000063440291 0.013615613438 0.044823111258
81 1785749535.192911386 1785749535.190497398 -0.002413988 -0.011334259181 -0.006087989281 -0.002044724245 -0.038930333601 -0.010644437869 -0.000069126702 0.013659157530 0.044555159485
82 1785749535.222915649 1785749535.223829508 0.000913858 -0.012126228891 -0.006794114674 -0.001196115384 -0.038918686489 -0.011605597887 -0.000089377042 0.013698648743 0.045073840965
83 1785749535.252897978 1785749535.257238626 0.004340649 -0.013593525120 -0.004949272502 -0.000068578365 -0.038941280696 -0.011010821929 -0.000078313673 0.013764802516 0.045126725890
84 1785749535.292901516 1785749535.290486336 -0.002415180 -0.016881791902 -0.001590239467 0.001346997829 -0.037060794516 -0.009126034210 0.000125086196 0.013487464303 0.043909594544
85 1785749535.322921991 1785749535.323824644 0.000902653 -0.018457914671 -0.000675954662 0.005106709473 -0.033416692739 -0.007946972986 0.000361610063 0.013221023495 0.041496818766
86 1785749535.362894773 1785749535.357229471 -0.005665302 -0.018157027828 -0.000516963945 0.007440324077 -0.027881452137 -0.007499806637 0.000325923704 0.013212137552 0.037330853345
87 1785749535.392891645 1785749535.390484333 -0.002407312 -0.015089625232 -0.000541731343 0.008615276015 -0.025947473024 -0.007218370967 0.000320008955 0.013261672821 0.034692417771
88 1785749535.422923326 1785749535.423830271 0.000906944 -0.011937561392 -0.000561971368 0.009391718727 -0.025522314392 -0.007635200210 0.000381921357 0.013333593645 0.033446090385
89 1785749535.463117361 1785749535.457232237 -0.005885124 -0.009785072981 -0.000519360790 0.010165666136 -0.026174370228 -0.007634080546 0.000359687712 0.013328830432 0.033474200445
90 1785749535.492993593 1785749535.490484715 -0.002508879 -0.009176859449 -0.000550786091 0.010841238766 -0.026894561723 -0.008098272790 0.000363705430 0.013302168344 0.034176454020
91 1785749535.523349524 1785749535.523824215 0.000474691 -0.009224515030 -0.000534274492 0.012748763451 -0.027327976696 -0.007823131645 0.000368154033 0.013314530476 0.035118941535
92 1785749535.562941551 1785749535.557268620 -0.005672932 -0.009213862386 -0.000194188821 0.016455325646 -0.026471583356 -0.006361051003 0.000344844807 0.012176844479 0.035288990721
93 1785749535.593019724 1785749535.590490580 -0.002529144 -0.009181092372 0.001522484818 0.015674706972 -0.025259697408 -0.003828009693 0.000401999154 0.012256269052 0.033695557000
94 1785749535.632904530 1785749535.623821020 -0.009083509 -0.009206405535 0.001920893717 0.015984639632 -0.024794261321 -0.000689124103 0.000357506547 0.012370273926 0.033351734799
95 1785749535.663788080 1785749535.657222748 -0.006565332 -0.009140079692 0.001297840614 0.015449664737 -0.025070275546 0.000962750792 0.000367996964 0.012388779145 0.033271315920
96 1785749535.692926168 1785749535.690480709 -0.002445459 -0.009188044725 -0.001357457585 0.015240399107 -0.024702949318 0.001621532917 0.000358952060 0.012667216411 0.033045195023
97 1785749535.732920647 1785749535.723830223 -0.009090424 -0.009163277327 -0.004743666911 0.013489045083 -0.025640869267 0.004344348815 0.000344068835 0.012835139046 0.033609657622
98 1785749535.762898445 1785749535.757257223 -0.005641222 -0.009181919455 -0.007299967711 0.011050104132 -0.026391588656 0.005133640835 0.000063873811 0.012858651291 0.033880985637
99 1785749535.802888870 1785749535.790485620 -0.012403250 -0.008953686549 -0.006456561846 0.009227759105 -0.026610203255 0.004931537835 -0.000079358304 0.013045921703 0.033311148063
100 1785749535.833171368 1785749535.823828220 -0.009343147 -0.007940087438 0.000317227472 0.008249441167 -0.026730127564 0.006446639710 -0.000147023229 0.013034726110 0.032514358137
101 1785749535.863258839 1785749535.857267380 -0.005991459 -0.007123280930 0.007479050012 0.008326125678 -0.026782493379 0.012092896128 -0.000140007580 0.013022079845 0.034772632099
102 1785749535.902967691 1785749535.890483379 -0.012484312 -0.006273199910 0.011289002460 0.007585796425 -0.026814674966 0.015094130795 -0.000127346313 0.013052678536 0.036627682606
103 1785749535.933006525 1785749535.923825502 -0.009181023 -0.005687570787 0.009738476193 0.005539956076 -0.024906659769 0.011937899693 0.000063488404 0.013099474216 0.033050459887
104 1785749535.963508844 1785749535.957347393 -0.006161451 -0.005507680821 0.005785887420 0.004072356926 -0.022800069816 0.008584527139 0.000110563060 0.013159789195 0.029105406678
105 1785749536.002955198 1785749535.990523577 -0.012431622 -0.005337631419 0.003270148186 0.002892196788 -0.023241270825 0.006813972633 0.000067663190 0.013144626995 0.028406366722
106 1785749536.033088446 1785749536.023824453 -0.009263992 -0.004919654852 0.003280534515 0.003196844622 -0.024200246146 0.006191867527 0.000092620949 0.013113328286 0.029002479557
107 1785749536.072909355 1785749536.057330370 -0.015578985 -0.004425722399 0.004106647085 0.003495380318 -0.025596744640 0.005886744725 0.000065101303 0.013151972255 0.030190974887
108 1785749536.102886438 1785749536.090486050 -0.012400389 -0.004097649087 0.005606399687 0.003646491746 -0.026373492211 0.005659285900 0.000062752752 0.013432322028 0.031137423927
109 1785749536.132894039 1785749536.140485525 0.007591486 -0.004054911918 0.008256244971 0.005624814395 -0.026694875297 0.005493513954 0.000089810563 0.013408561283 0.032231026558
110 1785749536.172892094 1785749536.173823595 0.000931501 -0.003770639170 0.012214226513 0.006628293494 -0.026710474488 0.005396071788 0.000097308207 0.013461535686 0.033632257934
111 1785749536.202883482 1785749536.207240105 0.004356623 -0.003395399772 0.011751741275 0.006865188239 -0.025362073365 0.005319808320 0.000249219980 0.013428624079 0.032383454933
112 1785749536.232893944 1785749536.240490437 0.007596493 -0.003407704712 0.009580093107 0.006757220021 -0.024073815151 0.005243278535 0.000560408945 0.013433346499 0.030608169822
113 1785749536.272892714 1785749536.273822308 0.000929594 -0.002980770459 0.005660546722 0.006602435963 -0.022974397134 0.005142877362 0.000543395191 0.013424702950 0.028623573872
114 1785749536.302899122 1785749536.307251215 0.004352093 -0.002213750535 0.005325017955 0.006584985692 -0.023831580639 0.004913033428 0.000570118232 0.013439327360 0.029148606007
115 1785749536.332907200 1785749536.340485573 0.007578373 -0.001163603790 0.005350135599 0.007330670797 -0.024716308164 0.004841254670 0.000556949178 0.013404056885 0.029967135806
116 1785749536.372906923 1785749536.373818874 0.000911951 -0.000901827333 0.006540302290 0.009398252006 -0.025906960704 0.004868418913 0.000548635241 0.013430069592 0.031740445379
117 1785749536.402924061 1785749536.407227278 0.004303217 -0.001437950337 0.007003159687 0.011529316776 -0.026319632552 0.004860163114 0.000569859417 0.013404589517 0.032869272811
118 1785749536.442903280 1785749536.440508842 -0.002394438 -0.001658938850 0.007006089164 0.014295226148 -0.026203586259 0.004816403343 0.000532199598 0.013447930589 0.033869552723
119 1785749536.472882509 1785749536.473835945 0.000953436 -0.001461096054 0.007026679434 0.014767957759 -0.026141421146 0.004837974948 0.000562625746 0.013383973930 0.033997482391
120 1785749536.502913475 1785749536.507388592 0.004475117 -0.001062352454 0.007175397282 0.014660535618 -0.025852395975 0.004829719148 0.000553362820 0.013418539229 0.033757698287
121 1785749536.542937279 1785749536.540515661 -0.002421618 -0.001331230542 0.009058769804 0.013313740632 -0.025425474854 0.011563255648 0.000191832609 0.013409215822 0.034944194027
122 1785749536.572884321 1785749536.573828936 0.000944614 -0.001331150421 0.008909382865 0.011935834529 -0.025765906108 0.012773603615 -0.000074493817 0.013425803376 0.035084438472
123 1785749536.602893829 1785749536.607234478 0.004340649 -0.001678921801 0.007105712450 0.011981089389 -0.026156207402 0.009496410601 -0.000076756096 0.013397741254 0.033921833573
124 1785749536.642891884 1785749536.640470028 -0.002421856 -0.002008151380 0.006448177976 0.012078096837 -0.026228854035 0.007597368405 -0.000047009805 0.013432063213 0.033430336779
125 1785749536.672882080 1785749536.673817635 0.000935555 -0.001874076256 0.006878138768 0.011501983755 -0.025806335566 0.006625736503 -0.000083518088 0.013531194705 0.032803721282
126 1785749536.712896109 1785749536.707234859 -0.005661249 0.000856255555 0.011038935063 0.010718844597 -0.025862414805 0.007289502632 -0.000061253967 0.013536576822 0.033804273439
127 1785749536.742895126 1785749536.740508080 -0.002387047 0.002446576694 0.012960422188 0.010512242358 -0.025871819798 0.008516404006 -0.000194386703 0.013501950569 0.034766164189
128 1785749536.772899151 1785749536.773831129 0.000931978 0.001685889607 0.012387859806 0.010496516575 -0.025865428212 0.009018887563 -0.000411401512 0.013969074183 0.034815846230
129 1785749536.812877893 1785749536.807260275 -0.005617619 -0.000429633393 0.010311735191 0.010463493378 -0.025930815383 0.009450509433 -0.000399368993 0.014094602843 0.034300696801
130 1785749536.842893839 1785749536.840499640 -0.002394199 -0.002129081498 0.009367602777 0.010448791593 -0.025804019384 0.008482143106 -0.000386215415 0.014210599918 0.033783822993
131 1785749536.872877836 1785749536.873820066 0.000942230 -0.002665602072 0.009295151663 0.011142110882 -0.025253557119 0.007198100806 -0.000417686667 0.014195387081 0.033300002893
132 1785749536.912880182 1785749536.907155752 -0.005724430 -0.002709628159 0.010802361115 0.012480645177 -0.023952869243 0.006385232703 -0.000396031133 0.014273729495 0.033139205338
133 1785749536.942881107 1785749536.940472364 -0.002408743 -0.002701372360 0.012951042146 0.012392793657 -0.023699977737 0.007531562225 -0.000414394286 0.015161663037 0.034308444483
134 1785749536.982897758 1785749536.973828554 -0.009069204 -0.002704301837 0.013394022354 0.011891163759 -0.024387045706 0.013009005157 -0.000441437095 0.017790005172 0.037533374788
135 1785749537.012910843 1785749537.007266760 -0.005644083 -0.002710678422 0.011241631005 0.012658510457 -0.024740133542 0.011058682073 -0.000473126369 0.019015759336 0.037284736028
136 1785749537.042880058 1785749537.040481567 -0.002398491 -0.002692036294 0.009046606622 0.013281402234 -0.024861011525 0.008808391386 -0.000473040098 0.020488442460 0.037163712009
137 1785749537.082894325 1785749537.073808193 -0.009086132 -0.002676604962 0.008063122292 0.012571951975 -0.025067487172 0.008208532964 -0.000450426204 0.021412366701 0.037211334157
138 1785749537.112877369 1785749537.107186079 -0.005691290 -0.002755713979 0.007954046146 0.012105725722 -0.025325978391 0.007538571080 -0.000433701269 0.022883068367 0.037940315693
139 1785749537.153269053 1785749537.140483856 -0.012785196 -0.002703221571 0.008401190893 0.011505093763 -0.025378832306 0.008562441121 -0.000740903467 0.026386742830 0.040304643158
140 1785749537.182909250 1785749537.173802853 -0.009106398 -0.002699521280 0.009197476059 0.010775426479 -0.025612360607 0.007793515175 -0.001018561921 0.029617078957 0.042460941179
141 1785749537.212898254 1785749537.207224131 -0.005674124 -0.002644000937 0.011843495857 0.010488426305 -0.026009992160 0.007775625525 -0.000987075667 0.035692276878 0.047635692637
142 1785749537.253482819 1785749537.240478516 -0.013004303 -0.002459134895 0.014124755839 0.010564157141 -0.026824962659 0.009488017900 -0.001012089221 0.039529964514 0.051869075685
143 1785749537.282916069 1785749537.273812532 -0.009103537 -0.002480719632 0.015241681250 0.010554696353 -0.027224207110 0.010237789062 -0.001221474636 0.037047604795 0.050693700115
144 1785749537.312895775 1785749537.307246447 -0.005649328 -0.002427583002 0.014646518915 0.010344492280 -0.027268162401 0.011340156220 -0.001941411008 0.037502344376 0.051085897568
145 1785749537.352977514 1785749537.340470314 -0.012507200 -0.002543793887 0.015888837405 0.010327630436 -0.027288093446 0.012030296427 -0.003745731253 0.040272747034 0.053766892454
146 1785749537.382887602 1785749537.373803616 -0.009083986 -0.002532608610 0.016980733222 0.010291005404 -0.027442400667 0.012001680855 -0.005454860488 0.039454706920 0.053704928062
147 1785749537.422900915 1785749537.407145262 -0.015755653 -0.002580292326 0.019121723651 0.012210302939 -0.027532948144 0.013197384702 -0.006982650909 0.038019573458 0.054294284210
148 1785749537.452903748 1785749537.440470695 -0.012433052 -0.002525025167 0.018573454866 0.015074799008 -0.027566503974 0.013935313613 -0.010339142551 0.037579258178 0.055243118699
149 1785749537.482901096 1785749537.490476131 0.007575035 -0.002627653931 0.016353802891 0.021814849336 -0.027618266360 0.016921482033 -0.023276106793 0.039638788826 0.062548820962
150 1785749537.522904396 1785749537.523826599 0.000922203 0.000573761546 0.016078372201 0.039453304370 -0.029248311805 0.024869502605 -0.042466119110 0.045161451699 0.084452888498
151 1785749537.552898407 1785749537.557272911 0.004374504 0.002055581835 0.013593752868 0.042881595613 -0.032947048254 0.027131275435 -0.050360387463 0.038401297808 0.088658271865
152 1785749537.582886696 1785749537.590477705 0.007591009 0.001834488644 0.010548921709 0.045977949285 -0.037563836789 0.028022008646 -0.047777714003 0.030234811574 0.087302608823
153 1785749537.622934818 1785749537.623809814 0.000874996 0.000081080092 0.007343461212 0.041052697785 -0.044091668456 0.029965878536 -0.043864012501 0.026255546046 0.084821526669
154 1785749537.652921200 1785749537.657160997 0.004239798 -0.001950446406 0.006592086407 0.030340842361 -0.048759690865 0.024056754608 -0.033278988237 0.015094082223 0.072521609409
155 1785749537.682883978 1785749537.690464258 0.007580280 -0.002683421073 0.006359186404 0.028778106130 -0.050862098797 0.022580293602 -0.031238638980 -0.001140811513 0.070354787770
156 1785749537.722997904 1785749537.723813057 0.000815153 -0.002866853811 0.005010967668 0.046684245851 -0.047603573633 0.034243639702 -0.048507812724 -0.012365691334 0.090318285848
157 1785749537.752885818 1785749537.757231712 0.004345894 -0.004055113627 0.005738276962 0.042817372799 -0.044105607831 0.029946036128 -0.043349612132 -0.007177666820 0.081581104903
158 1785749537.792899132 1785749537.790470600 -0.002428532 -0.012577901472 0.009602929744 0.034925984564 -0.042767746205 0.030122257205 -0.042815201378 -0.002985090182 0.077773562281
159 1785749537.822902679 1785749537.823808193 0.000905514 -0.022684702798 0.012591236538 0.026149274075 -0.043870286426 0.030604968415 -0.040375205184 -0.002186950972 0.076505722559
160 1785749537.852901459 1785749537.857207775 0.004306316 -0.028454512721 0.013813932649 0.019546507107 -0.047063822613 0.027344777364 -0.033736657371 -0.001927110231 0.074075407673
161 1785749537.892897367 1785749537.890511513 -0.002385855 -0.038371752625 0.012877827176 0.012022345692 -0.053690641813 0.025310894285 -0.032777580285 -0.005317322322 0.080054585765
162 1785749537.923317432 1785749537.923807859 0.000490427 -0.036011513418 0.010335843494 0.006864990167 -0.059852986366 0.024384794904 -0.031523977834 -0.009499952260 0.081925547421
163 1785749537.952884436 1785749537.957159281 0.004274845 -0.035889337127 0.007515319968 0.000501032895 -0.063507065721 0.022466209990 -0.026344392094 -0.012900374190 0.082116382193
164 1785749537.992881060 1785749537.990473747 -0.002407312 -0.036590863741 0.006307969322 -0.010497111508 -0.065084003376 0.021035521392 -0.026781347027 -0.015542752865 0.084416286978
165 1785749538.023139477 1785749538.023824930 0.000685453 -0.036321092843 0.006101181429 -0.014563347872 -0.059460822828 0.018720752987 -0.028735419532 -0.013360706347 0.080366822476
166 1785749538.062898636 1785749538.057239532 -0.005659103 -0.041103905900 0.005987324726 -0.015507608127 -0.053010175672 0.017155474115 -0.034118101937 -0.008746337383 0.079440527199
167 1785749538.092882156 1785749538.090483427 -0.002398729 -0.048054487795 0.006002910785 -0.011592641429 -0.047932867376 0.015179733733 -0.030300873990 -0.010455768907 0.077685959024
168 1785749538.122934103 1785749538.123820305 0.000886202 -0.051951477990 0.005802907387 -0.009921887473 -0.047017538137 0.016225346307 -0.022702557366 -0.015383940984 0.077827091407
169 1785749538.162884951 1785749538.157198191 -0.005686760 -0.062899757032 0.004717795835 -0.009440291280 -0.049242492273 0.025563164843 -0.018884278913 -0.022260121211 0.089432564316
170 1785749538.192875862 1785749538.190539598 -0.002336264 -0.053596782847 0.003651199818 -0.007106777398 -0.049870025737 0.027619104504 -0.016522089544 -0.024517534804 0.084026043779
171 1785749538.222920179 1785749538.223932505 0.001012325 -0.047371418306 0.001622010792 -0.008044856276 -0.049516149062 0.021355316134 -0.015170652930 -0.016415321575 0.075623488029
172 1785749538.262898445 1785749538.257225037 -0.005673409 -0.049653640219 -0.000398544056 -0.013015947041 -0.046486943671 0.016015710519 -0.013523172657 -0.012090809504 0.073359801596
173 1785749538.292881966 1785749538.290473461 -0.002408504 -0.041294124996 -0.000429229469 -0.014767156843 -0.042341965640 0.012686117463 -0.011624722938 -0.006711313101 0.063697829286
174 1785749538.332896709 1785749538.323832750 -0.009063959 -0.040823432003 -0.000287776219 -0.017481398491 -0.040206283278 0.014842377586 -0.016078250594 -0.011353461907 0.064780300522
175 1785749538.362915039 1785749538.357249260 -0.005665779 -0.033380939269 -0.000230434326 -0.011343610979 -0.037356882215 0.019257523018 -0.020793293007 -0.009853612950 0.059488328942
176 1785749538.392905474 1785749538.390473127 -0.002432346 -0.028535460590 0.000283639693 -0.004408511037 -0.030539643189 0.022477291112 -0.030687703880 -0.003577369323 0.056799815974
177 1785749538.432898283 1785749538.423817635 -0.009080648 -0.031572123621 0.005368679479 0.000405652387 -0.018292112315 0.023872494482 -0.045828127406 0.006015320903 0.063770565122
178 1785749538.462903261 1785749538.457155228 -0.005748034 -0.031193391581 0.009047303893 0.002200847699 -0.012668830421 0.020784209001 -0.042293010880 0.010834002827 0.059651337883
179 1785749538.492904186 1785749538.490453720 -0.002450466 -0.034880689735 0.015302833904 0.003969299811 -0.007604664934 0.021990203280 -0.034245840774 0.012921192704 0.057859566047
180 1785749538.532897949 1785749538.523846149 -0.009051800 -0.040457833133 0.019160106148 -0.000906587491 -0.004542291794 0.022789103822 -0.026460209358 0.013024929013 0.058434022223
181 1785749538.562898874 1785749538.557137489 -0.005761385 -0.044524471811 0.017350081375 -0.009303632324 -0.006174911414 0.017518054907 -0.019574850834 0.011068619240 0.056751320548
182 1785749538.602889061 1785749538.590453148 -0.012435913 -0.051130594290 0.012610207013 -0.017294987505 -0.009175133181 0.015207885216 -0.013192205693 0.002996047374 0.059757384637
183 1785749538.632894278 1785749538.623835325 -0.009058952 -0.050254451142 0.008941450052 -0.021233599704 -0.012798570705 0.017551566252 -0.013281421856 -0.001668135171 0.060888134119
184 1785749538.662901163 1785749538.657131672 -0.005769491 -0.048773707870 0.006913583052 -0.027106227933 -0.013727608345 0.017291823033 -0.011055596546 0.003494354952 0.061508624671
185 1785749538.702890396 1785749538.690462351 -0.012428045 -0.049321069711 0.006323687666 -0.032302427544 -0.012270969340 0.015029622217 -0.010749451812 0.008093999388 0.063824239449
186 1785749538.732914925 1785749538.723889112 -0.009025812 -0.045251513472 0.006400189316 -0.032920870606 -0.010880397791 0.013226590278 -0.014117073134 0.011754358483 0.061670317495
187 1785749538.762884855 1785749538.757170439 -0.005714417 -0.041378337424 0.006383327472 -0.029708134183 -0.009457388205 0.012351530797 -0.020858335768 0.013816734988 0.059190047775
188 1785749538.802900314 1785749538.790462017 -0.012438297 -0.038775972112 0.006390335620 -0.019871464290 -0.003926208940 0.011770949909 -0.037368012997 0.014257976744 0.060769368684
189 1785749538.832927704 1785749538.823873281 -0.009054422 -0.038860122421 0.006379949292 -0.009514197768 0.001912825689 0.014958960447 -0.048043567955 0.014290249761 0.066190315655
190 1785749538.862971544 1785749538.857201576 -0.005769968 -0.039445292597 0.006408445116 -0.004120048219 0.005225950251 0.019119218398 -0.049212914208 0.014158451894 0.068038237979
191 1785749538.902973652 1785749538.890481949 -0.012491703 -0.040087913845 0.004822000055 -0.011468812471 0.002545139727 0.013679356192 -0.028278156031 0.014467504272 0.054446225681
192 1785749538.932991982 1785749538.940490007 0.007498026 -0.031236426506 -0.001859422417 -0.014366889090 -0.007432889621 0.009513092258 -0.010080533291 0.014783317696 0.040638524834
193 1785749538.972975016 1785749538.973848343 0.000873327 -0.028481390331 -0.012128086273 -0.017781145389 -0.011392681667 0.009147446807 -0.006711547018 0.013909254644 0.041550335858
194 1785749539.002928734 1785749539.007164717 0.004235983 -0.026257565889 -0.014366688665 -0.018206275739 -0.015595314919 0.011265851730 -0.005860984857 0.007336713294 0.041056567733
195 1785749539.032986641 1785749539.040531635 0.007544994 -0.027832123327 -0.010172362887 -0.015233729557 -0.015538922811 0.016708281167 -0.012018216990 0.004242396474 0.042346556188
196 1785749539.072896957 1785749539.073844910 0.000947952 -0.031674978995 -0.003954822908 -0.010718389287 -0.008069458612 0.017619868388 -0.024983484480 0.009422564076 0.047141955012
197 1785749539.102970362 1785749539.107265234 0.004294872 -0.033738165020 -0.001818109162 -0.006360844301 -0.003588559284 0.015724807293 -0.023686399134 0.013469663425 0.046740285611
198 1785749539.142902851 1785749539.140610933 -0.002291918 -0.037935000495 -0.001061505097 -0.003728153293 0.004504286743 0.013544163438 -0.027115347433 0.014570330651 0.051042724718
199 1785749539.172977209 1785749539.173945665 0.000968456 -0.037453762788 -0.001083343017 -0.002511202217 0.006127065273 0.013821369831 -0.024615079406 0.014895193664 0.049664919581
200 1785749539.202931881 1785749539.207269192 0.004337311 -0.036111262905 -0.001095733283 -0.002990580307 0.003523450601 0.013056690415 -0.017136175657 0.014904192617 0.044864717240
201 1785749539.242925644 1785749539.240603924 -0.002321720 -0.032913333486 -0.001088276432 -0.007168254072 0.002934689342 0.013610662114 -0.013720699903 0.015114817732 0.041790352700
202 1785749539.272909880 1785749539.273938894 0.001029015 -0.034112424377 -0.001098130128 -0.008848780141 0.002446229943 0.021302740580 -0.017928902510 0.015199481410 0.047491313670
203 1785749539.302902222 1785749539.307270050 0.004367828 -0.033699096966 -0.001073362730 -0.008796294890 -0.001593717735 0.019484709071 -0.014867099464 0.015297116752 0.045292188055
204 1785749539.342897892 1785749539.340539455 -0.002358437 -0.032393204007 -0.001118243560 -0.008036155519 -0.004095661980 0.016619492583 -0.014179631480 0.015628949462 0.043051805084
205 1785749539.372889996 1785749539.373855591 0.000965595 -0.033179765729 -0.001104788030 -0.005939052159 -0.002740717958 0.015442905568 -0.017938207077 0.015830098788 0.044223929258
206 1785749539.412892342 1785749539.407181501 -0.005710840 -0.036010587698 -0.001112118290 -0.002333396503 0.002070197932 0.010262066934 -0.021761032515 0.015826370362 0.046228305668
207 1785749539.442898989 1785749539.440529108 -0.002369881 -0.036360898765 -0.001070433252 0.001411109631 0.003102725315 0.009916502085 -0.023761869933 0.015941216848 0.047454871110
208 1785749539.472896576 1785749539.473848343 0.000951767 -0.038485217206 -0.001088276432 0.001028776990 0.004962481977 0.009888454964 -0.022182769098 0.015988266658 0.048512496901
209 1785749539.512896299 1785749539.507187128 -0.005709171 -0.039304877896 -0.001127298308 -0.003031474058 0.004626605311 0.007276909970 -0.017510884601 0.015954254151 0.046806647640
210 1785749539.542894125 1785749539.540557146 -0.002336979 -0.037071174118 -0.001152948583 -0.002742495981 0.001044309865 0.005408709032 -0.018520460757 0.016052725946 0.044879446505
211 1785749539.572988510 1785749539.573946476 0.000957966 -0.036532625919 -0.001008787639 -0.001160025226 -0.002988408965 0.005421492205 -0.017811703006 0.016103504181 0.044180299278
212 1785749539.612929821 1785749539.607266665 -0.005663157 -0.037335285583 -0.000629020868 -0.001514646463 -0.005162763106 0.004870344451 -0.014681428356 0.016140458825 0.043852554069
213 1785749539.642972469 1785749539.640628815 -0.002343655 -0.035299793414 -0.000566969214 -0.002270536676 -0.008264670301 0.004226798140 -0.010715289531 0.016074893952 0.041363540092
214 1785749539.682980299 1785749539.673942327 -0.009037971 -0.036706228302 -0.000606650315 -0.004043263913 -0.008934772912 0.003167405791 -0.005615052870 0.016077800926 0.041760631360
215 1785749539.712914705 1785749539.707215309 -0.005699396 -0.034592172880 -0.000581882917 -0.003774241208 -0.008717759936 0.002725937611 -0.004857886907 0.015714789094 0.039562427183
216 1785749539.742938995 1785749539.740527391 -0.002411604 -0.035374049202 -0.000610378740 -0.001916601105 -0.004652443595 0.002745378687 -0.009506273622 0.015768960512 0.040293683975
217 1785749539.782982349 1785749539.773841858 -0.009140491 -0.038558453096 -0.000647929312 -0.001465682628 -0.001425480569 0.002759626599 -0.011288214141 0.015503633239 0.043205975270
218 1785749539.812999249 1785749539.807187557 -0.005811691 -0.037998382243 -0.001060803210 -0.002312667952 -0.004641205612 0.001140164906 -0.008814367870 0.015542880638 0.042337522065
219 1785749539.842906952 1785749539.840614080 -0.002292871 -0.034068742978 -0.002006407784 -0.001650965444 -0.011028078495 0.000474654082 -0.004778505809 0.015614208350 0.039445050883
220 1785749539.882914066 1785749539.873845577 -0.009068489 -0.029153928775 -0.004342799008 -0.004159180920 -0.016795679000 -0.001061036158 -0.003463846458 0.015647577107 0.037764742612
221 1785749539.912898064 1785749539.907265186 -0.005632877 -0.024615152640 -0.005720185924 -0.004580669957 -0.019570060126 -0.000434942877 -0.003315861827 0.015677201964 0.036049338877
222 1785749539.952887058 1785749539.940525055 -0.012362003 -0.024948750795 -0.007922607013 -0.006841582757 -0.014136724487 0.000375309391 -0.002703567754 0.015643092869 0.034409571230
223 1785749539.982917547 1785749539.973909140 -0.009008408 -0.030010087905 -0.008604998872 -0.005964456240 -0.006641355202 0.000692832290 -0.002353412165 0.015685378993 0.036143926161
224 1785749540.012899160 1785749540.007176399 -0.005722761 -0.036059368138 -0.007955270953 -0.004902877648 0.001806710503 0.000702426236 -0.002959300412 0.015693348316 0.040575840366
225 1785749540.052899599 1785749540.040585518 -0.012314081 -0.041652052980 -0.007332521624 -0.003495536277 0.010583708154 0.000736248382 -0.004325880743 0.015685181131 0.046670903740
226 1785749540.082983255 1785749540.073893070 -0.009090185 -0.036642869933 -0.006864457423 0.000610052381 0.006129967339 -0.001495334321 -0.004403171810 0.015775293510 0.041209867607
227 1785749540.112983465 1785749540.107187510 -0.005795956 -0.030557652226 -0.006657728591 0.003438017444 0.001653048241 -0.001818237433 -0.007485739910 0.015806155702 0.036080809850
228 1785749540.152980804 1785749540.140548468 -0.012432337 -0.024497363209 -0.006448323466 0.005368218625 -0.001581057507 0.000913198184 -0.012485277062 0.015784840097 0.032846559103
229 1785749540.182983875 1785749540.173928499 -0.009055376 -0.022849353822 -0.006219210949 0.005758814369 -0.005939219597 0.002660542742 -0.012531240179 0.015743619238 0.032267349474
230 1785749540.222903728 1785749540.207232714 -0.015671015 -0.025182626074 -0.005867043992 0.006020780829 -0.008491234076 0.002701695147 -0.010495536749 0.015781654620 0.033814993568
231 1785749540.252904415 1785749540.240542412 -0.012362003 -0.027624277788 -0.005771969141 0.006465519407 -0.010062115683 0.003042474743 -0.011513772724 0.015803319998 0.036483338693
232 1785749540.282907963 1785749540.273844719 -0.009063244 -0.029546394099 -0.005785677854 0.006756963026 -0.010795359850 0.004378434502 -0.011581747818 0.015822469912 0.038370795424
233 1785749540.322886944 1785749540.323915005 0.001028061 -0.030538124132 -0.005789279688 0.006953318661 -0.012311586198 0.005429599186 -0.006275616181 0.015821140675 0.038538149644
234 1785749540.352901459 1785749540.357172251 0.004270792 -0.028647535470 -0.005476091944 0.007213407776 -0.015454349722 0.005456215795 -0.004430939883 0.015613591811 0.037877787909
235 1785749540.382901430 1785749540.390554428 0.007652998 -0.028318126574 -0.004380327747 0.007391121284 -0.015678410933 0.005611344928 -0.006425554171 0.015473078179 0.037864705119
236 1785749540.422949076 1785749540.423855543 0.000906467 -0.029475476551 -0.003528788554 0.007344908873 -0.015384921487 0.006753856038 -0.008977622855 0.015316875346 0.039149949118
237 1785749540.452900887 1785749540.457187414 0.004286528 -0.030513762167 -0.003176718658 0.007514409245 -0.016411174143 0.007466917420 -0.006525620656 0.013902721805 0.039479088899
238 1785749540.482973337 1785749540.490529299 0.007555962 -0.031818569243 -0.002561122406 0.007827326011 -0.016884763682 0.010823936998 -0.003290789698 0.011984842145 0.040459440479
239 1785749540.522922277 1785749540.524013758 0.001091480 -0.031525947524 -0.001390270199 0.008060377474 -0.014970424659 0.013059852952 -0.002555630981 0.012593503954 0.040256538210
240 1785749540.552992582 1785749540.557157278 0.004164696 -0.029590984399 -0.000407563757 0.007974455829 -0.014433245633 0.013974441531 -0.002768269311 0.013239521715 0.039063234089
241 1785749540.593458652 1785749540.590480804 -0.002977848 -0.026822311621 0.000417217233 0.007989384533 -0.014490866350 0.017748956142 -0.003175280920 0.013589474711 0.038771221540
242 1785749540.622987032 1785749540.624167442 0.001180410 -0.025280619172 0.001643336599 0.007953698174 -0.014905660486 0.016949941138 -0.002815583903 0.013695642012 0.037550618071
243 1785749540.652981281 1785749540.657154083 0.004172802 -0.025378722778 0.003835427155 0.007996588200 -0.015668872094 0.015838600173 -0.002052684724 0.013736822551 0.037576909275
244 1785749540.692889929 1785749540.690477848 -0.002412081 -0.026587424161 0.006824241713 0.008107051721 -0.014950228136 0.016447778066 -0.002473682152 0.013740799475 0.038834946689
245 1785749540.722903728 1785749540.723847389 0.000943661 -0.026110809675 0.007609049876 0.008163369615 -0.016782741584 0.017468531108 -0.003364476672 0.013734575274 0.039913417302
246 1785749540.752970219 1785749540.757184029 0.004213810 -0.024980785316 0.007796658659 0.008140060390 -0.019153002509 0.016589674274 -0.003214318399 0.013748088941 0.039905948107
247 1785749540.792984486 1785749540.790511608 -0.002472878 -0.024438167606 0.009040848977 0.008165626736 -0.019713977382 0.016785454072 -0.003113051174 0.013773249720 0.040192341487
248 1785749540.822983265 1785749540.823848248 0.000864983 -0.024270769629 0.007049180762 0.008208110722 -0.018997176888 0.016595218503 -0.002320482133 0.013801966382 0.039221259664
249 1785749540.862896204 1785749540.857197762 -0.005698442 -0.024434849883 0.006149628126 0.008160706454 -0.017593716404 0.015648156611 -0.002843229682 0.013965146436 0.038196725998
250 1785749540.892931938 1785749540.890516758 -0.002415180 -0.025423990574 0.004983463536 0.008192131755 -0.016634223210 0.016262557198 -0.006119328975 0.014017958613 0.038902991240
251 1785749540.922935486 1785749540.923942804 0.001007318 -0.025591955376 0.004122840919 0.008196925445 -0.017769951451 0.017781645345 -0.007415038317 0.014109698892 0.040313274064
252 1785749540.962897778 1785749540.957179308 -0.005718470 -0.025251448628 0.004185847643 0.008170826466 -0.018587410340 0.017248705002 -0.006670694383 0.014173341414 0.040128678040
253 1785749540.992902517 1785749540.990492344 -0.002410173 -0.025069667678 0.004999975989 0.008249935483 -0.017748409295 0.017662553127 -0.007457760406 0.014371954171 0.040133433758
254 1785749541.032904625 1785749541.023835421 -0.009069204 -0.026179490291 0.005709022930 0.008331960845 -0.014433698966 0.017371888250 -0.008445751628 0.014345180493 0.039681347222
255 1785749541.062905788 1785749541.057162762 -0.005743027 -0.026914043468 0.005721036686 0.008658870435 -0.013225736650 0.016851418836 -0.005908265201 0.014343313465 0.039135670422
256 1785749541.092904806 1785749541.090492964 -0.002411842 -0.026424277228 0.005663947977 0.009251854686 -0.014164195994 0.016185414708 -0.003360274819 0.014324077751 0.038665000925
257 1785749541.132990360 1785749541.123894691 -0.009095669 -0.025097998449 0.005581432646 0.009625762503 -0.014580063864 0.016836575389 -0.003524816816 0.014313323834 0.038302236568
258 1785749541.162916422 1785749541.157181263 -0.005735159 -0.023930426784 0.005513635498 0.009675956523 -0.017166069514 0.021209921470 -0.003324973257 0.014371588924 0.040728643038
259 1785749541.193401337 1785749541.190495491 -0.002905846 -0.022885922726 0.005272831336 0.010583744210 -0.019498289898 0.023047697599 -0.002317502613 0.014341634455 0.042261292237
260 1785749541.232923031 1785749541.223824024 -0.009099007 -0.022513065137 0.005087744906 0.011373764381 -0.020763434094 0.016664877582 -0.002321331793 0.014506929563 0.039834202554
261 1785749541.262917995 1785749541.257169247 -0.005748749 -0.022995623361 0.007827381383 0.011677238153 -0.016029548531 0.012787820353 -0.004779822792 0.014504707604 0.037150134697
262 1785749541.293036222 1785749541.290503025 -0.002533197 -0.025183441123 0.010227185371 0.011668533651 -0.010834096899 0.012677055816 -0.006263847603 0.014470689939 0.037438987151
263 1785749541.332917690 1785749541.323833942 -0.009083748 -0.025223544120 0.010582344987 0.011738055287 -0.008689913943 0.012570825218 -0.004166004990 0.014477705588 0.036694617493
264 1785749541.362912178 1785749541.357187033 -0.005725145 -0.023665843716 0.008611373969 0.011870739771 -0.009018323743 0.013865142569 -0.004880700700 0.015465225026 0.036217525442
265 1785749541.402940750 1785749541.390462875 -0.012477875 -0.021332179688 0.007453169331 0.014354260271 -0.010806696248 0.013753922255 -0.007299454353 0.016161493549 0.036566205436
266 1785749541.432915926 1785749541.423860312 -0.009055614 -0.019865130388 0.006564560524 0.013933154900 -0.012481012723 0.012833120633 -0.007160357985 0.016448874445 0.035695245152
267 1785749541.462909698 1785749541.457155228 -0.005754471 -0.019356075074 0.006314984330 0.013341577688 -0.013456736970 0.012201737126 -0.006240600487 0.016448326338 0.035099758647
268 1785749541.503097773 1785749541.490465641 -0.012632132 -0.020437390670 0.004812458373 0.012947595294 -0.013780331791 0.011667189562 -0.004550755710 0.016438744116 0.035006420255
269 1785749541.532915831 1785749541.523840666 -0.009075165 -0.021541658680 0.004368958123 0.012541847665 -0.012453815060 0.010729513507 -0.003121532680 0.016423292624 0.034498076369
270 1785749541.562902451 1785749541.557159662 -0.005742788 -0.022353677557 0.002905635033 0.012610248242 -0.010874329494 0.010002204213 -0.002051940983 0.016014186502 0.033854213005
271 1785749541.602907896 1785749541.590465546 -0.012442350 -0.021735254913 -0.000319719364 0.012550187394 -0.010265673547 0.006756645889 -0.000760204596 0.015403936213 0.031920623571
272 1785749541.632908583 1785749541.623841763 -0.009066820 -0.021061604507 -0.001027518654 0.012557644245 -0.011370674566 0.005732920200 -0.000388464316 0.014389967551 0.031172457278
273 1785749541.672899246 1785749541.673819304 0.000920057 -0.021131868755 -0.002406532997 0.011952883024 -0.013404576849 0.006001766312 -0.000777285362 0.013507671583 0.031527510752
274 1785749541.702973843 1785749541.707170010 0.004196167 -0.022086324087 -0.005458263819 0.011651945821 -0.013933135601 0.005998710243 -0.001105960234 0.013298563251 0.032581558002
275 1785749541.732901335 1785749541.740496635 0.007595301 -0.023565395382 -0.007756503766 0.011545672561 -0.015112800253 0.005899773809 -0.001030055908 0.013204545217 0.034458944516
276 1785749541.772904158 1785749541.773841619 0.000937462 -0.026793333130 -0.010764929510 0.011530632267 -0.012748112533 0.002045731008 -0.000982610374 0.012826048104 0.036040176327
277 1785749541.802910805 1785749541.807123184 0.004212379 -0.028019536737 -0.011469312389 0.011674286844 -0.011756360897 -0.010556659515 -0.000507690881 0.011593961841 0.037911229495
278 1785749541.832932234 1785749541.840500832 0.007568598 -0.026982228697 -0.009953817377 0.011505192512 -0.010985459921 -0.011656856518 0.000006436164 0.010963968525 0.036554888610
279 1785749541.872898102 1785749541.873833656 0.000935555 -0.027555998053 -0.007816047149 0.011048985944 -0.004232342850 -0.004677168014 0.000003037350 0.010812349783 0.033154174033
280 1785749541.902885914 1785749541.907160044 0.004274130 -0.026090857846 -0.006517199471 0.010118057744 -0.002488138243 -0.002607584576 0.000037247719 0.010865577843 0.030929506027
281 1785749541.942901611 1785749541.940500259 -0.002401352 -0.023330017575 -0.004612915966 0.009570380028 -0.004827945566 -0.002249080431 0.002748970001 0.010826203379 0.028465625313
282 1785749541.972908974 1785749541.973828316 0.000919342 -0.021480811225 -0.001518690819 0.009648114801 -0.008070757537 0.000092370799 0.002745123026 0.010875383718 0.027345440624
283 1785749542.002946377 1785749542.007143974 0.004197598 -0.018589129311 0.001286193104 0.009237820135 -0.010702147431 0.007574227432 0.000320687175 0.011229526501 0.027030673847
284 1785749542.042988539 1785749542.040541410 -0.002447128 -0.013966820331 0.002914745641 0.007090977053 -0.021025862408 0.012638334596 0.000149039472 0.009860926148 0.030869470947
285 1785749542.072932959 1785749542.073802233 0.000869274 -0.011573772703 0.002900872335 0.007081374671 -0.024328841384 0.011169210563 -0.000616707483 0.009806952592 0.031712987514
286 1785749542.102904081 1785749542.107129574 0.004225492 -0.011082515147 0.002806625963 0.007096836008 -0.025776374426 0.011143349732 -0.000734453418 0.009622220642 0.032600408683
287 1785749542.142895222 1785749542.140515804 -0.002379417 -0.011434213737 0.003972755277 0.007108889160 -0.025995425450 0.010944526454 -0.001174426844 0.006683977987 0.032228248124
288 1785749542.172894955 1785749542.173844576 0.000949621 -0.011864348988 0.006237521997 0.006935251057 -0.025528510442 0.013925497820 -0.002187110709 0.006340256244 0.033442096259
289 1785749542.212918520 1785749542.207174063 -0.005744457 -0.011291495075 0.007089208841 0.006723613679 -0.025077924646 0.018295246187 -0.003229425535 0.003371486076 0.034761705499
290 1785749542.242954969 1785749542.240486622 -0.002468348 -0.009694732613 0.008216098684 0.006697164455 -0.025243602796 0.016407697704 -0.004956726026 0.000682100315 0.033731743945
291 1785749542.272908211 1785749542.273814201 0.000905991 -0.008875121823 0.010032339813 0.006712078157 -0.025049898586 0.015201048714 -0.005794532560 0.000671691011 0.033422517862
292 1785749542.312908649 1785749542.307162285 -0.005746365 -0.007459458089 0.010071217615 0.006708699977 -0.024404555050 0.015828767324 -0.005176485491 0.000634071985 0.032793441816
293 1785749542.342904806 1785749542.340496063 -0.002408743 -0.005412204133 0.009048085835 0.006545829374 -0.024078393276 0.012558134297 -0.004682756485 0.001239208343 0.030248095782
294 1785749542.372896671 1785749542.373839378 0.000942707 -0.004775114182 0.010026969514 0.006606464122 -0.023523441096 0.010882064852 -0.004666011390 0.001186766572 0.029358795869
295 1785749542.412909269 1785749542.407130718 -0.005778551 -0.006064829783 0.013728987937 0.006635758894 -0.021262206267 0.017613034711 -0.004683674525 0.001209056012 0.032480757330
296 1785749542.442925453 1785749542.440497160 -0.002428293 -0.005069580761 0.014591624127 0.006557294099 -0.020903833376 0.018845788785 -0.006558200004 0.001199174655 0.033439441705
297 1785749542.472901344 1785749542.473852873 0.000951529 -0.003567735631 0.012767713999 0.006624223372 -0.020918214445 0.016618484162 -0.009290116128 0.001376060607 0.031961994704
298 1785749542.512904167 1785749542.507130146 -0.005774021 -0.003412434485 0.011000005041 0.006439332461 -0.021473470400 0.013799506316 -0.010049604193 0.001356652351 0.030470989124
299 1785749542.542908907 1785749542.540510654 -0.002398252 -0.004416169213 0.008727540877 0.006190428623 -0.021396141667 0.010691395043 -0.009808755949 0.001821447146 0.028383518034
300 1785749542.582890034 1785749542.573921204 -0.008968830 -0.005429856096 0.006605534120 0.006096308843 -0.021231490781 0.004472413519 -0.009601290992 0.001925473602 0.026018307411
301 1785749542.612888336 1785749542.607137442 -0.005750895 -0.005897696644 0.004883534160 0.006084408547 -0.021042394608 0.003021271570 -0.009104817239 0.002157774411 0.025201505888
302 1785749542.642920256 1785749542.640515566 -0.002404690 -0.006112301499 0.003056577518 0.006065542766 -0.020646648870 0.001984629550 -0.008801508486 0.002381259128 0.024430585655
303 1785749542.682889223 1785749542.673867464 -0.009021759 -0.006193232066 -0.000018812775 0.005993007723 -0.020506566596 0.001424307022 -0.008770523914 0.002477955325 0.024080757781
304 1785749542.712928057 1785749542.707145691 -0.005782366 -0.006246585783 -0.001633909782 0.005878521326 -0.019981462026 0.001542557941 -0.008752135444 0.002506692619 0.023680544768
305 1785749542.742902517 1785749542.740504503 -0.002398014 -0.006364933763 -0.002144276437 0.005540455990 -0.018372841931 0.005752749308 -0.010409068002 0.002703159372 0.023709031366
306 1785749542.782903433 1785749542.773847342 -0.009056091 -0.006432408800 -0.002807508538 0.005499163861 -0.017969512750 0.007549044897 -0.013162898003 0.002692877133 0.025296318482
307 1785749542.812909603 1785749542.807163954 -0.005745649 -0.006557064438 -0.002930495447 0.005273230739 -0.017976198787 0.007625344463 -0.015325618732 0.002716733992 0.026512915610
308 1785749542.852905273 1785749542.840468645 -0.012436628 -0.008141596057 -0.003309913370 0.004744318477 -0.017992051161 0.007624552081 -0.015628757123 0.002787194302 0.027085491898
309 1785749542.882900000 1785749542.873867273 -0.009032726 -0.009254664235 -0.004122836726 0.003943037028 -0.018048439380 0.004877228534 -0.013608191278 0.002814744425 0.025706678355
310 1785749542.912915230 1785749542.907154322 -0.005760908 -0.010254548066 -0.005147734573 0.003531709893 -0.017585455390 0.003642187578 -0.012370709742 0.002891236232 0.025060634074
311 1785749542.952986956 1785749542.940501690 -0.012485266 -0.012139932960 -0.006490056354 0.002916016580 -0.015629797744 0.003919162898 -0.012179807402 0.002978938634 0.024796656136
312 1785749542.982991695 1785749542.973798990 -0.009192705 -0.012722408953 -0.007319880409 0.002832955484 -0.014959687353 0.004265240681 -0.012051008321 0.003016268841 0.024895284264
313 1785749543.012993336 1785749543.007143974 -0.005849361 -0.012831731716 -0.007353774206 0.002420730944 -0.015236288067 0.004305937817 -0.012172267407 0.003002780492 0.025148710330
314 1785749543.052984715 1785749543.040473461 -0.012511253 -0.012831185951 -0.007349094830 0.002206321608 -0.014411964250 0.005974008766 -0.012566983470 0.003067183039 0.025184252270
315 1785749543.082989216 1785749543.073813200 -0.009176016 -0.012851425976 -0.006357349496 0.002207569259 -0.013786480109 0.005968016654 -0.013350406668 0.003041008105 0.024972259596
316 1785749543.122988462 1785749543.107129574 -0.015858889 -0.013145488189 -0.005993160313 0.002061825420 -0.010770724961 0.005945295855 -0.014641504280 0.003136714519 0.024259856530
317 1785749543.152984619 1785749543.140479565 -0.012505054 -0.013391417983 -0.005917767986 0.002018514352 -0.010380437341 0.002839783708 -0.013470644930 0.002925734474 0.022896735612
318 1785749543.182925224 1785749543.190468311 0.007543087 -0.013484288208 -0.006144031147 0.001776534733 -0.010545616740 -0.000122899076 -0.012019710571 0.002717615451 0.022041216741
319 1785749543.222923040 1785749543.223914385 0.000991344 -0.013849453522 -0.006823610254 0.001522248777 -0.010696174475 -0.001537136072 -0.011843826564 0.002697821787 0.022472464638
320 1785749543.252898932 1785749543.257189989 0.004291058 -0.013545920181 -0.006507319970 0.001202001752 -0.011327207737 -0.001457384230 -0.013485733311 0.002733107737 0.023389024343
321 1785749543.282995701 1785749543.290466785 0.007471085 -0.013372207981 -0.005320017949 0.000687220641 -0.013308080630 -0.000135928359 -0.015745585335 0.002749614177 0.025302136900
322 1785749543.322985411 1785749543.323915005 0.000929594 -0.013282229233 -0.005194878908 0.000098362386 -0.015771475108 0.000331875585 -0.016131232975 0.002752977355 0.026833918565
323 1785749543.352982998 1785749543.357197523 0.004214525 -0.013214305493 -0.005192748380 -0.000052089817 -0.016751153615 0.000626511697 -0.014568631976 0.002762960459 0.026503921809
324 1785749543.392987967 1785749543.390470982 -0.002516985 -0.013227088666 -0.005167153899 0.000014236026 -0.016739968339 0.004776781940 -0.013423309442 0.002710143125 0.026310261391
325 1785749543.422988176 1785749543.423925400 0.000937223 -0.013222561292 -0.005198579200 0.000026892607 -0.016744762029 0.007002911729 -0.012599081176 0.002667983593 0.026403501416
326 1785749543.452987194 1785749543.457160950 0.004173756 -0.013192538369 -0.005046106661 0.000029023136 -0.016738370442 0.006941974569 -0.012049293091 0.002587915744 0.026072091041
327 1785749543.492997169 1785749543.490484715 -0.002512455 -0.013190590227 -0.003927046371 -0.000057445670 -0.016793693396 0.009052662891 -0.011599463107 0.002588428216 0.026356081121
328 1785749543.522981644 1785749543.523854733 0.000873089 -0.013242135526 -0.003912665301 -0.000040934071 -0.016739968339 0.009493276327 -0.011511876034 0.002596818581 0.026462811087
329 1785749543.552932024 1785749543.557140827 0.004208803 -0.013227692095 -0.003971787478 -0.000055847773 -0.016736772546 0.012055539708 -0.012559094721 0.002600780030 0.027941019358
330 1785749543.592908859 1785749543.590463638 -0.002445221 -0.013252521854 -0.003953145350 -0.000084736505 -0.016786236545 0.013731890817 -0.013956231669 0.002586038872 0.029378060455
331 1785749543.622913599 1785749543.623887062 0.000973463 -0.013208916809 -0.003961050904 -0.000114690501 -0.016809419179 0.013447420646 -0.014723172280 0.002588620919 0.029614878302
332 1785749543.662908554 1785749543.657147884 -0.005760670 -0.013209911277 -0.002606384787 -0.000150153206 -0.016780250999 0.013280877886 -0.014373802461 0.002600059853 0.029200044401
333 1785749543.692905664 1785749543.690481186 -0.002424479 -0.013219436296 -0.001459094989 -0.000356505528 -0.015883830976 0.013204186809 -0.014094907954 0.002563348550 0.028441050826
334 1785749543.722905397 1785749543.723887682 0.000982285 -0.013211979444 -0.000915949851 -0.000343848947 -0.015662788605 0.013174352839 -0.013740014943 0.002598578705 0.028105884412
335 1785749543.762906075 1785749543.757147074 -0.005759001 -0.013186546256 -0.000739914903 -0.000358636057 -0.014743338805 0.013136396227 -0.013539249132 0.002571652643 0.027466647145
336 1785749543.792899370 1785749543.790506601 -0.002392769 -0.013181668637 -0.004329183696 -0.000372484495 -0.014528449839 0.013115805957 -0.012650886505 0.002589518799 0.027248627889
337 1785749543.822938204 1785749543.823891401 0.000953197 -0.013216506818 -0.010527957449 -0.000352244470 -0.014539102484 0.009880857615 -0.012433022560 0.002630622909 0.027498274342
338 1785749543.862915754 1785749543.857242823 -0.005672932 -0.012896661171 -0.017237072988 -0.000498435616 -0.014458112856 0.000305335324 -0.012308532427 0.002645491133 0.028832583018
339 1785749543.892905712 1785749543.890512466 -0.002393246 -0.012895258794 -0.016411137371 -0.001163207095 -0.011275319843 0.000488738532 -0.012279790447 0.004311124120 0.027087209665
340 1785749543.922904015 1785749543.923857927 0.000953913 -0.012919100652 -0.015819531795 -0.001315130603 -0.010326244377 -0.001430515833 -0.012137525589 0.005243513308 0.026502489960
341 1785749543.962907553 1785749543.957183838 -0.005723715 -0.012880345092 -0.013296223891 -0.001380097205 -0.012288977390 -0.006672096454 -0.012098353672 0.005347386007 0.026741317522
342 1785749543.992906094 1785749543.990462780 -0.002443314 -0.012912309591 -0.008856505266 -0.001314065339 -0.013329009869 -0.006683079957 -0.011896088445 0.005369681551 0.025289694626
343 1785749544.032909393 1785749544.023866653 -0.009042740 -0.012904186950 -0.005906880754 -0.001299684269 -0.013512708923 -0.004416570251 -0.010995282573 0.005341817290 0.023550564884
344 1785749544.062960625 1785749544.057145119 -0.005815506 -0.011789654034 -0.005723321424 -0.001262653197 -0.013502715503 -0.007328170898 -0.010868996681 0.004966260940 0.023498316848
345 1785749544.092909336 1785749544.090466022 -0.002443314 -0.011585922210 -0.005760073047 -0.001338972461 -0.013454499155 -0.010650332054 -0.010558063219 0.004991766333 0.024495886035
346 1785749544.132910013 1785749544.123894691 -0.009015322 -0.011550761918 -0.005699928269 -0.001170537354 -0.011573551140 -0.007958947793 -0.010106706609 0.005378572698 0.022263107141
347 1785749544.162983179 1785749544.157162189 -0.005820990 -0.010996362576 -0.008515548766 -0.001133912323 -0.011437729924 -0.008803675176 -0.009589459726 0.006327387213 0.023130937012
348 1785749544.192900181 1785749544.190473318 -0.002426863 -0.010272051686 -0.010943975170 -0.001194267622 -0.011436005436 -0.011572707606 -0.009140456825 0.006585072455 0.024866298988
349 1785749544.232905149 1785749544.223861456 -0.009043694 -0.009987366332 -0.011961185439 -0.001351517452 -0.011481938399 -0.009562354600 -0.008412443232 0.006694684048 0.024155860020
350 1785749544.262903690 1785749544.257147789 -0.005755901 -0.009851173776 -0.011117448993 -0.001469605682 -0.013208732049 -0.008625776917 -0.007909810916 0.006721234546 0.024071098231
351 1785749544.302942991 1785749544.290472984 -0.012470007 -0.009578661600 -0.009826233952 -0.000960774056 -0.014147230017 -0.008601833648 -0.007728405091 0.006753568042 0.023847501008
352 1785749544.332912445 1785749544.323864222 -0.009048223 -0.009598102676 -0.008725440134 -0.000796485151 -0.014223929057 -0.006512419492 -0.007564839629 0.006688875731 0.022706626604
353 1785749544.362906694 1785749544.357146263 -0.005760431 -0.009595712397 -0.008239999724 0.000613924963 -0.014453899583 -0.005586074461 -0.007453092349 0.006748693239 0.022395648746
354 1785749544.402926445 1785749544.390485287 -0.012441158 -0.009622743482 -0.008587173664 0.002202572746 -0.014459225905 -0.004878988252 -0.007444012282 0.006714888437 0.022462521143
355 1785749544.432904005 1785749544.423878193 -0.009025812 -0.009632337428 -0.008678017842 0.003006965517 -0.014504190665 -0.004350807406 -0.007366632913 0.006715745997 0.022490027931
356 1785749544.462908745 1785749544.457161427 -0.005747318 -0.009610660800 -0.008539263342 0.003059949290 -0.014601100198 -0.003959488173 -0.007265142553 0.007462303663 0.022627086753
357 1785749544.502898932 1785749544.490492105 -0.012406826 -0.008698344377 -0.009082674254 0.006506743315 -0.016106099543 -0.004844851727 -0.005235672971 0.010333642837 0.024850942669
358 1785749544.532911062 1785749544.523916721 -0.008994341 -0.007501293914 -0.009052791909 0.009212637455 -0.018857901465 -0.005053507411 -0.001679177632 0.012750223367 0.027742410833
359 1785749544.572900534 1785749544.557164192 -0.015736341 -0.007532816506 -0.007085797838 0.011118341674 -0.020980542265 -0.004900522216 -0.000496905613 0.017518481190 0.031652989546
360 1785749544.602985382 1785749544.590484142 -0.012501240 -0.008664996805 -0.005871443164 0.012302636278 -0.022630680081 -0.004673676998 -0.000463293988 0.018553047081 0.033753992486
361 1785749544.632989645 1785749544.624008656 -0.008980989 -0.010552143876 -0.005560040365 0.012660062027 -0.022765197850 -0.003076384085 -0.000490377118 0.020174720900 0.035178362172
362 1785749544.672978401 1785749544.673852444 0.000874043 -0.012241199086 -0.005519491389 0.014843536672 -0.022765730483 -0.005096573075 -0.000492796939 0.023979210279 0.038988988665
363 1785749544.702982903 1785749544.707172632 0.004189730 -0.012732505017 -0.005487267140 0.015728103724 -0.022789572340 -0.005614206070 -0.000479272955 0.027891101927 0.042055049851
364 1785749544.732996702 1785749544.740502596 0.007505894 -0.012615666342 -0.005480609237 0.016662052716 -0.022793833398 -0.006279105272 -0.000259927862 0.031377509406 0.044837682574
365 1785749544.772982359 1785749544.773828745 0.000846386 -0.012148982061 -0.005490323209 0.018041715401 -0.022817675256 -0.006877987103 -0.000269322538 0.032263722915 0.045958875860
366 1785749544.802985430 1785749544.807164192 0.004178762 -0.010908810303 -0.005485263203 0.019762483567 -0.022762408097 -0.004864464026 -0.000251983857 0.030002671617 0.044515840372
367 1785749544.832986832 1785749544.840491056 0.007504225 -0.009510100304 -0.005430655268 0.020828052632 -0.022794898663 -0.002732960155 -0.000245668226 0.027588725434 0.042918718539
368 1785749544.872986078 1785749544.873895407 0.000909328 -0.007998104269 -0.002773353133 0.020075967240 -0.022771056805 -0.001267852431 -0.000222719089 0.029447751011 0.043151520730
369 1785749544.902986765 1785749544.907126188 0.004139423 -0.008078328829 -0.000577044182 0.018749400542 -0.022842708970 -0.000315723967 -0.000186190646 0.033361378608 0.045299422531
370 1785749544.942990541 1785749544.940471888 -0.002518654 -0.008481733699 0.001722708879 0.019702396618 -0.025086085076 0.000317572982 -0.000256356032 0.031595777446 0.045725959288
371 1785749544.972991705 1785749544.973864079 0.000872374 -0.009604222990 0.002639817629 0.020702431714 -0.026580315836 0.001836005712 -0.000588373922 0.028486996471 0.045271841955
372 1785749545.002981424 1785749545.007136345 0.004154921 -0.010872650209 0.002563794212 0.020976477834 -0.027425405777 0.003159560677 -0.000590834063 0.030015022006 0.047203670644
373 1785749545.042987347 1785749545.040479183 -0.002508163 -0.009984752843 0.002478475996 0.023097171116 -0.028382084038 0.005056803204 -0.000689188163 0.037712808716 0.053788124347
374 1785749545.072986126 1785749545.073891878 0.000905752 -0.009899978175 0.002422858592 0.023654054268 -0.032891348395 0.008628102226 -0.000803917427 0.033649959975 0.054338247412
375 1785749545.102986574 1785749545.107129335 0.004142761 -0.009226115540 0.002412205947 0.022609701441 -0.036128911524 0.017520523697 -0.000703396216 0.028610105350 0.055076659645
376 1785749545.142993212 1785749545.140468836 -0.002524376 -0.005067025119 0.003942711494 0.023012548350 -0.045885419430 0.031349380878 -0.000696279294 0.026940196304 0.066221684353
377 1785749545.172984838 1785749545.173841715 0.000856876 -0.001246038577 0.003595287093 0.025691380052 -0.054471736535 0.029910672724 -0.000660262850 0.026290531231 0.072304717092
378 1785749545.212982893 1785749545.207130432 -0.005852461 0.002604094855 0.003205349177 0.026224020281 -0.059285299730 0.036750028971 -0.000711669833 0.025500300469 0.078872289205
379 1785749545.242990255 1785749545.240483046 -0.002507210 0.006147194294 0.001822538877 0.029331510182 -0.063495138766 0.035876240465 -0.000730311961 0.024968758788 0.082729418485
380 1785749545.272987604 1785749545.273855686 0.000868082 0.007936525069 0.001168956483 0.032739735548 -0.065167822313 0.026921491356 -0.000680619623 0.024453018845 0.081891820769
381 1785749545.312928915 1785749545.307140589 -0.005788326 0.009955975928 0.001213570997 0.033792629777 -0.068897671754 0.027534172165 -0.000541099039 0.024002945521 0.085580313333
382 1785749545.342905045 1785749545.340489388 -0.002415657 0.008610207516 0.001785085367 0.033669954965 -0.068064563018 0.033938844957 -0.000492623876 0.023985119686 0.087012336200
383 1785749545.372908354 1785749545.373864412 0.000956059 0.003419909079 0.001724884794 0.032072011150 -0.064353581409 0.031344212285 -0.000500770901 0.023972915096 0.082110166353
384 1785749545.412908077 1785749545.407163382 -0.005744696 0.004757425251 -0.001954272252 0.043353041862 -0.072016348292 0.029216953663 -0.000304415265 0.023974644743 0.092308177187
385 1785749545.442902565 1785749545.440498829 -0.002403736 0.002730721825 -0.004779999628 0.043983541572 -0.064633658330 0.025029876396 -0.000038801966 0.024959633625 0.085975848266
386 1785749545.472905874 1785749545.473823309 0.000917435 0.004364326258 -0.008203691994 0.047191290051 -0.059979018108 0.019203398463 0.000263391358 0.033224481647 0.085927611651
387 1785749545.512904644 1785749545.507135630 -0.005769014 0.012802191912 -0.015020560026 0.057464655917 -0.063049160737 0.006176670957 0.000311536436 0.041480167695 0.097086298321
388 1785749545.542910814 1785749545.540515423 -0.002395391 0.024331071146 -0.025772902900 0.065549082258 -0.066046500611 -0.010052456905 0.000284570055 0.042744031423 0.108826701996
389 1785749545.582900763 1785749545.573858976 -0.009041786 0.034753288054 -0.036214506633 0.077777466063 -0.074612460588 -0.016524409792 0.000384126801 0.039257314657 0.126293212208
390 1785749545.612991333 1785749545.607155561 -0.005835772 0.036548870002 -0.038877565079 0.079285032703 -0.072500559020 -0.009788693386 0.000455347135 0.031267952130 0.124352093362
391 1785749545.642989159 1785749545.640484095 -0.002505064 0.038239251653 -0.041886653247 0.079910847849 -0.068970170971 -0.009837350556 0.000445110375 0.032764319248 0.124618748108
392 1785749545.682959557 1785749545.673873186 -0.009086370 0.029537236513 -0.035225248490 0.081100560896 -0.062405155935 -0.014790919400 0.000494610009 0.048037905546 0.122929358747
393 1785749545.712992668 1785749545.707134724 -0.005857944 0.027994511613 -0.029785452895 0.086079261941 -0.056652879917 -0.022116058881 0.000438952285 0.071220587695 0.133610399576
394 1785749545.742992163 1785749545.740483522 -0.002508640 0.020748533984 -0.020799477006 0.078381460583 -0.051958697695 -0.028510119016 0.000774434627 0.083601814742 0.132322218841
395 1785749545.782992840 1785749545.773864746 -0.009128094 0.025954623747 -0.015143151330 0.072748926434 -0.050229497727 -0.046406232290 0.005359099736 0.111453880289 0.152717359989
396 1785749545.812993526 1785749545.807132959 -0.005860567 0.026010173637 -0.011113486548 0.057881455502 -0.053917413214 -0.063991074576 0.025630846656 0.130745476629 0.170010489792
397 1785749545.853081226 1785749545.840471983 -0.012609243 0.040008077527 -0.010844802352 0.038896611391 -0.069236837076 -0.073445433016 0.075489577635 0.135540491966 0.193620956811
398 1785749545.882993460 1785749545.873871326 -0.009122133 0.042369360590 -0.013698548485 0.019811399907 -0.075575371468 -0.062950137368 0.092598472589 0.110749938523 0.181355140786
399 1785749545.912979364 1785749545.907182693 -0.005796671 0.034561240558 -0.018771875336 0.012487000524 -0.076535477350 -0.039794148175 0.081892412381 0.082282387861 0.150402127360
400 1785749545.952977419 1785749545.940565109 -0.012412310 0.035298030090 -0.029075416506 0.024746510501 -0.078374599453 -0.016266242659 0.062144424220 0.063444674483 0.130376551675
401 1785749545.983070135 1785749545.973866940 -0.009203196 0.024853232697 -0.031371065338 0.033282998129 -0.069612984824 -0.010387309513 0.043820263942 0.062143817887 0.115954811754
402 1785749546.012980461 1785749546.007160425 -0.005820036 0.025444821119 -0.033853819850 0.044928950295 -0.059213102520 -0.023801448559 0.026854972179 0.075867360460 0.119841048861
403 1785749546.052980661 1785749546.040502787 -0.012477875 0.036326723956 -0.030641399480 0.051902123903 -0.049022042659 -0.045030202142 0.017440094750 0.100097815973 0.140381502129
404 1785749546.082986593 1785749546.073866606 -0.009119987 0.031884858651 -0.019593452272 0.045286723989 -0.042439371329 -0.045715986346 0.018684289501 0.099688132049 0.132775422970
405 1785749546.112983227 1785749546.107219458 -0.005763769 0.036816230411 -0.011090562841 0.035306522846 -0.036763452181 -0.047289659674 0.030253223181 0.104592995702 0.134787987419
406 1785749546.152981758 1785749546.140480995 -0.012500763 0.042639045726 -0.005114943191 0.024394375794 -0.035048751864 -0.044732050322 0.041706819312 0.103886737820 0.134909676599
407 1785749546.182986021 1785749546.190492868 0.007506847 0.024000858944 -0.003567642247 0.019038805247 -0.035063315321 -0.026516000986 0.025468126926 0.070919933949 0.092531304522
408 1785749546.222985506 1785749546.223884583 0.000899076 0.017181926075 -0.003866157737 0.017658736686 -0.035297711498 -0.024673219496 0.028688867611 0.071342130764 0.091593906373
409 1785749546.252980232 1785749546.257184982 0.004204750 0.009812184963 -0.005332790080 0.015137437693 -0.035308896774 -0.024526642992 0.032869705576 0.064019026292 0.085912672660
410 1785749546.282984495 1785749546.290504932 0.007520437 0.002454152665 -0.005217484529 0.010768183497 -0.035271739111 -0.015223557353 0.033979990133 0.054876083116 0.076099114922
411 1785749546.322980404 1785749546.323933840 0.000953436 -0.000848703675 -0.009695530299 -0.001774946752 -0.033903939575 -0.013076955571 0.056929047418 0.046352612868 0.082509630268
412 1785749546.352982759 1785749546.357150793 0.004168034 -0.003208709213 -0.017419597048 -0.001698036649 -0.030172992009 -0.012865572313 0.047515414506 0.040401536456 0.072681171331
413 1785749546.382982254 1785749546.390472651 0.007490396 -0.004159639797 -0.020612121910 0.004992365111 -0.025705102313 -0.013992381575 0.029974779161 0.047244750536 0.066739634014
414 1785749546.423242331 1785749546.423861027 0.000618696 -0.000625117809 -0.019086912465 0.012716001494 -0.021373673935 -0.024918323468 0.018912433897 0.056506686432 0.071797216124
415 1785749546.452981472 1785749546.457167864 0.004186392 0.008972116666 -0.011832278579 0.017085070431 -0.017251934793 -0.025744900761 0.013135880726 0.062222415806 0.074276583698
416 1785749546.492984295 1785749546.490491152 -0.002493143 0.016969931818 -0.004368444641 0.016224533925 -0.013938645178 -0.020199351637 0.011222063330 0.064093606499 0.073529056372
417 1785749546.522984266 1785749546.523860455 0.000876188 0.023240194324 0.000759452061 0.013012614623 -0.016089531571 -0.011935959654 0.012973187135 0.054083443423 0.064843458690
418 1785749546.552986145 1785749546.557170153 0.004184008 0.025080498175 0.001355031943 0.011005799727 -0.018776381893 -0.008882354362 0.012074580986 0.042148049505 0.055728784725
419 1785749546.592984438 1785749546.590491295 -0.002493143 0.024882413093 0.001333320614 0.009105299358 -0.020928825771 -0.006232529908 0.010013681661 0.040719162875 0.054212571646
420 1785749546.622986794 1785749546.623884201 0.000897408 0.016753630589 0.001316276383 0.006615327980 -0.022956928161 -0.003875559920 0.009180911316 0.040716946560 0.051091865016
421 1785749546.652982712 1785749546.657172203 0.004189491 0.008925563803 -0.000822241973 0.005944232446 -0.024929371880 -0.004073754358 0.010553139111 0.039423114820 0.049186334022
422 1785749546.692981482 1785749546.690488338 -0.002493143 0.003688310344 -0.005210598817 0.005643983997 -0.026583799430 -0.003896451011 0.012257469129 0.037423889058 0.048428114488
423 1785749546.722985744 1785749546.723877192 0.000891447 0.002162625620 -0.009922243211 0.005642750875 -0.027403325437 -0.008992300417 0.014643451638 0.036697836349 0.050278564794
424 1785749546.762985945 1785749546.757176161 -0.005809784 0.002607311277 -0.008957767964 0.005351489643 -0.027493954973 -0.012608702296 0.013766309889 0.041557471965 0.054287289656
425 1785749546.792990923 1785749546.790495157 -0.002495766 0.002708374710 -0.005936500069 0.005187848226 -0.025885446941 -0.008150101804 0.011020471704 0.043000005898 0.052691772816
426 1785749546.823123932 1785749546.823851347 0.000727415 0.004577270740 -0.001984301792 0.005881052659 -0.025547195952 -0.005668091234 0.013627356028 0.038259160173 0.048925763051
427 1785749546.862989902 1785749546.857193708 -0.005796194 0.006464328251 0.002127864186 0.009723431950 -0.024544178689 -0.009187457530 0.013874643854 0.040545535358 0.051615237455
428 1785749546.892985106 1785749546.890476704 -0.002508402 0.005580720160 0.005393432315 0.010319286075 -0.020322141425 -0.010856029446 0.010683142566 0.047669990420 0.055534867821
429 1785749546.922990561 1785749546.923984051 0.000993490 0.004908926629 0.008937765879 0.009266652810 -0.017033209360 -0.011243916725 0.009880538608 0.058902095823 0.064602553307
430 1785749546.962985039 1785749546.957162380 -0.005822659 0.009253509798 0.008912407642 0.008015589175 -0.019250062881 -0.011341451372 0.010065584892 0.055543320880 0.062568986384
431 1785749546.992979527 1785749546.990483284 -0.002496243 0.009802268717 0.007674150652 0.007451708839 -0.022728980516 -0.007928431938 0.007602399736 0.045820329424 0.054288771246
432 1785749547.022981882 1785749547.023839951 0.000858068 0.009775332329 0.005326996590 0.006735707606 -0.024044057078 -0.005512788477 0.005058551299 0.039765488210 0.048833331682
433 1785749547.062982082 1785749547.057152510 -0.005829573 0.007907552319 0.003655064058 0.006367650273 -0.024727217501 -0.004938220762 0.003801764672 0.042845936965 0.051014555625
434 1785749547.092982531 1785749547.090477228 -0.002505302 0.002920900298 0.002449857072 0.006286284136 -0.025504527234 -0.005219002724 0.003270714830 0.039371627335 0.047881022752
435 1785749547.132987738 1785749547.123856306 -0.009131432 0.000706189353 -0.002181184544 0.006080028875 -0.026526394422 -0.005082214160 0.003282440216 0.041936252470 0.050409574560
436 1785749547.162982702 1785749547.157165289 -0.005817413 -0.000514722043 -0.005288536036 0.006043530436 -0.026934145988 -0.004756772067 0.003138342072 0.037305476098 0.047057206151
437 1785749547.192982674 1785749547.190478325 -0.002504349 -0.001119416817 -0.006993499693 0.006090275479 -0.027267853205 -0.004320161300 0.002936347823 0.032066474146 0.043431947943
438 1785749547.233611345 1785749547.223917007 -0.009694338 -0.000770013889 -0.006225579409 0.008522274187 -0.027703266910 -0.004087363020 0.004912553527 0.027723730128 0.041096177998
439 1785749547.262897730 1785749547.257167101 -0.005730629 -0.001221469431 0.000626285060 0.009928985405 -0.027748287465 -0.003896473431 0.009514476157 0.025511895415 0.040336100436
440 1785749547.293131590 1785749547.290495157 -0.002636433 -0.001623080724 0.007999978498 0.009509921971 -0.027489022167 -0.003768531505 0.017152036145 0.024841518165 0.042874400299
441 1785749547.333021164 1785749547.323962927 -0.009058237 -0.001951794069 0.017264798481 0.007752518366 -0.022245790613 -0.003180661659 0.026351783246 0.025703153921 0.047138569325
442 1785749547.362906694 1785749547.357237101 -0.005669594 -0.002029122802 0.017447605104 0.006621866759 -0.018058583094 -0.003115989507 0.026280209612 0.029127562726 0.047193977626
443 1785749547.402896643 1785749547.390491724 -0.012404919 -0.002020068055 0.015298197942 0.006382714893 -0.015607354916 -0.003118120036 0.019935419878 0.031278464135 0.043679858848
444 1785749547.433064699 1785749547.423856497 -0.009208202 -0.002043909913 0.011914063975 0.001509468608 -0.015937421674 -0.003094950534 0.011109187460 0.033117023623 0.040399658559
445 1785749547.462901354 1785749547.457224131 -0.005677223 -0.002121365238 0.010048084372 -0.003515857308 -0.015739447312 -0.004817876035 0.010291901358 0.032855071034 0.039675515120
446 1785749547.503087044 1785749547.490483999 -0.012603045 -0.002276877447 0.006106263100 -0.005314327451 -0.015261465609 -0.011360435751 0.011000308128 0.031233247775 0.039105077352
447 1785749547.532918215 1785749547.523860216 -0.009057999 -0.002351809335 0.005415988143 -0.005963225265 -0.012605964193 -0.012865391661 0.011629380198 0.032325683183 0.039686835388
448 1785749547.562917233 1785749547.557129622 -0.005787611 -0.002317987189 0.005139552022 -0.012293266907 -0.013137008299 -0.012638920473 0.020122370297 0.031062349991 0.043416761071
449 1785749547.602891445 1785749547.590459108 -0.012432337 -0.002532245065 0.005577642021 -0.020187620698 -0.014898189442 -0.010024329866 0.031278987823 0.029613655674 0.051213760891
450 1785749547.632908583 1785749547.623915434 -0.008993149 -0.003075263611 0.008314446082 -0.021994152599 -0.018067758493 -0.007259466719 0.031684379082 0.030468643683 0.053607013423
451 1785749547.662876844 1785749547.657146454 -0.005730391 -0.003456235371 0.010905295782 -0.016975480088 -0.021804431267 -0.005723028941 0.027254849203 0.029637665022 0.050482098207
452 1785749547.702879906 1785749547.690491915 -0.012387991 -0.003505896760 0.015021816072 -0.012241134411 -0.023803577394 -0.004882141851 0.021735240326 0.028296275626 0.047448257438
453 1785749547.733179569 1785749547.723865032 -0.009314537 -0.003519352289 0.018101512809 -0.008802220612 -0.025356175129 -0.004402920507 0.018615964826 0.029677870032 0.048033125408
454 1785749547.772939205 1785749547.757156372 -0.015782833 -0.003544469933 0.019071621501 -0.012395970078 -0.025949600155 -0.004175727998 0.023242445767 0.031761202250 0.052628450424
455 1785749547.803115368 1785749547.807130814 0.004015446 -0.003513227019 0.015624031876 -0.013185663871 -0.026058324658 -0.004107454013 0.020096237307 0.031004156164 0.049913312690
456 1785749547.832906723 1785749547.840472937 0.007566214 -0.003670619839 0.012723629685 -0.011828254865 -0.026035700921 -0.004117840341 0.018115195438 0.029704296040 0.047123154140
457 1785749547.872988939 1785749547.873844385 0.000855446 -0.003681006167 0.010943673452 -0.007737650707 -0.026078311499 -0.004077486884 0.012519536429 0.027484546379 0.042450304422
458 1785749547.903109074 1785749547.907185078 0.004076004 -0.003741277537 0.010642716043 -0.004272849222 -0.025986166125 -0.004106781656 0.009534835335 0.026339989501 0.040278734093
459 1785749547.933016300 1785749547.940475464 0.007459164 -0.003826765008 0.009929225114 -0.001861161106 -0.025609595147 -0.004079084781 0.011052345653 0.025795344878 0.039708210996
460 1785749547.972901821 1785749547.973841429 0.000939608 -0.004312441662 0.009264369707 -0.001138325100 -0.023268900202 -0.004093998483 0.011396804192 0.025135097958 0.037756910871
461 1785749548.002903700 1785749548.007164240 0.004260540 -0.004404138333 0.009282439805 0.000078076174 -0.022148038568 -0.004051037660 0.008358761602 0.024405794975 0.035749467989
462 1785749548.042903900 1785749548.040495872 -0.002408028 -0.004387403080 0.010970043721 0.000641494675 -0.022238984700 -0.004093199535 0.006667554271 0.023831941378 0.035549220993
463 1785749548.072902441 1785749548.073879957 0.000977516 -0.004750531661 0.012260573585 0.000812410556 -0.023054840487 -0.004047841867 0.005000363708 0.023506652165 0.036042006791
464 1785749548.102895975 1785749548.107131481 0.004235506 -0.005894709595 0.013250486418 0.000860150067 -0.023395988699 -0.004091517709 0.005048685969 0.023465593532 0.036760018551
465 1785749548.142905235 1785749548.140477896 -0.002427340 -0.009202005423 0.014039873088 -0.000455283653 -0.024339373299 -0.004070478736 0.008707193615 0.023581626242 0.039024151880
466 1785749548.172905207 1785749548.173853397 0.000948191 -0.011290569810 0.012145067081 -0.001884297893 -0.025152634310 -0.004080865064 0.011071483720 0.023840612565 0.040234204742
467 1785749548.202898741 1785749548.207182407 0.004283667 -0.013057568723 0.010723564402 -0.001813965030 -0.025736754671 -0.004066750311 0.010725665052 0.024317957465 0.040915856935
468 1785749548.242907763 1785749548.240483284 -0.002424479 -0.012825501318 0.009602403968 -0.001528836997 -0.026166217565 -0.004080066116 0.007255940920 0.026391043171 0.041345987811
469 1785749548.272909880 1785749548.274014473 0.001104593 -0.011871712596 0.009656993566 -0.001387393070 -0.026188223344 -0.004050238712 0.004980905360 0.026633839937 0.040896433436
470 1785749548.302907944 1785749548.307137728 0.004229784 -0.010664941365 0.010762785376 -0.002289905025 -0.026206794675 -0.004061423988 0.004058610866 0.026915685294 0.040976089093
471 1785749548.342891216 1785749548.340513945 -0.002377272 -0.009845022450 0.011660337652 -0.004267183471 -0.026201468353 -0.004065433732 0.003038553965 0.027692448629 0.041596225941
472 1785749548.372899294 1785749548.373862505 0.000963211 -0.009590386250 0.011652484085 -0.004789255756 -0.026240756545 -0.004064102151 0.003128108348 0.026055598888 0.040552020789
473 1785749548.412941456 1785749548.407147169 -0.005794287 -0.009492761697 0.011784175497 -0.004577508497 -0.025267302239 -0.004069162157 0.003686463508 0.024687547923 0.039089545656
474 1785749548.442903519 1785749548.440490246 -0.002413273 -0.009456991409 0.011889348757 -0.002945684478 -0.024914628914 -0.004077935587 0.003878170313 0.023630475425 0.038082492353
475 1785749548.472909451 1785749548.473938704 0.001029253 -0.009428089545 0.011635591626 -0.001937275543 -0.024804541903 -0.004088321915 0.004038938971 0.023175232848 0.037595385650
476 1785749548.512903452 1785749548.507143974 -0.005759478 -0.009598671579 0.011089516469 -0.000836252867 -0.024743889362 -0.004027350528 0.004172381159 0.023150893992 0.037385337509
477 1785749548.542903185 1785749548.540487528 -0.002415657 -0.010066182943 0.010083001819 -0.000255037115 -0.024436189266 -0.004080066116 0.004350249843 0.023002932407 0.036944470046
478 1785749548.572897196 1785749548.573884487 0.000987291 -0.010827818880 0.010133226766 -0.000142740309 -0.024124277850 -0.004027350528 0.003618046463 0.022945108519 0.036847156205
479 1785749548.612895489 1785749548.607341766 -0.005553722 -0.011175390933 0.010866690861 -0.000388342822 -0.023598489729 -0.004064353466 0.003562383108 0.022797755047 0.036728204940
480 1785749548.642889023 1785749548.640498877 -0.002390146 -0.011054964919 0.011144488093 -0.000321337548 -0.024668611266 -0.004083261909 0.003475730495 0.022814261487 0.037473987796
481 1785749548.672896862 1785749548.673866034 0.000969172 -0.010874841434 0.011120075602 -0.000216024021 -0.024863124291 -0.004062504255 0.003182795411 0.022786437547 0.037496609674
482 1785749548.712903500 1785749548.707141638 -0.005761862 -0.010634865751 0.010038596268 -0.000765701325 -0.024942874738 -0.004064353466 0.003202746617 0.023002189230 0.037316006588
483 1785749548.742905855 1785749548.740514517 -0.002391338 -0.010620907120 0.008885857677 -0.001567210547 -0.025203087179 -0.004031078954 0.003117148952 0.023510579182 0.037525024124
484 1785749548.782881498 1785749548.773895741 -0.008985758 -0.010566692093 0.008300083624 -0.004111701038 -0.025031520544 -0.004025752632 0.004004166729 0.023492819458 0.037525752193
485 1785749548.812885523 1785749548.807152033 -0.005733490 -0.010572999750 0.008211569615 -0.009610097075 -0.024965947720 -0.004079533484 0.011555792054 0.023518239053 0.039976958391
486 1785749548.842900991 1785749548.840490818 -0.002410173 -0.011354231490 0.008233267812 -0.014047865160 -0.024642610433 -0.004074207162 0.018509977810 0.023309988280 0.043633473758
487 1785749548.882899761 1785749548.873912811 -0.008986950 -0.012085971096 0.008214625684 -0.013567527501 -0.024073826755 -0.004054766086 0.017224156705 0.023342890044 0.042839011746
488 1785749548.912890911 1785749548.907163143 -0.005727768 -0.012139421367 0.008231137283 -0.008050255668 -0.023261582829 -0.004064901100 0.009369551076 0.023465867133 0.038418535276
489 1785749548.942894220 1785749548.940524340 -0.002369881 -0.011518929159 0.009218371099 -0.003658630920 -0.023189623623 -0.004059826092 0.007026732896 0.023686397031 0.037359214206
490 1785749548.982878685 1785749548.973846197 -0.009032488 -0.010919096148 0.014566264884 -0.002969248477 -0.024343427479 -0.004024421051 0.005864391449 0.025012631094 0.040112845790
491 1785749549.012897730 1785749549.007136106 -0.005761623 -0.010881014341 0.016634542775 -0.002465209457 -0.023767504399 -0.004071277685 0.004927233890 0.027293651543 0.041855374324
492 1785749549.052907228 1785749549.040509701 -0.012397528 -0.011695200351 0.014586614330 -0.000816205290 -0.023421728174 -0.004087789283 0.004601526900 0.026926772438 0.040764270085
493 1785749549.082900524 1785749549.073889732 -0.009010792 -0.012847817867 0.011475546773 0.000170817151 -0.023654870167 -0.003959173604 0.004681901363 0.025756010150 0.039462690907
494 1785749549.112902641 1785749549.107156754 -0.005745888 -0.014236871559 0.012435672453 0.000889943381 -0.023157244023 -0.003700299345 0.004434448196 0.024809671251 0.039284357507
495 1785749549.152901173 1785749549.140516520 -0.012384653 -0.016516464717 0.013706304067 0.000457919591 -0.021395516180 -0.002383632502 0.003590664448 0.024520443960 0.039223219245
496 1785749549.182903528 1785749549.173978329 -0.008925200 -0.016945770404 0.011864799283 0.000600803353 -0.020871451693 -0.002415057803 0.003531272194 0.024377250745 0.038424781046
497 1785749549.212898016 1785749549.207165003 -0.005733013 -0.016939331263 0.011871298109 -0.000140244185 -0.019768877822 -0.002367919851 0.003523971938 0.024366740168 0.037821426602
498 1785749549.252899408 1785749549.240503788 -0.012395620 -0.016825847574 0.012678437971 -0.001950564032 -0.019302990308 -0.002370050380 0.003273409250 0.024290226308 0.037770484665
499 1785749549.282890320 1785749549.273879766 -0.009010553 -0.014728306935 0.011739309767 -0.001492922221 -0.021088153345 -0.002411329377 0.003290889051 0.024282576753 0.037522812276
500 1785749549.322900295 1785749549.323888063 0.000987768 -0.012679444479 0.010104957648 -0.001285644671 -0.023489780510 -0.002409997797 0.003325434190 0.024311338893 0.037738693044
501 1785749549.352894306 1785749549.357160807 0.004266500 -0.012844053557 0.009790163537 -0.000856358959 -0.024735797271 -0.002236892326 0.003320528910 0.024287324492 0.038461848131
502 1785749549.382901907 1785749549.390483856 0.007581949 -0.013181091087 0.009749277448 -0.001106802488 -0.024576433852 -0.002188955426 0.003031073754 0.024220618399 0.038400950187
503 1785749549.422915936 1785749549.423925400 0.001009464 -0.014176406243 0.009761388265 -0.000087124889 -0.023800308589 -0.002179101730 0.003020126659 0.024240620242 0.038264798361
504 1785749549.452890158 1785749549.457158327 0.004268169 -0.014549917345 0.009753931414 0.000374393000 -0.023259830420 -0.002085107145 0.003004801758 0.024292737086 0.038098723529
505 1785749549.482946396 1785749549.490497589 0.007551193 -0.013865117217 0.009764317742 0.000922573818 -0.021670507556 -0.001847020544 0.002960958531 0.024570832057 0.037066831061
506 1785749549.522888422 1785749549.523841858 0.000953436 -0.013109278219 0.009712302172 0.001479474140 -0.019335481793 -0.001879496107 0.003033072059 0.025052574922 0.035813338727
507 1785749549.552883148 1785749549.557195425 0.004312277 -0.012377348610 0.009950388773 0.001637453992 -0.018867884792 -0.001847271858 0.003059779625 0.026937923223 0.036733005590
508 1785749549.592888117 1785749549.590474129 -0.002413988 -0.011744400002 0.010701666517 0.000775431409 -0.017463415923 -0.001886952958 0.003039012127 0.032367929519 0.040230682752
509 1785749549.622913837 1785749549.623891354 0.000977516 -0.011387278028 0.010671965705 0.000378058244 -0.018587519197 -0.001820655249 0.003072897569 0.032683974271 0.040868073235
510 1785749549.652897835 1785749549.657170773 0.004272938 -0.011191062117 0.010813632742 0.000562163339 -0.020558334634 -0.001841694222 0.002975232223 0.030396664560 0.040016705708
511 1785749549.692907810 1785749549.690501451 -0.002406359 -0.011102421515 0.012444861573 0.000752913204 -0.021273541811 -0.001869109779 0.002976637416 0.031530477041 0.041686853164
512 1785749549.722901344 1785749549.723950863 0.001049519 -0.011104818360 0.013743295594 0.000513546155 -0.022933218828 -0.001851799232 0.002991799617 0.031447861176 0.042892183647
513 1785749549.752911568 1785749549.757192373 0.004280806 -0.011094558624 0.013483638242 0.001190579911 -0.024752885692 -0.001829709997 0.003019872056 0.029811465182 0.042663936575
514 1785749549.792887926 1785749549.790490627 -0.002397299 -0.011117601533 0.011800819858 0.001150358250 -0.025362304687 -0.001842211852 0.003009178618 0.028880073681 0.041880040504
515 1785749549.822921038 1785749549.823911905 0.000990868 -0.011120910786 0.010525072754 0.000988620443 -0.026075880941 -0.001842211852 0.003013678331 0.026649881874 0.040473113988
516 1785749549.862906218 1785749549.857156515 -0.005749702 -0.011308929959 0.010603691259 0.000998304884 -0.026199772330 -0.001848070807 0.002840398897 0.027287065518 0.041034400497
517 1785749549.892907381 1785749549.890547514 -0.002359867 -0.011763531557 0.010688810148 0.001143430766 -0.026156629121 -0.001388142886 0.002790604813 0.026297739913 0.040489425266
518 1785749549.922890663 1785749549.923925161 0.001034498 -0.012229347962 0.010425001932 0.001356424592 -0.026056773712 -0.000463227040 0.002798061664 0.025060223215 0.039687422148
519 1785749549.962903261 1785749549.957213640 -0.005689621 -0.012784955559 0.010702092073 0.001418839623 -0.026032678670 -0.000195845666 0.002797331170 0.026562073481 0.040879218349
520 1785749549.992883444 1785749549.990480900 -0.002402544 -0.012706734082 0.011484698056 0.001452689903 -0.026093748988 0.001096571409 0.002835275122 0.028901146538 0.042671664483
521 1785749550.022909880 1785749550.023939371 0.001029491 -0.012594312080 0.011275994818 0.001492972563 -0.026100490820 0.001759979838 0.002813513156 0.027788353424 0.041862098793
522 1785749550.062884092 1785749550.057294369 -0.005589724 -0.012427703185 0.012104268844 0.001500429414 -0.026115404522 0.001925362142 0.002798518341 0.026636090677 0.041306740653
523 1785749550.092887878 1785749550.090478897 -0.002408981 -0.012880727947 0.012546526105 0.001505096512 -0.026151552716 0.002220440391 0.002791385944 0.025117426182 0.040658391308
524 1785749550.132904768 1785749550.124017954 -0.008886814 -0.012813722673 0.011822006023 0.000661980977 -0.025709341383 0.002236951990 0.002847226528 0.024810953486 0.039925603744
525 1785749550.162875414 1785749550.157187939 -0.005687475 -0.012235055227 0.010705626146 -0.000954896314 -0.025711289525 0.002276100458 0.002824982567 0.025282082608 0.039732028697
526 1785749550.192872524 1785749550.190491438 -0.002381086 -0.011687433305 0.009387044812 -0.002266734732 -0.025480659775 0.002239531222 0.002808552081 0.027300282777 0.040463856972
527 1785749550.232920647 1785749550.223929644 -0.008991003 -0.011484559491 0.009199211291 -0.005354095575 -0.024122768334 0.002238199641 0.002579508018 0.036335163565 0.046465066417
528 1785749550.262908697 1785749550.257223845 -0.005684853 -0.011470908442 0.009179896807 -0.008309696934 -0.024382701326 0.002255061485 0.002479919849 0.038216985666 0.048489099096
529 1785749550.292902708 1785749550.290544271 -0.002358437 -0.011477033713 0.009411325506 -0.008174687569 -0.024956169043 0.002238199641 0.002340181244 0.034352005604 0.045830966777
530 1785749550.332900047 1785749550.323922157 -0.008977890 -0.011403628924 0.009587233862 -0.005566771263 -0.025268761828 0.002232074370 0.002232664544 0.031072403536 0.043207849760
531 1785749550.362901688 1785749550.357180357 -0.005721331 -0.011399550254 0.010677924921 -0.003465375606 -0.024703456658 0.002238998589 0.002386717162 0.027711224360 0.040556860265
532 1785749550.402890682 1785749550.390463829 -0.012426853 -0.011324169663 0.012007628121 -0.001248966125 -0.022951376109 0.002244857544 0.002373487628 0.025739370487 0.038391842301
533 1785749550.432886839 1785749550.423969030 -0.008917809 -0.011304056230 0.012113444207 0.000199112369 -0.023006651738 0.002228345945 0.002396477086 0.024505321080 0.037617579362
534 1785749550.462993622 1785749550.457135916 -0.005857706 -0.011310714133 0.011035629034 -0.000422511550 -0.023073851134 0.002255510188 0.002394995937 0.024931068612 0.037612232032
535 1785749550.502884150 1785749550.490464926 -0.012419224 -0.011306186759 0.009653583802 -0.003783627559 -0.019284059985 0.002211301714 0.002394092900 0.036499828179 0.044159612084
536 1785749550.532906055 1785749550.523912907 -0.008993149 -0.011292520708 0.008940821025 -0.005742155079 -0.020004980646 0.002152712170 0.002410980062 0.036455054000 0.044497739907
537 1785749550.562890768 1785749550.557168722 -0.005722046 -0.011303705985 0.007900103599 -0.005646559644 -0.022417163394 0.002047783623 0.002261136446 0.031572792873 0.041602231454
538 1785749550.603305817 1785749550.590464592 -0.012841225 -0.011312760733 0.006107335747 -0.003499848128 -0.024167506010 0.002049381520 0.002198259107 0.027125378177 0.038812547429
539 1785749550.632879972 1785749550.623895407 -0.008984566 -0.011290123863 0.005842351218 -0.000887730910 -0.025062747851 0.002021684644 0.002327257377 0.025873223960 0.038333489463
540 1785749550.662882328 1785749550.657137394 -0.005744934 -0.011311961784 0.005862997283 0.004033173911 -0.025276442168 0.002027809915 0.002343753974 0.025357646243 0.038342087264
541 1785749550.703076601 1785749550.690464258 -0.012612343 -0.011313559681 0.006454878269 0.007700425999 -0.025369958519 0.002062963641 0.002348522345 0.025044587410 0.038853522063
542 1785749550.733009338 1785749550.723970413 -0.009038925 -0.011311162836 0.008234668826 0.008403391730 -0.025410073794 0.002050979416 0.002320764517 0.024868020753 0.039243495497
543 1785749550.772907495 1785749550.757225037 -0.015682459 -0.011280536483 0.010340163983 0.008958359766 -0.025503787534 0.002035266766 0.002334952883 0.024760514371 0.039843974080
544 1785749550.802905321 1785749550.807173729 0.004268408 -0.011284264909 0.009846689558 0.008175361729 -0.025662199690 0.002035266766 0.003307706698 0.024732146062 0.039704398313
545 1785749550.832904816 1785749550.840481520 0.007576704 -0.011274411213 0.008964454543 0.007217651001 -0.025868619543 0.002019554115 0.004675384327 0.025845464146 0.040282497326
546 1785749550.872895718 1785749550.873961687 0.001065969 -0.011289591231 0.007875539961 0.005276586342 -0.026011614895 0.002029940444 0.004502983986 0.027938035438 0.041217190829
547 1785749550.902904510 1785749550.907226801 0.004322290 -0.011270809379 0.007765595940 0.004484435642 -0.026067232299 0.002045653094 0.004000304772 0.028002772190 0.041125281425
548 1785749550.932910681 1785749550.940491199 0.007580519 -0.011292520708 0.007794890712 0.004021016082 -0.026074562558 0.002021684644 0.003608430900 0.028251806694 0.041226269440
549 1785749550.972906351 1785749550.974111080 0.001204729 -0.011248565418 0.007789283072 0.003578525300 -0.026104796003 0.002017283862 0.003243650474 0.027389637695 0.040574035146
550 1785749551.002887249 1785749551.007223606 0.004336357 -0.011260423051 0.007737870930 0.003531273889 -0.026007856939 0.002077877343 0.003098468324 0.026025060552 0.039582472745
551 1785749551.042903900 1785749551.040502787 -0.002401114 -0.011279864127 0.007740267775 0.003553111810 -0.024275077742 0.002143124790 0.003087109085 0.024958832033 0.037763972324
552 1785749551.072906971 1785749551.073864937 0.000957966 -0.011246168573 0.008756558182 0.003659370542 -0.023538108875 0.002158837440 0.002997971013 0.025102161164 0.037607899241
553 1785749551.102905273 1785749551.107313395 0.004408121 -0.011214337232 0.010210476278 0.003445461041 -0.023896269849 0.002125814243 0.003007720620 0.025268395372 0.038274996722
554 1785749551.142896891 1785749551.140513897 -0.002382994 -0.011246967521 0.010694939473 0.002920788776 -0.024379316680 0.002140727945 0.002954208426 0.025966046043 0.039131875860
555 1785749551.172892332 1785749551.173918009 0.001025677 -0.011223798020 0.011328233976 0.002904977668 -0.025450830255 0.002155109015 0.003030592855 0.025604020208 0.039747717188
556 1785749551.202878952 1785749551.207206488 0.004327536 -0.011281462024 0.015214310169 0.002935799540 -0.024131270539 0.002627553792 0.003168452224 0.025346259011 0.040113086771
557 1785749551.242896795 1785749551.240503788 -0.002393007 -0.013862584620 0.016400347368 0.003269138717 -0.023688561309 0.002620895890 0.003134358603 0.024857151152 0.040835635338
558 1785749551.272897720 1785749551.274042845 0.001145124 -0.014158297224 0.014730278277 0.003367940597 -0.024940999186 0.002925028886 0.003145528405 0.024687655939 0.040972740223
559 1785749551.312913656 1785749551.307180882 -0.005732775 -0.013325189097 0.012599838308 0.003288313477 -0.025472459754 0.002894402534 0.002819164084 0.024704476989 0.040281661296
560 1785749551.342881203 1785749551.340559006 -0.002322197 -0.011785428933 0.010897207542 0.003312449785 -0.026262552661 0.002896533062 0.002588709196 0.024897330172 0.039916260246
561 1785749551.372892618 1785749551.373944283 0.001051664 -0.011038914807 0.009833908500 0.003883964155 -0.026489618578 0.002894402534 0.002568722829 0.025918384715 0.040275141660
562 1785749551.412894011 1785749551.407187223 -0.005706787 -0.010899115248 0.011490496422 0.004301015182 -0.026630077361 0.002888277263 0.002524341338 0.026758163290 0.041342420351
563 1785749551.442895889 1785749551.440516233 -0.002379656 -0.010868138650 0.012839543637 0.004322726511 -0.026713265049 0.003023832163 0.002501919202 0.029208860347 0.043402943402
564 1785749551.472897291 1785749551.473984003 0.001086712 -0.010846567046 0.012901210310 0.004348222060 -0.026846673021 0.003235020837 0.002546898490 0.030257586782 0.044229105136
565 1785749551.512911081 1785749551.507191658 -0.005719423 -0.010817903364 0.012033607680 0.004363430213 -0.026898968040 0.003256858758 0.002572094431 0.030304651745 0.044045697496
566 1785749551.542903185 1785749551.540593624 -0.002309561 -0.010803788610 0.010777456378 0.004425453732 -0.026912998865 0.003229288474 0.002602946780 0.029418825976 0.043121230510
567 1785749551.582903147 1785749551.573983908 -0.008919239 -0.010789673856 0.009424178491 0.004636167439 -0.026962757314 0.003284555633 0.002440528169 0.027084678983 0.041280029696
568 1785749551.612911463 1785749551.607296944 -0.005614519 -0.010812325727 0.009023208154 0.005865188148 -0.026948782285 0.003271772460 0.002133657903 0.025313939274 0.040187242805
569 1785749551.642904043 1785749551.640502691 -0.002401352 -0.010764837531 0.009009542103 0.007252456894 -0.026952637302 0.003301067232 0.002153035683 0.023896941467 0.039530909217
570 1785749551.682903051 1785749551.673979759 -0.008923292 -0.010779302530 0.010594389268 0.008311035293 -0.026941452026 0.003271772460 0.002215840806 0.023878404352 0.040114115119
571 1785749551.712917089 1785749551.707249641 -0.005667448 -0.010796613077 0.012382968256 0.009315106085 -0.027486334785 0.003273370357 0.002175436713 0.023783979331 0.041149723076
572 1785749551.742970467 1785749551.740495682 -0.002474785 -0.010790206488 0.013315919515 0.010755558785 -0.028391682963 0.003294143013 0.002202661909 0.023786579174 0.042391230477
573 1785749551.782909155 1785749551.773908854 -0.009000301 -0.010795814128 0.012525196914 0.011709147638 -0.030539788699 0.003247131654 0.002188478701 0.023826069440 0.043888812704
574 1785749551.812891483 1785749551.807239056 -0.005652428 -0.010790754122 0.011188885860 0.011409382085 -0.033613735821 0.003268842983 0.002170282934 0.024062020354 0.045782803133
575 1785749551.842897415 1785749551.840562344 -0.002335072 -0.010744724098 0.009957613547 0.010254333844 -0.037717667061 0.003275500886 0.002147617931 0.024064171043 0.048340484393
576 1785749551.882891178 1785749551.874008417 -0.008882761 -0.010747526983 0.009590705408 0.009976989435 -0.042687214246 0.003254588505 0.002190365890 0.024155555446 0.052231316781
577 1785749551.912916183 1785749551.907254934 -0.005661249 -0.010748325932 0.009575441460 0.011305036531 -0.043782698452 0.003256985350 0.002160969371 0.023948344619 0.053298640474
578 1785749551.952879429 1785749551.940515757 -0.012363672 -0.010746854627 0.009100599838 0.019077983203 -0.043582838898 0.003276426426 0.002175944026 0.023945006759 0.055232075305
579 1785749551.982899189 1785749551.973917246 -0.008981943 -0.010780550181 0.009118134039 0.022424604140 -0.043722828230 0.003266446138 0.002159143136 0.023958216132 0.056597145684
580 1785749552.012881994 1785749552.007284164 -0.005597830 -0.010740168590 0.009419197834 0.019863627000 -0.043974747184 0.003257784298 0.002156317748 0.023949363932 0.055868143643
581 1785749552.052893400 1785749552.040515900 -0.012377501 -0.010744724098 0.009849747053 0.016519966007 -0.045612607110 0.003271100104 0.002177658672 0.023908340934 0.056151018482
582 1785749552.082893610 1785749552.073844671 -0.009048939 -0.010758306220 0.009877976560 0.012822787285 -0.046413749147 0.003271899052 0.002179129503 0.023843404809 0.055820582574
583 1785749552.112895012 1785749552.107185841 -0.005709171 -0.010762833594 0.010079577855 0.009106603600 -0.047375987561 0.003010642949 0.001789330365 0.023846509172 0.055908609150
584 1785749552.152902842 1785749552.140517235 -0.012385607 -0.010751382001 0.011752169611 0.003673780156 -0.047510615836 0.002230869382 0.001615289960 0.023795285049 0.055662038354
585 1785749552.182899475 1785749552.173976183 -0.008923292 -0.010716200140 0.011797878921 0.000729042276 -0.047433765649 0.001183587849 0.001529783726 0.023703955495 0.055408836329
586 1785749552.222891092 1785749552.207259178 -0.015631914 -0.010774691227 0.011633157237 -0.000338685994 -0.047273645714 0.000726589406 0.001505602412 0.023751288966 0.055256267554
587 1785749552.252893686 1785749552.240558863 -0.012334824 -0.010703416967 0.010904279577 0.000550843690 -0.045066350042 0.000629384026 0.001539858259 0.023719802712 0.053199079984
588 1785749552.282891989 1785749552.290501118 0.007609129 -0.010702618019 0.009223040983 0.002103441425 -0.042598250235 0.000479448057 0.001501437470 0.023626398424 0.050787171547
589 1785749552.322889566 1785749552.323972940 0.001083374 -0.010705296182 0.008921304832 0.002842036865 -0.041867571544 0.000348420531 0.001510761349 0.023621630052 0.050155248676
590 1785749552.352878571 1785749552.357235909 0.004357338 -0.010730314894 0.008905241936 0.002978264121 -0.042103113106 0.000349219480 0.001512333927 0.023512180686 0.050311200848
591 1785749552.382876158 1785749552.390500546 0.007624388 -0.010712471715 0.008920954586 0.004401892978 -0.042418054869 0.000378247936 0.001524782330 0.023576253621 0.050708148153
592 1785749552.422897816 1785749552.423924923 0.001027107 -0.010696241434 0.008908171413 0.005601227877 -0.042677997186 0.000355877382 0.001529504750 0.024391910935 0.051419662084
593 1785749552.452890873 1785749552.457205772 0.004314899 -0.010707426711 0.008944991964 0.006390559293 -0.041988039136 0.000346822635 0.001522088692 0.026556832563 0.052021139379
594 1785749552.482882738 1785749552.490493536 0.007610798 -0.010738038061 0.008960704614 0.006593898209 -0.041672108964 0.000375318458 0.001486356382 0.027726584725 0.052409516955
595 1785749552.522904158 1785749552.523916006 0.001011848 -0.010691181428 0.009123438758 0.006568991086 -0.041574961249 0.000343094209 0.001487502760 0.028020507988 0.052503778796
596 1785749552.552895069 1785749552.557214022 0.004318953 -0.010715149878 0.009794022721 0.004677546549 -0.041557510978 0.000355078434 0.001522773235 0.028891133188 0.052884647812
597 1785749552.593011141 1785749552.590487719 -0.002523422 -0.009936175259 0.011228583671 -0.000041139332 -0.041573489944 0.000357601871 0.001532401408 0.029888364002 0.053375611139
598 1785749552.622907400 1785749552.623922110 0.001014709 -0.008468773498 0.011842175986 -0.002950435567 -0.041540649134 0.000160401358 0.001515078202 0.030003831007 0.053374515668
599 1785749552.652893066 1785749552.657326221 0.004433155 -0.007575534267 0.011799397550 -0.004587121432 -0.041586582096 -0.000210310665 0.001490647917 0.029334583104 0.053008339185
600 1785749552.692887783 1785749552.690582514 -0.002305269 -0.007035445198 0.011723694848 -0.003590480996 -0.042150766207 -0.001359464676 0.001504222537 0.028702802834 0.052957368475
601 1785749552.722906113 1785749552.723924637 0.001018524 -0.006924657696 0.011132206770 -0.001849399841 -0.043317792927 -0.002072392899 0.001520815250 0.027449579095 0.053026554286
602 1785749552.752892256 1785749552.757201195 0.004308939 -0.006782444894 0.010276449182 -0.000703795448 -0.044299887470 -0.002330186893 0.001505658207 0.026232058134 0.053013205676
603 1785749552.792937994 1785749552.790582180 -0.002355814 -0.006774988043 0.010003741487 0.000945276250 -0.044418021087 -0.002589845099 0.001499981640 0.025108208748 0.052528171872
604 1785749552.822908640 1785749552.823950529 0.001041889 -0.006775520675 0.009996284636 0.001590817174 -0.043490835841 -0.003058827767 0.001513673009 0.024680095251 0.051580729185
605 1785749552.862901211 1785749552.857308388 -0.005592823 -0.006796559648 0.011235719807 0.001870766537 -0.042538687678 -0.003044362768 0.001535115206 0.024226359140 0.050833212962
606 1785749552.893033504 1785749552.890502214 -0.002531290 -0.006825083606 0.011772080451 0.001980865284 -0.041853523319 -0.003358433390 0.001519379580 0.024098638052 0.050350142313
607 1785749552.922895432 1785749552.923974037 0.001078606 -0.006803512001 0.012367213025 0.001690719053 -0.041677310646 -0.003598117888 0.001508260415 0.023995179390 0.050299924681
608 1785749552.963068724 1785749552.957264662 -0.005804062 -0.006804843581 0.012340694874 0.000952837778 -0.041760698515 -0.003618007667 0.001503395455 0.023828930607 0.050265600540
609 1785749552.992891550 1785749552.990526199 -0.002365351 -0.006809370955 0.011946259114 0.000484662529 -0.041635309556 -0.003634519266 0.001471016480 0.023740203261 0.050017850912
610 1785749553.022902250 1785749553.023972034 0.001069784 -0.006814697277 0.010873550417 -0.000469623549 -0.041512863207 -0.003637730061 0.001525563461 0.023736206177 0.049670720380
611 1785749553.062879562 1785749553.057309389 -0.005570173 -0.006801885970 0.009562501935 -0.001299591990 -0.041478986662 -0.004394052809 0.001491799453 0.023711248418 0.049433377763
612 1785749553.092905045 1785749553.090576649 -0.002328396 -0.006792859357 0.008840852268 -0.001824150254 -0.041374437891 -0.005562381579 0.001491429048 0.023589431762 0.049285910586
613 1785749553.132910252 1785749553.124048471 -0.008861780 -0.006799783575 0.008603243900 -0.001436981342 -0.041443989058 -0.006716344281 0.001530179449 0.023581467597 0.049431349874
614 1785749553.162881136 1785749553.157322407 -0.005558729 -0.006831208876 0.007061189700 0.000183890378 -0.041772623137 -0.008636877731 0.001510862623 0.023563373103 0.049735526427
615 1785749553.193053246 1785749553.190577269 -0.002475977 -0.006818425703 0.005929612553 0.001126942527 -0.042815770204 -0.009729741439 0.001510781509 0.023564189869 0.050678721226
616 1785749553.232892752 1785749553.223987818 -0.008904934 -0.006820023600 0.005391121381 0.002018191496 -0.045938719490 -0.008446946791 0.001537778367 0.023596152961 0.053108474501
617 1785749553.262892008 1785749553.257268667 -0.005623341 -0.006481269509 0.005389074781 0.003144366862 -0.046018664913 -0.006920334575 0.001500204820 0.023583308834 0.052961945258
618 1785749553.292887926 1785749553.290587664 -0.002300262 -0.006215990530 0.005363158189 0.004703884466 -0.045533099307 -0.005967497657 0.001507692148 0.023595229763 0.052511053095
619 1785749553.332898140 1785749553.324028254 -0.008869886 -0.006273682668 0.006706190327 0.005169181371 -0.045459933486 -0.005566936627 0.001545920234 0.023608626682 0.052615643854
620 1785749553.362889767 1785749553.357254028 -0.005635738 -0.006247583690 0.006849019690 0.005717792555 -0.045021446229 -0.005410120498 0.001516214263 0.023562759358 0.052271761813
621 1785749553.392945290 1785749553.390585423 -0.002359867 -0.005938923319 0.006850351271 0.005985833153 -0.045337952008 -0.005251833537 0.001517563661 0.023589350649 0.052534754521
622 1785749553.432914972 1785749553.423919439 -0.008995533 -0.004933846324 0.006811118874 0.005951114997 -0.047211815332 -0.005174098764 0.001516006558 0.023612578288 0.054053019193
623 1785749553.463006735 1785749553.457307577 -0.005699158 -0.004404942531 0.006805259919 0.005860288072 -0.047823028055 -0.005101492924 0.001517746521 0.023527336026 0.054488204182
624 1785749553.502906799 1785749553.490498781 -0.012408018 -0.003500237179 0.006842544175 0.005925016019 -0.047905070127 -0.005047333692 0.001501584695 0.023627673904 0.054544210856
625 1785749553.532915115 1785749553.523922205 -0.008992910 -0.002859717406 0.006797004120 0.005946853940 -0.046820542110 -0.005036947364 0.001512622746 0.023602721303 0.053541131881
626 1785749553.562902689 1785749553.557165146 -0.005737543 -0.002941793900 0.006840413646 0.006001812119 -0.045145142576 -0.005027220260 0.001535647838 0.023574456160 0.052085863708
627 1785749553.602899551 1785749553.590491533 -0.012408018 -0.003209183744 0.006820173622 0.005943658146 -0.043440821514 -0.004989585759 0.001514443823 0.023600032823 0.050629998320
628 1785749553.632920504 1785749553.623948812 -0.008971691 -0.003455381758 0.006801265178 0.005909696276 -0.042417165572 -0.004986138652 0.001494426979 0.023541254788 0.049735529393
629 1785749553.662905693 1785749553.657183647 -0.005722046 -0.003608819234 0.006787431742 0.005889988884 -0.041577023031 -0.005014353157 0.001480045909 0.023561682831 0.049039991745
630 1785749553.702881813 1785749553.690470695 -0.012411118 -0.003624531885 0.006805792552 0.005930874973 -0.041381073436 -0.004949358894 0.001516026718 0.023569870176 0.048881057997
631 1785749553.732916117 1785749553.723893642 -0.009022474 -0.003248464008 0.006814048351 0.005973303164 -0.041298418381 -0.004961343119 0.001508346687 0.023678638265 0.048844563977
632 1785749553.762916088 1785749553.757164478 -0.005751610 -0.003151229098 0.006799134649 0.005984361848 -0.041136248268 -0.004960544171 0.001520521273 0.023861858590 0.048790052920
633 1785749553.802879810 1785749553.790482759 -0.012397051 -0.003075847110 0.006833489427 0.005934070766 -0.041080884048 -0.004950157843 0.001496765686 0.024107330772 0.048856088775
634 1785749553.832905054 1785749553.823855639 -0.009049416 -0.003181025575 0.006836685220 0.005978096853 -0.040946690260 -0.004940304147 0.001495025723 0.024092893907 0.048747692433
635 1785749553.872911930 1785749553.873897076 0.000985146 -0.003252280171 0.006798335701 0.005891586781 -0.040940075020 -0.004939505198 0.001544459246 0.024072202364 0.048722173850
636 1785749553.902888536 1785749553.907423258 0.004534721 -0.002989519967 0.006797536752 0.005712495764 -0.040936879226 -0.004944958112 0.001520577068 0.024148044318 0.048718551229
637 1785749553.932907581 1785749553.940481186 0.007573605 -0.002656171465 0.006836685220 0.004549759632 -0.040828602030 -0.004949485486 0.001489800674 0.024160512881 0.048496575790
638 1785749553.972893953 1785749553.973950624 0.001056671 -0.002591798968 0.006812716770 0.003384583992 -0.040841034958 -0.004919391766 0.001487614350 0.024607724663 0.048626429046
639 1785749554.002905607 1785749554.007230520 0.004324913 -0.003084377384 0.006828429421 0.003215304008 -0.040831797823 -0.004944958112 0.001516701417 0.025207391639 0.048947730414
640 1785749554.032908916 1785749554.040564537 0.007655621 -0.003713658023 0.006806591500 0.003125471550 -0.040854701008 -0.004918859134 0.001492864717 0.024826099141 0.048803228678
641 1785749554.072905064 1785749554.073972464 0.001067400 -0.004021654507 0.006890481074 0.003015216681 -0.040823275707 -0.004951083383 0.001530245561 0.024510909779 0.048651036802
642 1785749554.102886200 1785749554.107169390 0.004283190 -0.003900184831 0.007734254437 0.002969536902 -0.040822925462 -0.004947887590 0.001526501661 0.024329168710 0.048673193599
643 1785749554.143050432 1785749554.140499830 -0.002550602 -0.003571297569 0.008253753236 0.002431045730 -0.040804815967 -0.004910603334 0.001552281344 0.024186329953 0.048614028400
644 1785749554.172893286 1785749554.173852682 0.000959396 -0.003467810796 0.008271596416 0.000478289427 -0.040814935979 -0.004913981515 0.001506261636 0.025604306615 0.049280110942
645 1785749554.202983618 1785749554.207215071 0.004231453 -0.003612348250 0.007343751092 -0.001488780415 -0.040824523359 -0.004928895217 0.001507129039 0.026480451406 0.049634843278
646 1785749554.242908478 1785749554.240491629 -0.002416849 -0.003488087425 0.005521631276 -0.002784201885 -0.040856298905 -0.005089217514 0.001529195298 0.027240240360 0.049899031797
647 1785749554.272893906 1785749554.273965597 0.001071692 -0.003074031537 0.004941579789 -0.001890440673 -0.040863223124 -0.005686830863 0.001514099209 0.027600653586 0.050036729217
648 1785749554.302888155 1785749554.307264090 0.004375935 -0.002590845524 0.004962618761 -0.000529755129 -0.040817599140 -0.005838098413 0.001509716245 0.026853394345 0.049549616846
649 1785749554.342907667 1785749554.340543270 -0.002364397 -0.002085258031 0.004908837909 0.000984116577 -0.040787365695 -0.005781499674 0.001481339512 0.026970928699 0.049558791113
650 1785749554.372883558 1785749554.373899937 0.001016378 -0.001657825880 0.004979480605 0.001769330468 -0.040749675400 -0.005798543905 0.001552002368 0.026713192301 0.049404824207
651 1785749554.412905693 1785749554.407200336 -0.005705357 -0.000780119324 0.005232130664 0.003461858474 -0.040796953075 -0.005814256555 0.001521510109 0.026421227221 0.049381792615
652 1785749554.442883015 1785749554.440596819 -0.002286196 -0.000811951207 0.005846004297 0.004071819425 -0.040784169902 -0.005749528608 0.001528759254 0.026112319610 0.049315420291
653 1785749554.472904921 1785749554.473994732 0.001089811 -0.001610780558 0.006030546358 0.004683940436 -0.040752338561 -0.005760587293 0.001506353066 0.025896587522 0.049272113922
654 1785749554.512893677 1785749554.507184982 -0.005708694 -0.001923165234 0.006087819324 0.005692648795 -0.040822392830 -0.005704170941 0.001514418505 0.025350076770 0.049163925159
655 1785749554.542911053 1785749554.540678263 -0.002232790 -0.002383976574 0.006492072175 0.005883360660 -0.040761925941 -0.005739324667 0.001507245787 0.024951343372 0.049007755081
656 1785749554.572907925 1785749554.573862076 0.000954151 -0.002582048770 0.006805541237 0.005781124804 -0.040785894391 -0.005696041733 0.001484621577 0.025002604976 0.049088412083
657 1785749554.612903595 1785749554.607414961 -0.005488634 -0.002805495059 0.006801265178 0.005827210623 -0.040751273296 -0.005633094070 0.001495771219 0.024932846531 0.049034340884
658 1785749554.642905712 1785749554.640663385 -0.002242327 -0.002979463743 0.006808988345 0.005670743343 -0.040793351242 -0.005310534129 0.001511384938 0.024580945866 0.048848780117
659 1785749554.682901621 1785749554.673829079 -0.009072542 -0.003251157308 0.006957326418 0.005227690399 -0.040751273296 -0.005121775069 0.001506347908 0.024429007356 0.048705723495
660 1785749554.712896109 1785749554.707182884 -0.005713224 -0.003543498806 0.006992761462 0.004200551830 -0.040777372275 -0.005002060808 0.001539381422 0.024306703547 0.048580860087
661 1785749554.742908955 1785749554.740506649 -0.002402306 -0.003706663385 0.007009524375 0.003264184390 -0.040790155448 -0.005136397586 0.001552560319 0.024192333899 0.048491509668
662 1785749554.782910824 1785749554.773826361 -0.009084463 -0.003774460534 0.007028432819 0.003103862093 -0.040789622816 -0.005150288687 0.001544286702 0.024146937780 0.048467077576
663 1785749554.812907696 1785749554.807193518 -0.005714178 -0.003805465266 0.007292367085 0.003146696324 -0.040788024920 -0.005308480455 0.001492945831 0.024062405853 0.048483327914
664 1785749554.842900515 1785749554.840502977 -0.002397537 -0.003891904541 0.009156579848 0.003210359006 -0.040764056470 -0.005236506179 0.001540025644 0.024054370418 0.048779196308
665 1785749554.882908583 1785749554.873878002 -0.009030581 -0.003898029812 0.009696668917 0.003226155585 -0.040760860676 -0.005173754035 0.001496090987 0.023948928926 0.048822464944
666 1785749554.912913322 1785749554.907155991 -0.005757332 -0.003915746399 0.009692240001 0.003276908503 -0.040755128314 -0.005136456647 0.001511603433 0.023921987390 0.048804926102
667 1785749554.943175316 1785749554.940501690 -0.002673626 -0.003948039576 0.009620265724 0.003048662465 -0.040782698597 -0.005139386124 0.001498277311 0.023915509532 0.048798248919
668 1785749554.982892513 1785749554.973845243 -0.009047270 -0.003972008026 0.009565769379 0.002714575472 -0.040758856739 -0.005126729543 0.001508473279 0.023953905003 0.048767638108
669 1785749555.012912989 1785749555.007211685 -0.005701303 -0.003990818012 0.009510306701 0.002379017175 -0.040769382792 -0.005092823468 0.001477834267 0.023902361112 0.048719796486
670 1785749555.052881002 1785749555.040496111 -0.012384892 -0.004019846468 0.009339303625 0.002054644154 -0.040758730148 -0.005107737170 0.001529454113 0.023887173119 0.048661099989
671 1785749555.082893610 1785749555.073832750 -0.009060860 -0.003969106683 0.009351414442 0.002079368890 -0.040782698597 -0.005094702683 0.001534790752 0.023847235546 0.048659606051
672 1785749555.112888098 1785749555.107225180 -0.005662918 -0.004023841209 0.009347686016 0.001954885807 -0.040758324107 -0.005067005807 0.001493473305 0.023839606152 0.048629876890
673 1785749555.152899027 1785749555.140497684 -0.012401342 -0.004014786461 0.009314662819 0.001484948069 -0.040774709114 -0.005029104991 0.001538346634 0.023846368144 0.048620686018
674 1785749555.182890415 1785749555.173834801 -0.009055614 -0.004003601185 0.009307654671 0.001498051957 -0.040727431439 -0.005072514516 0.001517360641 0.023835421049 0.048577661251
675 1785749555.212895632 1785749555.207184315 -0.005711317 -0.004024191454 0.009301795717 0.001663544454 -0.040754595682 -0.005044817641 0.001555811907 0.023800967340 0.048587845721
676 1785749555.252896070 1785749555.240490675 -0.012405396 -0.004031100671 0.009302328349 0.001664356535 -0.040527567765 -0.005037809493 0.001594343814 0.023786393094 0.048391640498
677 1785749555.282912254 1785749555.273874998 -0.009037256 -0.004064123869 0.009300197820 0.001699804711 -0.040471235342 -0.005030885274 0.001591645018 0.023814374103 0.048361023178
678 1785749555.322922230 1785749555.307227850 -0.015694380 -0.004052139644 0.009326296799 0.001814164516 -0.040449397421 -0.005014822379 0.001640196136 0.023827999360 0.048357593330
679 1785749555.352895737 1785749555.340468884 -0.012426853 -0.004031100671 0.009277953859 0.001867889573 -0.040443538466 -0.005013042095 0.001603530312 0.023809544778 0.048333170169
680 1785749555.382911921 1785749555.373898983 -0.009012938 -0.004071580720 0.009283140457 0.001975619609 -0.040490816142 -0.004984994974 0.001614218591 0.023795315618 0.048371858067
681 1785749555.422905684 1785749555.423878193 0.000972509 -0.004090517298 0.009277154910 0.001963998761 -0.040450056645 -0.004990321297 0.001609470853 0.023754186189 0.048317878402
682 1785749555.452887774 1785749555.457216501 0.004328728 -0.004063619371 0.009297394935 0.002005950115 -0.040460050065 -0.005005234999 0.001594511199 0.023797613532 0.048351993705
683 1785749555.482887268 1785749555.490497112 0.007609844 -0.004079332021 0.009289139135 0.002013280374 -0.040498805625 -0.004976865767 0.001574347130 0.023790937812 0.048377599096
684 1785749555.522883892 1785749555.523963690 0.001079798 -0.004115690736 0.009279285439 0.001852019404 -0.040419696608 -0.004979795244 0.001647176150 0.023957732810 0.048391222444
685 1785749555.552900791 1785749555.557219267 0.004318476 -0.004114359156 0.009250383575 0.001826255669 -0.040441407937 -0.004972338393 0.001581276507 0.024111151049 0.048475895274
686 1785749555.582898140 1785749555.590478420 0.007580280 -0.004090517298 0.009261568852 0.001872103306 -0.040471235342 -0.004984994974 0.001631100595 0.024287426994 0.048593460715
687 1785749555.622893810 1785749555.623838425 0.000944614 -0.004068679377 0.009250916207 0.002017046800 -0.040476561664 -0.004985920515 0.001587104985 0.024573318745 0.048741978050
688 1785749555.652897358 1785749555.657206774 0.004309416 -0.004067347796 0.009264498329 0.002130341340 -0.040457386904 -0.004970207864 0.001646643518 0.024653842798 0.048774369525
689 1785749555.692893028 1785749555.690481901 -0.002411127 -0.004056695152 0.009263027024 0.002125421058 -0.040444603731 -0.004984994974 0.001602130277 0.024860219965 0.048867078528
690 1785749555.722893000 1785749555.723841906 0.000948906 -0.004092521235 0.009254644633 0.002179034525 -0.040449397421 -0.004998703688 0.001582757655 0.025056599027 0.048975753549
691 1785749555.752939463 1785749555.757275343 0.004335880 -0.004089591758 0.009250383575 0.001958930827 -0.040441940570 -0.004962484697 0.001602698544 0.025135888065 0.048996837550
692 1785749555.792872906 1785749555.790502071 -0.002370834 -0.004076935176 0.009308580211 0.001855473585 -0.040485083779 -0.004938110207 0.001619423480 0.025344384971 0.049143678853
693 1785749555.822872162 1785749555.823884964 0.001012802 -0.004087993861 0.009269025703 0.001845226981 -0.040440875305 -0.004987125503 0.001630004854 0.025202160906 0.049032367272
694 1785749555.852880478 1785749555.857212305 0.004331827 -0.004124745484 0.009254238593 0.001611807478 -0.040478565601 -0.004974735238 0.001600958581 0.025258313262 0.049082177026
695 1785749555.892883539 1785749555.890485764 -0.002397776 -0.004144536805 0.009260769904 0.001604262035 -0.040463778491 -0.004957424691 0.001604839390 0.026507512569 0.049725545372
696 1785749555.922878504 1785749555.923962355 0.001083851 -0.004091189654 0.009258639375 0.001618908025 -0.040481887986 -0.004968609968 0.001575919708 0.026630512137 0.049801798548
697 1785749555.962888002 1785749555.957277298 -0.005610704 -0.004118087581 0.009257168070 0.001689059355 -0.040476561664 -0.004979921836 0.001631917361 0.025978497567 0.049459113248
698 1785749555.992889404 1785749555.990540028 -0.002349377 -0.004124296781 0.009328946827 0.001784903624 -0.040484957187 -0.004994708946 0.001580409105 0.025339484665 0.049150696900
699 1785749556.022892237 1785749556.023847580 0.000955343 -0.004115690736 0.009593398724 0.001851285263 -0.040477626928 -0.004959681812 0.001586065039 0.025072014655 0.049056678577
700 1785749556.062890768 1785749556.057283163 -0.005607605 -0.004111962311 0.009590329522 0.001914765558 -0.040452060582 -0.004962611289 0.001613194120 0.025261371490 0.049135374044
701 1785749556.092876434 1785749556.090499640 -0.002376795 -0.004109383079 0.009569556866 0.001841262312 -0.040454191111 -0.004988051043 0.001625530933 0.025589720015 0.049302657613
702 1785749556.122885704 1785749556.124190569 0.001304865 -0.004102725176 0.009678746470 0.001484931358 -0.040457919536 -0.004955953386 0.001614832337 0.025780511101 0.049410147455
703 1785749556.162883043 1785749556.157197237 -0.005685806 -0.004084392027 0.009736410474 0.000596542085 -0.040450995317 -0.004946366006 0.001605950133 0.026834875767 0.049952727670
704 1785749556.192890406 1785749556.190469742 -0.002420664 -0.004139476799 0.009725351790 0.000465582090 -0.040441534529 -0.004964881542 0.001581028009 0.026118379383 0.049565831550
705 1785749556.232914209 1785749556.223910570 -0.009003639 -0.004143205225 0.009728281267 0.000502807285 -0.040439404001 -0.004934914414 0.001598741780 0.025397550672 0.049186875817
706 1785749556.262925625 1785749556.257236719 -0.005688906 -0.004109032834 0.009989004737 0.000721630535 -0.040460050065 -0.004955953386 0.001645126735 0.024933950998 0.049022143942
707 1785749556.292895555 1785749556.290490627 -0.002404928 -0.004140808380 0.010004367143 0.001045170415 -0.040463245858 -0.004945567058 0.001602470206 0.024534112961 0.048831849705
708 1785749556.332909346 1785749556.323858500 -0.009050846 -0.004092072532 0.010468556121 0.000974733104 -0.040439404001 -0.004957551283 0.001599274413 0.024395991466 0.048835751436
709 1785749556.362904787 1785749556.357369423 -0.005535364 -0.004043252755 0.010573035964 0.001226117717 -0.040463778491 -0.004955154438 0.001630010013 0.024334347722 0.048850063295
710 1785749556.392890692 1785749556.390463114 -0.002427578 -0.004094469377 0.010569756242 0.001167189663 -0.040437679512 -0.004963410237 0.001631359411 0.024482362264 0.048905373112
711 1785749556.432895899 1785749556.423835278 -0.009060621 -0.004013509280 0.010502504858 0.000554662613 -0.040450995317 -0.004955953386 0.001602338456 0.025830180118 0.049571450506
712 1785749556.462893248 1785749556.457255602 -0.005637646 -0.003872095426 0.010326469910 0.000345841253 -0.040434610311 -0.004924654677 0.001607583664 0.027256334755 0.050263811576
713 1785749556.502892971 1785749556.490462542 -0.012430429 -0.003901123882 0.010239524267 0.000235836302 -0.040441407937 -0.004939441787 0.001650650919 0.026987810223 0.050110820725
714 1785749556.532892942 1785749556.523803473 -0.009089470 -0.003891536502 0.010199969759 0.000393871948 -0.040452593214 -0.004941166276 0.001622218391 0.026362779829 0.049777442173
715 1785749556.562895536 1785749556.557183504 -0.005712032 -0.003948008649 0.010198371862 0.000574375209 -0.040461115330 -0.004940367328 0.001604641528 0.025572338523 0.049375620734
716 1785749556.602898121 1785749556.590466261 -0.012431860 -0.003883280702 0.010217812938 0.000729844756 -0.040454317703 -0.004927051522 0.001574098631 0.025078018725 0.049114445032
717 1785749556.632904768 1785749556.623843670 -0.009061098 -0.003874225955 0.010175202360 0.000968937561 -0.040428218724 -0.004958350231 0.001643361453 0.024835907309 0.048969707420
718 1785749556.662890434 1785749556.657301426 -0.005589008 -0.003930936284 0.010183458160 0.001123874475 -0.040417033447 -0.004950221024 0.001578075556 0.024597981469 0.048846806136
719 1785749556.702877045 1785749556.690540075 -0.012336969 -0.003896315190 0.010170002630 0.001158495570 -0.040481887986 -0.004950221024 0.001583543945 0.024604575557 0.048899212983
720 1785749556.732901812 1785749556.723877430 -0.009024382 -0.003793265857 0.010185182648 0.001169554254 -0.040460176657 -0.004939441787 0.001623111112 0.023999690964 0.048575079052
721 1785749556.762898207 1785749556.757243395 -0.005654812 -0.003705394674 0.010229124806 0.000999406395 -0.040457513496 -0.004955281030 0.001638729990 0.023698834828 0.048425707777
722 1785749556.802886963 1785749556.790480614 -0.012406349 -0.003688055993 0.010236847973 0.000457186797 -0.040466974284 -0.004951552604 0.001588905902 0.023224802898 0.048193503771
723 1785749556.832910538 1785749556.823827744 -0.009082794 -0.003655831743 0.010214211104 0.000038411282 -0.040272157484 -0.004970867088 0.001619271096 0.023149635170 0.047987295455
724 1785749556.872891188 1785749556.857268810 -0.015622377 -0.003616445093 0.010214211104 0.000130497594 -0.040011700329 -0.004938110207 0.001630126761 0.023187568806 0.047781456333
725 1785749556.902879238 1785749556.890484810 -0.012394428 -0.003547973719 0.010412083973 0.000397663785 -0.040019157181 -0.004943296805 0.001571404994 0.023000628480 0.047734946272
726 1785749556.932895899 1785749556.940493822 0.007597923 -0.003448665945 0.011414358083 0.000735361081 -0.040013830858 -0.004945567058 0.001615704898 0.022756538492 0.047840960098
727 1785749556.972887039 1785749556.973877430 0.000990391 -0.003495677304 0.011819230762 0.000908057246 -0.040029683233 -0.004916398878 0.001619301573 0.022758684496 0.047956906894
728 1785749557.002879143 1785749557.007310867 0.004431725 -0.003468513061 0.011391773201 0.000980465697 -0.039986133983 -0.004955281030 0.001610754139 0.022770214859 0.047825592805
729 1785749557.032919407 1785749557.040489197 0.007569790 -0.003478366757 0.010474160807 0.001091756300 -0.040012106370 -0.004938236799 0.001609252358 0.022755113139 0.047631278774
730 1785749557.072894096 1785749557.073848009 0.000953913 -0.003522126528 0.009561465429 0.001188427651 -0.039984536086 -0.004948623127 0.001576482817 0.022771574101 0.047429118047
731 1785749557.102899551 1785749557.107200861 0.004301310 -0.003480847531 0.008568850350 0.001248950335 -0.039991460305 -0.004923056781 0.001566246057 0.022662013145 0.047187654367
732 1785749557.132967949 1785749557.140505314 0.007537365 -0.003545841794 0.008206834358 0.001317827750 -0.039978017908 -0.004939568379 0.001650285672 0.022660273181 0.047122335142
733 1785749557.172895193 1785749557.173898220 0.001003027 -0.003530899958 0.008143367195 0.001325158009 -0.039482978924 -0.004776316604 0.001568295472 0.022679996048 0.046680813232
734 1785749557.202895403 1785749557.207219362 0.004323959 -0.003543711265 0.008157230635 0.001352854884 -0.039394785629 -0.004651148033 0.001598325896 0.022612411764 0.046565938643
735 1785749557.242989540 1785749557.240511417 -0.002478123 -0.003549570220 0.008126604282 0.001369295686 -0.039063614981 -0.004655675407 0.001587926909 0.023211065058 0.046577167137
736 1785749557.272897005 1785749557.273926497 0.001029491 -0.003566880767 0.008109811366 0.001389297528 -0.038977328562 -0.004666201460 0.001603312290 0.023430676917 0.046615390542
737 1785749557.302884579 1785749557.307351589 0.004467010 -0.003464222473 0.008091450556 0.001410476225 -0.039027269399 -0.004627978532 0.001635255221 0.023535619047 0.046696972259
738 1785749557.342904091 1785749557.340504169 -0.002399921 -0.003491919348 0.008089852659 0.001403019374 -0.038938446410 -0.004677386736 0.001592598692 0.023842374884 0.046783367198
739 1785749557.372900248 1785749557.373874187 0.000973940 -0.003459695099 0.008179867504 0.001396627787 -0.038869077630 -0.004653544878 0.001600486902 0.023642463366 0.046634950411
740 1785749557.402887583 1785749557.407227039 0.004339457 -0.003504253818 0.008441922555 0.001408345696 -0.038873997912 -0.004660202781 0.001613822868 0.023281126759 0.046508598989
741 1785749557.442879915 1785749557.440506220 -0.002373695 -0.003510112773 0.008387776456 0.001404084639 -0.038832452599 -0.004635435383 0.001567422911 0.023356693949 0.046498233752
742 1785749557.472882509 1785749557.473915815 0.001033306 -0.003486943271 0.008422131234 0.001397160420 -0.038895709241 -0.004663931206 0.001578780731 0.023475105214 0.046618072570
743 1785749557.512886286 1785749557.507372379 -0.005513906 -0.003533155682 0.008383431469 0.001396627787 -0.038833517863 -0.004634902751 0.001623816288 0.023968144473 0.046811845118
744 1785749557.542884827 1785749557.540505886 -0.002378941 -0.003533029090 0.008363990393 0.001443372831 -0.038767471468 -0.004601529308 0.001607943753 0.024116701018 0.046827487890
745 1785749557.573104143 1785749557.573880672 0.000776529 -0.003586165720 0.008424261763 0.001424659906 -0.038667210019 -0.004625848003 0.001595403920 0.024173454437 0.046790076300
746 1785749557.612882376 1785749557.607218981 -0.005663395 -0.003551138586 0.008370914612 0.001452356782 -0.038697570056 -0.004644490131 0.001579262727 0.025121677594 0.047301777024
747 1785749557.642898321 1785749557.640503407 -0.002394915 -0.003620338111 0.008360261968 0.001439040976 -0.038677330031 -0.004625848003 0.001636797323 0.025110224559 0.047282221586
748 1785749557.672916889 1785749557.673843384 0.000926495 -0.003610357823 0.008368966470 0.001465139955 -0.038652955541 -0.004623451158 0.001593978567 0.024390179343 0.046883577159
749 1785749557.713006258 1785749557.707204103 -0.005802155 -0.003580936460 0.008358131439 0.001425263335 -0.038664140818 -0.004627978532 0.001616856434 0.024436645365 0.046912798622
750 1785749557.742891073 1785749557.740470409 -0.002420664 -0.003635670986 0.008396214642 0.001471293359 -0.038653488174 -0.004669929885 0.001593202594 0.024845380563 0.047133967061
751 1785749557.773036242 1785749557.773873091 0.000836849 -0.003667319940 0.008364439096 0.001696411135 -0.038668275284 -0.004598599831 0.001623841606 0.024976673908 0.047213818132
752 1785749557.812906504 1785749557.807236910 -0.005669594 -0.003698492057 0.008371363315 0.001788400386 -0.038686511371 -0.004667659632 0.001624962666 0.025324273576 0.047427307403
753 1785749557.842911005 1785749557.840471506 -0.002439499 -0.003926006678 0.008363990393 0.001817695158 -0.038671471077 -0.004645289079 0.001586151311 0.025605665095 0.047580471059
754 1785749557.882897139 1785749557.873889208 -0.009007931 -0.004031438327 0.008372246192 0.001441909996 -0.038663608186 -0.005744558048 0.001602302821 0.025371045219 0.047566353241
755 1785749557.912913322 1785749557.907230139 -0.005683184 -0.004041389084 0.008374643037 0.000234179574 -0.038678521888 -0.007093799385 0.001627793212 0.025179083245 0.047639356637
756 1785749557.942916155 1785749557.940467596 -0.002448559 -0.004001132689 0.008228435494 -0.001322007174 -0.038688515308 -0.007650907817 0.001586044879 0.025230058305 0.047748014660
757 1785749557.982885122 1785749557.973897934 -0.008987188 -0.003944589745 0.007789995249 -0.002063946914 -0.038669340548 -0.007411633479 0.001587110143 0.025051338074 0.047548316040
758 1785749558.012893677 1785749558.007156372 -0.005737305 -0.003998104754 0.007491469893 -0.001938667607 -0.038681185049 -0.007164982954 0.001615004880 0.025527152562 0.047725048046
759 1785749558.042898655 1785749558.040506363 -0.002392292 -0.004030047685 0.006982524807 -0.001005023244 -0.038665738715 -0.007444157153 0.001596925862 0.025441727867 0.047605603913
760 1785749558.082890272 1785749558.073944330 -0.008945942 -0.004008083172 0.006662679160 0.000039870456 -0.038658281863 -0.007844235600 0.001601694233 0.024906638728 0.047321860486
761 1785749558.112906456 1785749558.107211828 -0.005694628 -0.003985712619 0.006634464654 -0.000195730167 -0.038645498690 -0.006896716534 0.001600735401 0.025705922253 0.047585043840
762 1785749558.142887831 1785749558.140475273 -0.002412558 -0.004048913466 0.006668286800 -0.000667157005 -0.038741905122 -0.005926164426 0.001592304715 0.026109227489 0.047765957325
763 1785749558.182894230 1785749558.173898220 -0.008996010 -0.004070779521 0.006591923004 0.000134624280 -0.039795984281 -0.005813550170 0.001590747139 0.025253926486 0.048144073658
764 1785749558.212884665 1785749558.207280874 -0.005603790 -0.004048408968 0.006316734534 0.000626472675 -0.040471361934 -0.005425002895 0.001588708040 0.025285001969 0.048640521475
765 1785749558.252919197 1785749558.240500689 -0.012418509 -0.004055739227 0.005856007665 0.000812343524 -0.041329838477 -0.005132398347 0.001591817561 0.025096766148 0.049176014113
766 1785749558.282898903 1785749558.273889303 -0.009009600 -0.004062397130 0.005867991890 0.000882621447 -0.041684165494 -0.005134336622 0.001643194068 0.025001378083 0.049430916218
767 1785749558.313061237 1785749558.307223320 -0.005837917 -0.004055191593 0.005846952918 0.000978465716 -0.042673796155 -0.005030267481 0.001597062770 0.024886161192 0.050197778138
768 1785749558.352911711 1785749558.340490341 -0.012421370 -0.003902942708 0.006029113136 0.001089756319 -0.043541919139 -0.004787699434 0.001576563931 0.024723960603 0.050846349975
769 1785749558.382901669 1785749558.373884439 -0.009017229 -0.003866541330 0.006054413167 0.001234349568 -0.043678252781 -0.004631304347 0.001610688028 0.024534701730 0.050861717729
770 1785749558.412937403 1785749558.407248974 -0.005688429 -0.003856756561 0.006041896310 0.001284514058 -0.044201880842 -0.004521877957 0.001626200474 0.024511347026 0.051290675271
771 1785749558.452878475 1785749558.440492868 -0.012385607 -0.002286305468 0.006061337385 0.001290373012 -0.045942941561 -0.004454276328 0.001591396519 0.024467797303 0.052682370588
772 1785749558.482880831 1785749558.473890543 -0.008990288 -0.001060156572 0.006074120559 0.001361842791 -0.046820046558 -0.004403789727 0.001643919404 0.024430122009 0.053393978540
773 1785749558.522932053 1785749558.507242918 -0.015689135 -0.000819885585 0.006072522662 0.001402728880 -0.047142034782 -0.004365089962 0.001615872283 0.024399766185 0.053655386300
774 1785749558.552883387 1785749558.557264805 0.004381418 -0.002325970400 0.006075802385 0.001465676543 -0.045754401032 -0.004336847322 0.001617257316 0.024390427303 0.052481002700
775 1785749558.582932711 1785749558.590497017 0.007564306 -0.002838853106 0.006097640305 0.001786105955 -0.044406313863 -0.004313804412 0.001621350989 0.024400572634 0.051351502626
776 1785749558.622927666 1785749558.623900890 0.000973225 -0.002996673569 0.006083259236 0.001965082116 -0.043353642597 -0.004289163606 0.001565713424 0.024466918164 0.050486279690
777 1785749558.652904749 1785749558.657268763 0.004364014 -0.003237250811 0.006064266863 0.001926032106 -0.042301127454 -0.004258985957 0.001598980435 0.024377135870 0.049550888609
778 1785749558.682890177 1785749558.690478086 0.007587910 -0.003230142809 0.006064266863 0.001890878379 -0.042049813638 -0.004264844911 0.001629178245 0.024321771177 0.049308853974
779 1785749558.722894430 1785749558.723849297 0.000954866 -0.003202807442 0.006032042613 0.001897802598 -0.042185228813 -0.004273100710 0.001629959376 0.024428860729 0.049472457915
780 1785749558.752910137 1785749558.757242203 0.004332066 -0.003343687267 0.006048554212 0.001901531024 -0.042105587164 -0.004253659634 0.001618033289 0.024443576569 0.049421266989
781 1785749558.792890549 1785749558.790480137 -0.002410412 -0.003454318646 0.006063019211 0.002148121946 -0.042037916608 -0.004173470352 0.001614588997 0.024455745997 0.049382199673
782 1785749558.822922468 1785749558.823926210 0.001003742 -0.003510832060 0.006067546585 0.002307811284 -0.041929218369 -0.003764436942 0.001599999748 0.024439016376 0.049259749445
783 1785749558.852934361 1785749558.857229471 0.004295111 -0.003612185038 0.006067995288 0.002245690704 -0.041934012059 -0.003395575999 0.001582509157 0.024458637496 0.049250707218
784 1785749558.892904758 1785749558.890480042 -0.002424717 -0.003410947121 0.006052282638 0.002543432114 -0.040710023222 -0.003373738078 0.001600537539 0.024455446861 0.048208426995
785 1785749558.922914982 1785749558.923919201 0.001004219 -0.002549384978 0.006047755264 0.002770165580 -0.039526641026 -0.003140430165 0.001612828873 0.024396329370 0.047124815978
786 1785749558.952943563 1785749558.957215548 0.004271984 -0.001592955239 0.006075452139 0.003094538601 -0.038550508557 -0.002897564875 0.001618038447 0.024411085531 0.046282626672
787 1785749558.992920876 1785749558.990475893 -0.002444983 -0.000476532387 0.006049353161 0.003704037717 -0.036967652197 -0.002899695404 0.001587470232 0.024377189772 0.044970263925
788 1785749559.022903919 1785749559.023867130 0.000963211 -0.000942793376 0.007994876266 0.003794682255 -0.036672447356 -0.002927110961 0.001612671331 0.024397830679 0.045061044635
789 1785749559.052921295 1785749559.057256460 0.004335165 -0.001873547658 0.011498447067 0.003717886154 -0.036714342915 -0.002931638335 0.001609156243 0.024373897391 0.045855870726
790 1785749559.092991590 1785749559.090492487 -0.002499104 -0.002818982123 0.013410938505 0.004223059679 -0.036718071340 -0.002953209940 0.001587054348 0.024370179282 0.046465005719
791 1785749559.122918606 1785749559.123868465 0.000949860 -0.003362777161 0.012230806812 0.005029759307 -0.036739250037 -0.002932437284 0.001593730068 0.024377935268 0.046275206854
792 1785749559.162880421 1785749559.157237530 -0.005642891 -0.003548760997 0.010046109154 0.005112022851 -0.036678306311 -0.002935648079 0.001595906076 0.024340564741 0.045700951664
793 1785749559.192877054 1785749559.190491676 -0.002385378 -0.003566898627 0.008513232486 0.005182862936 -0.036292680585 -0.002790757114 0.001605128209 0.024361124534 0.045089331064
794 1785749559.222911119 1785749559.223881006 0.000969887 -0.003563520447 0.007322608621 0.005164753440 -0.035220309543 -0.002745624969 0.001629700561 0.024347204827 0.044005055626
795 1785749559.262882710 1785749559.257191181 -0.005691528 -0.003642629463 0.007193711625 0.005208961915 -0.034045322870 -0.002770265775 0.001630776142 0.024350136646 0.043063888444
796 1785749559.292877197 1785749559.290482759 -0.002394438 -0.003539803311 0.007196108470 0.005178069246 -0.033469953483 -0.002768794470 0.001614188115 0.024332646055 0.042587719614
797 1785749559.322921515 1785749559.323859453 0.000937939 -0.003548886193 0.007182526348 0.005170079763 -0.032083511819 -0.002793686591 0.001634504567 0.024354600724 0.041519725430
798 1785749559.362873316 1785749559.357230186 -0.005643129 -0.003548226969 0.007024600895 0.005184993465 -0.030096302280 -0.002756683653 0.001659132241 0.024347636185 0.039972064156
799 1785749559.392873764 1785749559.390491247 -0.002382517 -0.003536775376 0.006260539979 0.005177663206 -0.029374261644 -0.002772396304 0.001626438656 0.024358948054 0.039307103920
800 1785749559.432879686 1785749559.423974514 -0.008905172 -0.003584403297 0.005979043851 0.005157423181 -0.029087240410 -0.002783581580 0.001664499357 0.024319776610 0.039028629233
801 1785749559.462875605 1785749559.457245350 -0.005630255 -0.003618758075 0.005866658453 0.005147303169 -0.029054031559 -0.002752955228 0.001630780827 0.024275105827 0.038957201423
802 1785749559.492893696 1785749559.490473032 -0.002420664 -0.003627686231 0.005859383989 0.005205766121 -0.028389936245 -0.002723660456 0.001664255543 0.024247454430 0.038453973633
803 1785749559.532947302 1785749559.523846388 -0.009100914 -0.003646328358 0.005888230058 0.005166477929 -0.026651395155 -0.002158397948 0.001656184946 0.024242331128 0.037149004972
804 1785749559.562896729 1785749559.557276011 -0.005620718 -0.003593990677 0.005910740336 0.005167010561 -0.025610487415 -0.002006456173 0.001667492130 0.024247200774 0.036403046930
805 1785749559.592896700 1785749559.590487003 -0.002409697 -0.003643398881 0.005894355329 0.005301107288 -0.025047821079 -0.001607529643 0.001636665100 0.024283389761 0.036034132457
806 1785749559.632898808 1785749559.623955488 -0.008943319 -0.003659783888 0.005897284806 0.005300168616 -0.024957796910 -0.000788467884 0.001647206154 0.024247946743 0.035922879772
807 1785749559.662901878 1785749559.657242775 -0.005659103 -0.003619430431 0.005906339554 0.005348806006 -0.025268808739 -0.000824826599 0.001654054418 0.024263103785 0.036155524952
808 1785749559.702879190 1785749559.690563440 -0.012315750 -0.003694012074 0.005908343491 0.005399770840 -0.025278666243 -0.000646661122 0.001666756477 0.024244760793 0.036162513931
809 1785749559.732967615 1785749559.723948717 -0.009018898 -0.003631288064 0.005908470083 0.005530798366 -0.025776500184 -0.000033335123 0.001626717631 0.024198852675 0.036487610998
810 1785749559.762898445 1785749559.757136106 -0.005762339 -0.003653658617 0.005886771886 0.006138937767 -0.026571834087 0.001040185113 0.001693677380 0.024259501951 0.037205190381
811 1785749559.802886724 1785749559.790500879 -0.012385845 -0.003657260451 0.005895154277 0.008126315164 -0.026769914211 0.001837002911 0.001667207996 0.024540087540 0.037936311914
812 1785749559.832878590 1785749559.823918343 -0.008960247 -0.003686106520 0.005862131080 0.009092736927 -0.026791569745 0.001966698856 0.001652983995 0.024505299061 0.038151382398
813 1785749559.862883329 1785749559.857157469 -0.005725861 -0.003679448617 0.006231118615 0.009653675508 -0.026782921038 0.002618374375 0.001689898318 0.024802786814 0.038571665324
814 1785749559.902873278 1785749559.890493870 -0.012379408 -0.003702618119 0.007161360784 0.010805780056 -0.026785051567 0.003519321772 0.001672453205 0.025017142201 0.039245871995
815 1785749559.932883263 1785749559.923962116 -0.008921146 -0.003660007541 0.007407969501 0.011859262318 -0.026777062084 0.003576594737 0.001671748029 0.025611113396 0.039968021275
816 1785749559.962880850 1785749559.957174540 -0.005706310 -0.003047087583 0.007536194141 0.011966545901 -0.026823274495 0.003579242896 0.001665473191 0.026089197686 0.040311242314
817 1785749560.002885342 1785749559.990540266 -0.012345076 0.001058847594 0.008162303313 0.011959887457 -0.026825278432 0.003588578962 0.001633565895 0.025532174511 0.039972705641
818 1785749560.032883883 1785749560.023923635 -0.008960247 0.003808074716 0.008553255361 0.011944821752 -0.026799432637 0.003559284190 0.001643406931 0.024269494714 0.039407177400
819 1785749560.072871447 1785749560.073917150 0.001045704 0.004617017088 0.010772916201 0.011614555897 -0.026839253461 0.003555555764 0.001664534518 0.022926847869 0.039162086390
820 1785749560.102881193 1785749560.107227325 0.004346132 0.003068759447 0.012309510413 0.011758717695 -0.026891675072 0.003626662165 0.001620128182 0.022821786625 0.039483951167
821 1785749560.132893085 1785749560.140534878 0.007641792 0.000889511750 0.011862486511 0.012190521097 -0.026918712723 0.003709220159 0.001654617526 0.022727235960 0.039341568911
822 1785749560.172874928 1785749560.173956871 0.001081944 0.001638190367 0.010566782098 0.012044960499 -0.026958939588 0.003854362438 0.001672316296 0.022724907569 0.038990771015
823 1785749560.202875376 1785749560.207265139 0.004389763 0.001074257814 0.010020281236 0.010724151575 -0.026987519341 0.004538234072 0.001637294320 0.022640136987 0.038480459938
824 1785749560.232897758 1785749560.240537405 0.007639647 -0.000111013152 0.009920036185 0.009551455673 -0.027032945936 0.005306850497 0.001683273234 0.022594243871 0.038235138817
825 1785749560.272878408 1785749560.273951530 0.001073122 -0.000780412874 0.009854565085 0.009836087991 -0.027067384643 0.006754516731 0.001647130199 0.022546007363 0.038519766586
826 1785749560.302885771 1785749560.307269812 0.004384041 -0.001787520613 0.009821262439 0.009273290713 -0.027046611986 0.007881189995 0.001670185767 0.022626221964 0.038652479391
827 1785749560.342884064 1785749560.340539455 -0.002344608 -0.002398664096 0.009813805588 0.009461774987 -0.027045014090 0.008401897049 0.001670241563 0.022650809318 0.038851809305
828 1785749560.372896194 1785749560.373925686 0.001029491 -0.002659874270 0.009816735066 0.009422642918 -0.027061525689 0.008371862389 0.001632297610 0.022660939647 0.038869348485
829 1785749560.402882099 1785749560.407306910 0.004424810 -0.002676259277 0.009824191917 0.009275259915 -0.027053536205 0.008142665943 0.001680671027 0.022617019991 0.038758981350
830 1785749560.442924500 1785749560.440533876 -0.002390623 -0.002530275386 0.009797476377 0.009070914797 -0.027099748616 0.008007267166 0.001655733428 0.022641445118 0.038711284206
831 1785749560.472880602 1785749560.473902225 0.001021624 -0.002078476674 0.009757389236 0.008939693148 -0.027063656217 0.007910147112 0.001642088010 0.022857632845 0.038724986392
832 1785749560.502951860 1785749560.507186890 0.004235029 -0.001634401128 0.009380425350 0.008910931008 -0.027013462197 0.007889838160 0.001686778480 0.022966061479 0.038630690206
833 1785749560.542968512 1785749560.540599108 -0.002369404 -0.001119679620 0.009013441752 0.008904539422 -0.026731826346 0.007882381309 0.001636589144 0.023073856208 0.038387372613
834 1785749560.572945356 1785749560.574180126 0.001234770 -0.001175124504 0.009012642803 0.008800299629 -0.026316905848 0.007821437583 0.001673133062 0.023121630880 0.038094849121
835 1785749560.612978458 1785749560.607313871 -0.005664587 -0.001469313817 0.009017296769 0.008621394265 -0.025268305867 0.007827562853 0.001643239546 0.023367255446 0.037500477972
836 1785749560.642900229 1785749560.640524864 -0.002375364 -0.001543038847 0.008319155655 0.008541528963 -0.024159306528 0.007777999923 0.001656387967 0.023824521129 0.036865537288
837 1785749560.673009634 1785749560.673963308 0.000953674 -0.001594521785 0.007534182358 0.008545130796 -0.024627954495 0.007762568590 0.001660440846 0.024167909948 0.037228540297
838 1785749560.712883711 1785749560.707164526 -0.005719185 -0.001665248410 0.007288512314 0.008574760812 -0.025225305335 0.007791582045 0.001650488219 0.025241468161 0.038292330737
839 1785749560.742922544 1785749560.740529776 -0.002392769 -0.001674303158 0.007301828119 0.008545663428 -0.025704932720 0.007793194943 0.001644867920 0.024975376606 0.038433069471
840 1785749560.773075819 1785749560.773934364 0.000858545 -0.001682642887 0.007539508680 0.008568495817 -0.026548665358 0.007749785417 0.001672904724 0.025157743110 0.039162431662
841 1785749560.812883615 1785749560.807231426 -0.005652189 -0.001712638149 0.007748440234 0.008504482889 -0.026893831241 0.007776683344 0.001657950228 0.025345695698 0.039550040920
842 1785749560.842887163 1785749560.840527534 -0.002359629 -0.001761891627 0.007706488881 0.008393851510 -0.026518769568 0.007752182262 0.001665285646 0.025465375721 0.039338924518
843 1785749560.872890711 1785749560.873899460 0.001008749 -0.001734727384 0.007752701292 0.008280836419 -0.026592872978 0.007768693861 0.001649910108 0.025942329108 0.039685589937
844 1785749560.912933350 1785749560.907232523 -0.005700827 -0.001788662963 0.007730330738 0.008371607549 -0.026584068148 0.007724667774 0.001678839633 0.027768138403 0.040906140442
845 1785749560.942901611 1785749560.940499306 -0.002402306 -0.001802273218 0.007747641286 0.008472524956 -0.026622641321 0.007794792840 0.001674700482 0.027364625324 0.040696547526
846 1785749560.982901812 1785749560.973906279 -0.008995533 -0.001829521390 0.007719145462 0.008402597279 -0.026601615481 0.007749435172 0.001676262744 0.026835704591 0.040301372006
847 1785749561.012935162 1785749561.007161140 -0.005774021 -0.001807333224 0.007684650960 0.008307285643 -0.026260071637 0.007748636224 0.001673909035 0.026019130564 0.039506469862
848 1785749561.042903900 1785749561.040534496 -0.002369404 -0.001853741155 0.007714618088 0.008297348017 -0.026242059203 0.007788933885 0.001678428908 0.025263260663 0.039014872777
849 1785749561.082885265 1785749561.073900461 -0.008984804 -0.001832968498 0.007728200210 0.008321849099 -0.026312869758 0.007726265671 0.001653552262 0.025355539160 0.039115699172
850 1785749561.112886190 1785749561.107269049 -0.005617142 -0.001856166134 0.007749771814 0.008340841472 -0.026438947471 0.007770474145 0.001633560736 0.025782168623 0.039495074424
851 1785749561.142898083 1785749561.140524864 -0.002373219 -0.001873476681 0.007728732842 0.008356567255 -0.026540650694 0.007729195148 0.001636929073 0.026133730213 0.039785341912
852 1785749561.183039904 1785749561.173967123 -0.009072781 -0.001869748255 0.007749771814 0.008367879124 -0.026552186216 0.007740646740 0.001673376402 0.025328587123 0.039279129850
853 1785749561.212886810 1785749561.207152367 -0.005734444 -0.001869720121 0.007898460132 0.008335515150 -0.026628099439 0.007753163598 0.001677637460 0.024760361304 0.038992557283
854 1785749561.252898455 1785749561.240519285 -0.012379169 -0.001847882200 0.008089857486 0.008318470919 -0.026650876033 0.007753163598 0.001647211312 0.024508463747 0.038882081485
855 1785749561.283019304 1785749561.273906469 -0.009112835 -0.001911433292 0.008128739638 0.008277234585 -0.026677675502 0.007735769121 0.001655307227 0.024362008154 0.038807609758
856 1785749561.312903881 1785749561.307250023 -0.005653858 -0.001820086867 0.008125011212 0.008292148287 -0.026709030006 0.007746155450 0.001661638334 0.024079335149 0.038652799096
857 1785749561.352899790 1785749561.340513468 -0.012386322 -0.001796917366 0.008147648081 0.008345635162 -0.026680800498 0.007726714374 0.001637730364 0.025151026334 0.039320302951
858 1785749561.383063078 1785749561.373889208 -0.009173870 -0.001845204510 0.008164692312 0.007783175540 -0.026745122405 0.007722985948 0.001646511295 0.025634390522 0.039565437733
859 1785749561.412915945 1785749561.407250643 -0.005665302 -0.001837621067 0.008145251236 0.007133013989 -0.026734764211 0.007730793044 0.001669708930 0.025202083926 0.039154151735
860 1785749561.452918768 1785749561.440504551 -0.012414217 -0.001832294745 0.008164243609 0.007072111529 -0.025772830425 0.007745356501 0.001679778306 0.024774908156 0.038221381503
861 1785749561.482891321 1785749561.473899364 -0.008991957 -0.001843073982 0.009265909423 0.007055249685 -0.025070091141 0.007720589103 0.001666710999 0.024138761908 0.037584641347
862 1785749561.512894154 1785749561.507240772 -0.005653381 -0.001857734500 0.010786308089 0.007053119156 -0.025160620823 0.007728045954 0.001656864804 0.023601929540 0.037710978812
863 1785749561.552898645 1785749561.540505409 -0.012393236 -0.001885431375 0.011153418279 0.006908060806 -0.025430982807 0.007750234120 0.001647246947 0.023462803734 0.037890533011
864 1785749561.582886696 1785749561.573928595 -0.008958101 -0.001877974524 0.011024271365 0.006910064743 -0.025580060767 0.007737100702 0.001659096606 0.023446454362 0.037940761748
865 1785749561.622894764 1785749561.607160807 -0.015733957 -0.001912076118 0.010649556129 0.006927921054 -0.025796783019 0.007734970173 0.001659908214 0.023398821283 0.037955619892
866 1785749561.652902365 1785749561.640499115 -0.012403250 -0.001952107464 0.010201633494 0.006827100709 -0.026022966059 0.007739048844 0.001693677380 0.023254344782 0.037884219504
867 1785749561.683126688 1785749561.690490484 0.007363796 -0.001925209537 0.009783677988 0.006807575704 -0.026384099173 0.007676829332 0.001684176272 0.023241982178 0.037998032274
868 1785749561.722890377 1785749561.723932505 0.001042128 -0.001970623000 0.009572548374 0.006842953083 -0.026337365865 0.007754761494 0.001677160623 0.023632339694 0.038176387441
869 1785749561.752897263 1785749561.757153511 0.004256248 -0.001987134598 0.009251680125 0.006872121263 -0.026283007849 0.007737899650 0.001651685707 0.024102450449 0.038354870820
870 1785749561.783152342 1785749561.790490389 0.007338047 -0.001983279581 0.009086424414 0.006704468707 -0.025854209383 0.007728844902 0.001683217439 0.024069257501 0.037970830529
871 1785749561.822921276 1785749561.823946476 0.001025200 -0.001979424564 0.009078701246 0.006698077120 -0.025225673835 0.007743225972 0.001663479571 0.023867987642 0.037415843466
872 1785749561.852892876 1785749561.857147694 0.004254818 -0.001986348782 0.009054200164 0.006737491904 -0.025113508825 0.007703544872 0.001671256190 0.023461279289 0.037075269000
873 1785749561.892916441 1785749561.890461922 -0.002454519 -0.001973915854 0.009063787544 0.006701805546 -0.025416894006 0.007707273298 0.001668349216 0.023841230767 0.037517609494
874 1785749561.922907591 1785749561.923943520 0.001035929 -0.001978443228 0.009084027569 0.006699801609 -0.025720938411 0.007770474145 0.001661125861 0.024748437977 0.038321176895
875 1785749561.952899218 1785749561.957172394 0.004273176 -0.002022258794 0.009080299143 0.006738557169 -0.026172660268 0.007713132252 0.001640855360 0.025377102436 0.039027423754
876 1785749561.992919445 1785749561.990502357 -0.002417088 -0.002031186950 0.009046070957 0.006732165582 -0.026177144979 0.007711001723 0.001655074204 0.025223355439 0.038922211791
877 1785749562.022889137 1785749562.023939848 0.001050711 -0.001990706902 0.009048201486 0.006731100318 -0.026246793208 0.007704876453 0.001661597540 0.024578777087 0.038552263746
878 1785749562.052897692 1785749562.057173967 0.004276276 -0.002029728778 0.009065385441 0.006730441093 -0.026204462079 0.007707273298 0.001660314254 0.024013339174 0.038171623566
879 1785749562.092903376 1785749562.090496540 -0.002406836 -0.002059906427 0.009060059119 0.006625106506 -0.026198476533 0.007723784896 0.001693682538 0.023781154167 0.038008535906
880 1785749562.122938156 1785749562.123942375 0.001004219 -0.002020225327 0.009032488835 0.006448146018 -0.026176638612 0.007731241747 0.001665777485 0.024529931426 0.038428200717
881 1785749562.162877321 1785749562.157168388 -0.005708933 -0.002081617756 0.009047402537 0.006392752267 -0.026190487049 0.007713580955 0.001630780827 0.025455734813 0.039027563730
882 1785749562.192896366 1785749562.190504789 -0.002391577 -0.002064979566 0.009058854130 0.006308190336 -0.026178236508 0.007734970173 0.001621644966 0.025226097591 0.038861752488
883 1785749562.222879648 1785749562.223944664 0.001065016 -0.002092676441 0.009048873842 0.006306998480 -0.026220847086 0.007703544872 0.001650813146 0.025281342698 0.038920284434
884 1785749562.262878418 1785749562.257169008 -0.005709410 -0.002082290113 0.009063914136 0.006318057165 -0.026267942374 0.007585482907 0.001696178314 0.025180866020 0.038870370461
885 1785749562.292910576 1785749562.290480375 -0.002430201 -0.002105459614 0.009063914136 0.006290613473 -0.026239180234 0.007231282482 0.001645811277 0.024868847133 0.038576075432
886 1785749562.322934389 1785749562.323813200 0.000878811 -0.002064852974 0.009488688330 0.006301266118 -0.026253561304 0.006467571810 0.001652897723 0.024750900970 0.038476264303
887 1785749562.362890720 1785749562.357159138 -0.005731583 -0.000130066442 0.011276118125 0.006337231925 -0.026248767614 0.005958025165 0.001658396589 0.024681662993 0.038778330266
888 1785749562.392928839 1785749562.390478373 -0.002450466 0.002365358162 0.011318702437 0.006326173240 -0.026572201963 0.005068795677 0.001674700482 0.024584261621 0.038893361386
889 1785749562.422924995 1785749562.423931599 0.001006603 0.003362864305 0.010719444721 0.006310194273 -0.027494188332 0.004429454628 0.001667360379 0.024326526215 0.039193677193
890 1785749562.462883949 1785749562.457151175 -0.005732775 0.001522881416 0.010423978227 0.006293682675 -0.028630166261 0.004084841583 0.001670693081 0.024008252651 0.039574596563
891 1785749562.492884159 1785749562.490477085 -0.002407074 -0.000618071473 0.010400808725 0.006314328739 -0.028990099049 0.003801214927 0.001650889101 0.023931517030 0.039733456958
892 1785749562.532895088 1785749562.523954868 -0.008940220 -0.002293804312 0.010394011098 0.006322977447 -0.029438981417 0.002192931945 0.001681624701 0.023894658502 0.039981523141
893 1785749562.562909365 1785749562.557250977 -0.005658388 -0.002464103632 0.009738074522 0.006089151903 -0.029845226942 0.000540706804 0.001643061845 0.023877005684 0.040022751789
894 1785749562.592906237 1785749562.590542555 -0.002363682 -0.002467832057 0.009600122777 0.004143670064 -0.030978009078 -0.001109836510 0.001672782817 0.023611128411 0.040454603258
895 1785749562.632989407 1785749562.623958826 -0.009030581 -0.002485142604 0.009173890411 0.002114997272 -0.033158731971 -0.003302880741 0.001643396615 0.023393396217 0.041894769108
896 1785749562.662881374 1785749562.657176256 -0.005705118 -0.002502537080 0.008364948664 0.001571859207 -0.033993675635 -0.005858129408 0.001629664926 0.023397221231 0.042645975564
897 1785749562.692893982 1785749562.690506697 -0.002387285 -0.002374887735 0.007743240274 0.001568854271 -0.034220450368 -0.008038493585 0.001637989179 0.023231870327 0.042966481999
898 1785749562.733033180 1785749562.723936319 -0.009096861 -0.001584727840 0.007042156550 0.000652076102 -0.034959997070 -0.009384653443 0.001689806888 0.023225640967 0.043647307999
899 1785749562.762897015 1785749562.757160664 -0.005736351 -0.000703221519 0.007028041797 0.000518122907 -0.035387827333 -0.009714619414 0.001682410990 0.023210848699 0.044027292685
900 1785749562.802894592 1785749562.790477514 -0.012417078 0.001008295052 0.006541215949 -0.000419486979 -0.036434184722 -0.009260161118 0.001672169071 0.023205786350 0.044704420410
901 1785749562.832898617 1785749562.824005365 -0.008893251 0.001487752640 0.005517230510 -0.000787109596 -0.037288221087 -0.007511377002 0.001654876342 0.023173194038 0.044942636058
902 1785749562.862901688 1785749562.857154846 -0.005746841 0.000953983818 0.005004039368 -0.000255490967 -0.038698086832 -0.007575816488 0.001678256364 0.023210544405 0.046070561172
903 1785749562.902970076 1785749562.890481710 -0.012488365 -0.000557140797 0.004685791618 0.000509579961 -0.038781937009 -0.009722731221 0.001895712376 0.022854958001 0.046336159659
904 1785749562.933027029 1785749562.923969507 -0.009057522 -0.001760533848 0.004717889275 0.001426253683 -0.038721049078 -0.007799779636 0.002000925056 0.022552788148 0.045827724323
905 1785749562.962878704 1785749562.957167149 -0.005711555 -0.002289962345 0.004696317670 0.001951449256 -0.039185575169 -0.006151883396 0.001979944222 0.022109120985 0.045795151074
906 1785749563.002891302 1785749562.990461349 -0.012429953 -0.002334420737 0.003678990134 0.002135680942 -0.040725414911 -0.007757012706 0.002136279278 0.021757137361 0.047119136270
907 1785749563.033078194 1785749563.023911238 -0.009166956 -0.002030960097 0.002224371547 0.002322043158 -0.041237698308 -0.008316175665 0.002171017121 0.021635078311 0.047507483415
908 1785749563.072889090 1785749563.057166100 -0.015722990 0.000622080981 0.001896016917 0.002378908213 -0.042380527720 -0.007677121451 0.002381290099 0.018913235774 0.047202430264
909 1785749563.102946520 1785749563.090480566 -0.012465954 0.003332325624 0.001893886388 0.002419611915 -0.042278457312 -0.007379351365 0.002393353094 0.017501141492 0.046631390643
910 1785749563.133325100 1785749563.140506029 0.007180929 0.003325429851 0.001921007968 0.002545689629 -0.040754186146 -0.006205366546 0.002447793171 0.015862364808 0.044477475896
911 1785749563.172910690 1785749563.173897028 0.000986338 0.003855898514 0.001923404813 0.002505209580 -0.039991216216 -0.006252275639 0.002408180525 0.012677708413 0.042775641008
912 1785749563.202909946 1785749563.207180023 0.004270077 0.001672018453 0.001999066722 0.001886823575 -0.039707411835 -0.005757020930 0.002518886913 0.009123660717 0.041349242284
913 1785749563.232933283 1785749563.240517855 0.007584572 -0.000343369690 0.002051530996 0.000650428075 -0.039650546779 -0.005412272823 0.002557028254 0.007865384091 0.040922010658
914 1785749563.272887468 1785749563.273977280 0.001089811 -0.002018203254 0.002093061307 0.000384761865 -0.039717405255 -0.005522138050 0.002841743150 0.008338392023 0.041160328791
915 1785749563.302910805 1785749563.307179451 0.004268646 -0.002385588230 0.002047003622 0.000200349730 -0.039684508650 -0.005606086685 0.002974064279 0.010643195927 0.041693314903
916 1785749563.342903852 1785749563.340542316 -0.002361536 -0.002490220930 0.002042476248 -0.000541213499 -0.039665993114 -0.005340672644 0.002935344354 0.012319075517 0.042106477930
917 1785749563.372952223 1785749563.373954296 0.001002073 -0.002493949356 0.002309576303 -0.001165556375 -0.039670254172 -0.005062853810 0.002936998046 0.013066142436 0.042327580112
918 1785749563.402911901 1785749563.407183170 0.004271269 -0.002453119062 0.002282959694 -0.001969961736 -0.039650014147 -0.004798181526 0.003060279428 0.013248704956 0.042369211798
919 1785749563.442902803 1785749563.440520525 -0.002382278 -0.002437406412 0.001791606473 -0.003964673512 -0.037310160813 -0.004696913874 0.003376673282 0.013439571569 0.040385672535
920 1785749563.473046303 1785749563.473920584 0.000874281 -0.002467850377 0.000732984938 -0.003516966915 -0.035750081047 -0.005258198038 0.003450709161 0.013565760873 0.038995522973
921 1785749563.502908945 1785749563.507246733 0.004337788 -0.002469448274 0.000368482114 -0.002294495623 -0.034200192089 -0.006657468803 0.003688739967 0.013519903392 0.037707668770
922 1785749563.542904377 1785749563.540540218 -0.002364159 -0.002467500132 0.000626174384 0.000062267110 -0.031074914886 -0.007701445203 0.003687725339 0.013528283914 0.035043699942
923 1785749563.573052168 1785749563.573895216 0.000843048 -0.002475180636 0.001965575157 0.001181758850 -0.029989142713 -0.006403133423 0.003815866524 0.013624721295 0.033940082864
924 1785749563.612908840 1785749563.607161522 -0.005747318 -0.002457996681 0.003397696600 0.001802321855 -0.029276548336 -0.005466206545 0.004120354924 0.011377231830 0.032469198931
925 1785749563.642962694 1785749563.640549898 -0.002412796 -0.002479834602 0.006007987376 0.002308651647 -0.029265571711 -0.004898443057 0.004245066818 0.008797916278 0.031991682036
926 1785749563.673147917 1785749563.674024343 0.000876427 -0.002473176699 0.008661028454 0.002506605179 -0.029087713817 -0.004610461548 0.005619957958 0.007306236708 0.032244837718
927 1785749563.712908268 1785749563.707174540 -0.005733728 -0.002512731208 0.009860251289 -0.000363905966 -0.029050302970 -0.007508403252 0.016011850713 0.005285705920 0.035892688302
928 1785749563.742901325 1785749563.740555048 -0.002346277 -0.002468649326 0.010050335330 0.000048609759 -0.029096992218 -0.008546644023 0.012707049819 0.004852333482 0.034810920243
929 1785749563.772896528 1785749563.773849964 0.000953436 -0.002481838539 0.012608064771 0.000858674977 -0.029116979058 -0.007150005805 0.009536492024 0.008420866071 0.035023375915
930 1785749563.812904119 1785749563.807148218 -0.005755901 -0.002471228558 0.013163703294 0.001432675326 -0.029253176784 -0.005742238104 0.011051578735 0.012521107681 0.036729821591
931 1785749563.842910767 1785749563.840559006 -0.002351761 -0.002530069889 0.012544322279 0.002923141598 -0.029302935233 -0.003742228452 0.009664275163 0.013861349708 0.036476123000
932 1785749563.882904768 1785749563.873930454 -0.008974314 -0.002513530156 0.012777518984 0.006284595262 -0.029244472281 -0.001297602693 0.007663851854 0.014228747816 0.036430670928
933 1785749563.912881136 1785749563.907181263 -0.005699873 -0.002521015141 0.012122022098 0.007780885754 -0.030015191101 0.000526802378 0.006857538960 0.014267559171 0.036954288291
934 1785749563.942867517 1785749563.940510988 -0.002356529 -0.002499177220 0.011136863870 0.008261434871 -0.031027724947 0.002161184339 0.006382333441 0.014268172917 0.037553059815
935 1785749563.982907295 1785749563.973914623 -0.008992672 -0.002502905646 0.009676660572 0.008074751941 -0.032580221271 0.003036958297 0.005991933193 0.014255400060 0.038404655231
936 1785749564.012896538 1785749564.007186174 -0.005710363 -0.002502877512 0.009046941096 0.007799722859 -0.032898202705 0.002978117439 0.005587082971 0.014297990478 0.038415571950
937 1785749564.042901754 1785749564.040511370 -0.002390385 -0.002500746983 0.009041586640 0.007995481597 -0.033131089576 0.003022325913 0.005285255366 0.014302956711 0.038616625899
938 1785749564.083091259 1785749564.073833704 -0.009257555 -0.002538325688 0.009031732944 0.008232249751 -0.033171569625 0.003118199712 0.005409257400 0.014247638916 0.038705512712
939 1785749564.112901449 1785749564.107159853 -0.005741596 -0.002498378272 0.009027233704 0.008228521325 -0.033162514877 0.003144298691 0.005416557182 0.014336193246 0.038729135560
940 1785749564.153051376 1785749564.140593767 -0.012457609 -0.002485566965 0.008873008543 0.008168054436 -0.033164645406 0.003208747189 0.005307604813 0.014328401624 0.038668966399
941 1785749564.182915688 1785749564.173848629 -0.009067059 -0.002509030916 0.008635203260 0.007647140127 -0.033164645406 0.003190105061 0.005294375280 0.014550526626 0.038589628574
942 1785749564.212885857 1785749564.207161903 -0.005723953 -0.002509030916 0.008212559595 0.006722520127 -0.033131622208 0.003176494806 0.005082030361 0.014494721677 0.038244635527
943 1785749564.252965450 1785749564.240509510 -0.012455940 -0.002534848577 0.007740366131 0.006263264563 -0.033173040929 0.003160782155 0.004815726888 0.014557704502 0.038093652783
944 1785749564.282949686 1785749564.273888588 -0.009061098 -0.002564942297 0.006802667112 0.006252414530 -0.033178367252 0.003181050314 0.004785087876 0.014556527648 0.037916495012
945 1785749564.312890291 1785749564.307158470 -0.005731821 -0.002520216193 0.006234082219 0.006211163667 -0.033156655923 0.003158385310 0.004761149430 0.014533482395 0.037775967348
946 1785749564.352876663 1785749564.340569973 -0.012306690 -0.002490094339 0.006233549587 0.004796365904 -0.033167714607 0.003174392411 0.004715464493 0.014535379427 0.037573258524
947 1785749564.382872820 1785749564.373836756 -0.009036064 -0.002539657269 0.006148062116 0.004389028849 -0.033184226206 0.003159184259 0.004651421089 0.014692668159 0.037579191461
948 1785749564.422908306 1785749564.407164574 -0.015743732 -0.002527391726 0.005495587649 0.004253207634 -0.033134467756 0.003147998982 0.004558204819 0.015000768236 0.037527084854
949 1785749564.452907324 1785749564.440598965 -0.012308359 -0.002530069889 0.005474016044 0.004277176083 -0.033168373831 0.003188479031 0.004559508265 0.015008067545 0.037563266215
950 1785749564.482892752 1785749564.490508080 0.007615328 -0.002524994881 0.005495587649 0.004323261903 -0.033108368778 0.003157852678 0.004537776776 0.015001747228 0.037510633571
951 1785749564.522925138 1785749564.523834229 0.000909090 -0.002537245422 0.005450874676 0.004339464523 -0.033128959047 0.003177293754 0.004539511581 0.014984190525 0.037519819505
952 1785749564.553220034 1785749564.557168245 0.003948212 -0.002575678871 0.005110760871 0.004263536297 -0.033127361151 0.003146401085 0.004560847347 0.015438632239 0.037648457214
953 1785749564.582870960 1785749564.590500355 0.007629395 -0.002525542515 0.004572830465 0.004128247714 -0.033164112774 0.003193833487 0.004505128669 0.015616815534 0.037663930129
954 1785749564.622922659 1785749564.623839855 0.000917196 -0.002528471992 0.004505452489 0.004038836298 -0.033173573562 0.003166108477 0.004563683051 0.015811388520 0.037740454516
955 1785749564.653021812 1785749564.657183170 0.004161358 -0.002553490705 0.004478526428 0.003824647350 -0.033134285369 0.003183951657 0.004444448444 0.016348541557 0.037897912729
956 1785749564.692918539 1785749564.690509081 -0.002409458 -0.002543104377 0.004369070508 0.003617524214 -0.033183160942 0.003150129511 0.004433141260 0.016641037758 0.038029791000
957 1785749564.722895861 1785749564.723942757 0.001046896 -0.002530321203 0.004231413213 0.003786562750 -0.033188487264 0.003182353760 0.004412602101 0.016676637845 0.038050358869
958 1785749564.752950191 1785749564.757178307 0.004228115 -0.002542054114 0.004251653238 0.003935290465 -0.033139079059 0.003151727408 0.004414788424 0.016924018796 0.038132267452
959 1785749564.792907238 1785749564.790472984 -0.002434254 -0.002536727792 0.004207444763 0.003983983650 -0.033173167521 0.003206322210 0.004403623308 0.017001696828 0.038199461303
960 1785749564.823080301 1785749564.823829651 0.000749350 -0.002548780944 0.004161610259 0.003937014953 -0.033149731704 0.003581057109 0.004444935597 0.017031894164 0.038221550522
961 1785749564.852917671 1785749564.857173920 0.004256248 -0.002535647525 0.004199188964 0.005555025040 -0.033163580141 0.004516331150 0.004296634083 0.017054102491 0.038528492970
962 1785749564.892914295 1785749564.890496254 -0.002418041 -0.002553490705 0.004219428988 0.007261831850 -0.033156655923 0.005473065206 0.004258339885 0.017085675017 0.038941367742
963 1785749564.922912359 1785749564.923834085 0.000921726 -0.002519934875 0.004764045431 0.007208162588 -0.033143340117 0.006552347334 0.004221131585 0.017060773052 0.039131904979
964 1785749564.952889681 1785749564.957162380 0.004272699 -0.002526592778 0.005297210282 0.007230939181 -0.033129491679 0.006764392621 0.004277464008 0.017126860241 0.039264193049
965 1785749564.992896795 1785749564.990517139 -0.002379656 -0.002529522255 0.005742224500 0.007313370583 -0.033153460129 0.006565092507 0.004249351249 0.017404691238 0.039447302007
966 1785749565.022901535 1785749565.023828745 0.000927210 -0.002536446474 0.006024519575 0.007256099488 -0.033167308567 0.007005566219 0.004216784255 0.019241171491 0.040404599268
967 1785749565.062903643 1785749565.057167530 -0.005736113 -0.002557569376 0.005990669295 0.007194343681 -0.033149731704 0.006973820203 0.004227447216 0.021283932796 0.041383618090
968 1785749565.092894316 1785749565.090490580 -0.002403736 -0.002589611238 0.005419953874 0.007197539474 -0.033185824103 0.006851554844 0.004228669549 0.021923887636 0.041649343107
969 1785749565.122884035 1785749565.123911858 0.001027822 -0.002569020968 0.005464190482 0.007194343681 -0.033161982245 0.006811650091 0.004242178058 0.022154534754 0.041751059334
970 1785749565.163103819 1785749565.157168388 -0.005935431 -0.002572300691 0.006239436675 0.007248825023 -0.033174765418 0.006991540056 0.004215515971 0.022311972129 0.041989690796
971 1785749565.192911148 1785749565.190541983 -0.002369165 -0.002587214393 0.006547298097 0.007229244223 -0.033114045345 0.006952434251 0.004213994029 0.022479651424 0.042068890854
972 1785749565.222897291 1785749565.223830700 0.000933409 -0.002553840950 0.006598430790 0.007173753411 -0.032963310427 0.007250568569 0.004178586646 0.022637570795 0.042078437557
973 1785749565.262910366 1785749565.257158041 -0.005752325 -0.002576477819 0.006586951063 0.007058257545 -0.032954255680 0.008228719503 0.004172945714 0.022647447467 0.042235770463
974 1785749565.292901278 1785749565.290492535 -0.002408743 -0.002524994881 0.006677792991 0.007000524614 -0.032986619653 0.008173695662 0.004173787798 0.022722371854 0.042292185181
975 1785749565.332909107 1785749565.323823452 -0.009085655 -0.002579407297 0.006920911464 0.006973065921 -0.032820032361 0.008092067870 0.004191537204 0.022774458694 0.042214417506
976 1785749565.362918377 1785749565.357168674 -0.005749702 -0.002564942297 0.007001899695 0.006989212746 -0.032813823161 0.007965809166 0.004170444779 0.022762537765 0.042192196725
977 1785749565.392904282 1785749565.390498400 -0.002405882 -0.002538577003 0.006996839689 0.007041284111 -0.032812575510 0.008460851416 0.004179276347 0.022777745445 0.042302753780
978 1785749565.432910919 1785749565.423841238 -0.009069681 -0.002563694646 0.007025208921 0.006988806705 -0.032807964207 0.009155967387 0.004191283547 0.022823435540 0.042466926326
979 1785749565.462911844 1785749565.457177401 -0.005734444 -0.002557569376 0.006944347282 0.007062589400 -0.032826956580 0.009691550143 0.004202179532 0.022918047159 0.042650623796
980 1785749565.492904425 1785749565.490506172 -0.002398252 -0.002600796514 0.007233048946 0.007605594814 -0.032251181152 0.008991024774 0.004165285842 0.022931200738 0.042202997496
981 1785749565.532913208 1785749565.523832560 -0.009080648 -0.002594671244 0.007855148374 0.007759834504 -0.032061564082 0.008424468145 0.004163520560 0.022965938580 0.042099115188
982 1785749565.562913895 1785749565.557180166 -0.005733728 -0.002553308318 0.007916695530 0.007842321701 -0.032028540885 0.008049991091 0.004207516171 0.022976753452 0.042035219048
983 1785749565.592909575 1785749565.590506792 -0.002402782 -0.002569903846 0.007899258391 0.008411873400 -0.032091264895 0.007833816474 0.004190319557 0.023247488160 0.042296391688
984 1785749565.632887840 1785749565.623837471 -0.009050369 -0.002590143870 0.007883672332 0.009102823979 -0.032058368289 0.007739541967 0.004175776260 0.023944596828 0.042780168898
985 1785749565.663090229 1785749565.657150030 -0.005940199 -0.002549313576 0.007876215481 0.009390377845 -0.032085938572 0.007595088442 0.004129553532 0.024132728065 0.042934223701
986 1785749565.703090191 1785749565.690494537 -0.012595654 -0.002566273878 0.008085007311 0.009173558532 -0.032067296445 0.007550782907 0.004116963062 0.024399604017 0.043054885504
987 1785749565.732899666 1785749565.723830700 -0.009068966 -0.002569903846 0.008347328678 0.008914184436 -0.032050252214 0.007491913914 0.004185688093 0.024521882035 0.043103771418
988 1785749565.762907982 1785749565.757155418 -0.005752563 -0.002565292543 0.008584588197 0.008858287584 -0.032026410356 0.007426442814 0.004175431173 0.024618000120 0.043163274990
989 1785749565.803159237 1785749565.790513754 -0.012645483 -0.002588462044 0.008705257529 0.008994865085 -0.032056237760 0.007414585181 0.004145471545 0.024673810228 0.043266032179
990 1785749565.832924604 1785749565.823849440 -0.009075165 -0.002580556490 0.008674603042 0.008954385037 -0.032069553566 0.007382487524 0.004148814564 0.024780626910 0.043316723576
991 1785749565.862910271 1785749565.857175827 -0.005734444 -0.002590143870 0.008696973595 0.008948302429 -0.032025345092 0.007385066756 0.004155485126 0.025588985861 0.043756650976
992 1785749565.902902603 1785749565.890504122 -0.012398481 -0.002588013341 0.008680461996 0.008898361592 -0.032040791426 0.007339526701 0.004130775865 0.026408813276 0.044228935866
993 1785749565.932919979 1785749565.923848629 -0.009071350 -0.002611182843 0.008672206197 0.008808249686 -0.032076883825 0.007346184604 0.004157565018 0.026493471322 0.044291003290
994 1785749565.972906351 1785749565.957179546 -0.015726805 -0.002568222020 0.008709784902 0.008801452059 -0.032076477784 0.007317016424 0.004140363245 0.026521492652 0.044304548439
995 1785749566.002900124 1785749566.007172585 0.004272461 -0.002611981791 0.008727095449 0.008856592626 -0.032090858854 0.007337256448 0.004152974348 0.026232848629 0.044164374490
996 1785749566.032920122 1785749566.040575266 0.007655144 -0.002580556490 0.008687119899 0.009028353384 -0.032161166307 0.007324739591 0.004132221852 0.025083006695 0.043564451097
997 1785749566.072893620 1785749566.073832273 0.000938654 -0.002552509370 0.008675135674 0.009208789114 -0.032164362100 0.007330725138 0.004145775839 0.025376417624 0.043772260955
998 1785749566.102899551 1785749566.107272625 0.004373074 -0.002602927043 0.008708158872 0.009177084365 -0.032360903389 0.007307682228 0.004172701900 0.025454362896 0.043963535536
999 1785749566.132916451 1785749566.140625238 0.007708788 -0.002597068089 0.008706827291 0.009101886160 -0.032513236203 0.007333121983 0.004170185964 0.025036466000 0.043823489397
1000 1785749566.172900438 1785749566.173841953 0.000941515 -0.002545585151 0.008670075668 0.009014970047 -0.032685991429 0.007303154854 0.004178139812 0.025074082660 0.043940829314
1001 1785749566.202897072 1785749566.207161903 0.004264832 -0.002605323888 0.008687119899 0.009000715569 -0.032727886987 0.007286643255 0.004149940782 0.025055094972 0.043959711038
1002 1785749566.242911339 1785749566.240515232 -0.002396107 -0.002603277289 0.008667427509 0.008471811777 -0.032736941735 0.007295698003 0.004153714686 0.024991224111 0.043822621314
1003 1785749566.272898197 1785749566.273843050 0.000944853 -0.002596269141 0.008644790639 0.007726253264 -0.032709244859 0.007298627480 0.004167482010 0.024950037468 0.043637196822
1004 1785749566.302891016 1785749566.307230473 0.004339457 -0.002604524940 0.008702299917 0.007363404131 -0.032726821723 0.007289572733 0.004163758743 0.024958397356 0.043602459914
1005 1785749566.342918873 1785749566.340514421 -0.002404451 -0.002611981791 0.008706827291 0.006429699853 -0.032687589325 0.007259395083 0.004177029070 0.024811455556 0.043338268795
1006 1785749566.372904778 1785749566.373841524 0.000936747 -0.002583135722 0.008692446221 0.006234223829 -0.032709244859 0.007284961430 0.004021281021 0.024834551445 0.043324216866
1007 1785749566.402972937 1785749566.407172680 0.004199743 -0.002580556490 0.008204821426 0.006168583474 -0.032739604896 0.007089569335 0.004062750378 0.024843524133 0.043218978963
1008 1785749566.442909956 1785749566.440572262 -0.002337694 -0.002568572265 0.007925455827 0.006168933720 -0.033277030804 0.006628758537 0.004043124100 0.024856515012 0.043508166666
1009 1785749566.472879410 1785749566.473905325 0.001025915 -0.002581005193 0.007897241321 0.006037555949 -0.034360278143 0.006626711937 0.004077755511 0.024809338610 0.044296201729
1010 1785749566.512912035 1785749566.507199049 -0.005712986 -0.002586864148 0.007920129505 0.005842739149 -0.035133127492 0.006574696367 0.004062917764 0.024776061755 0.044849545536
1011 1785749566.542896748 1785749566.540507078 -0.002389669 -0.002599198618 0.007413862582 0.005853265201 -0.035296421929 0.006619703789 0.004075817685 0.024627232767 0.044819110524
1012 1785749566.572895527 1785749566.573829412 0.000933886 -0.002610383894 0.006913454613 0.005842079925 -0.035308363491 0.006589077437 0.004025821054 0.024652028299 0.044752274411
1013 1785749566.612909794 1785749566.607167959 -0.005741835 -0.002614112320 0.006712918583 0.005875635754 -0.035270855583 0.006582153218 0.004024451495 0.025140304818 0.044966755335
1014 1785749566.642876863 1785749566.640587330 -0.002289534 -0.002572749394 0.006715848060 0.005838884131 -0.035288782691 0.006592805862 0.004055532183 0.025985895022 0.045456480032
1015 1785749566.672904968 1785749566.673822641 0.000917673 -0.002575230168 0.006733691239 0.005815042273 -0.035313816406 0.006598664817 0.004028915573 0.027121753364 0.046132621837
1016 1785749566.712909460 1785749566.707160473 -0.005748987 -0.002610383894 0.006716928326 0.006556998953 -0.035288782691 0.006581620586 0.004052924816 0.027074769147 0.046184528825
1017 1785749566.742906809 1785749566.740587473 -0.002319336 -0.002611182843 0.007788303031 0.006572318696 -0.035303878780 0.006575495315 0.004056521019 0.026107667435 0.045807619129
1018 1785749566.772904634 1785749566.773843288 0.000938654 -0.002573099639 0.008432004068 0.006650082999 -0.035293226136 0.006609850093 0.004034799846 0.025826912522 0.045766298603
1019 1785749566.812902212 1785749566.807159662 -0.005742550 -0.002609851262 0.008612285072 0.006727441263 -0.035285054266 0.006608518513 0.004069563007 0.026048491645 0.045935107219
1020 1785749566.842907429 1785749566.840560198 -0.002347231 -0.002620587836 0.008679691182 0.007138100703 -0.035291445852 0.006580821637 0.004042267014 0.026655371613 0.046355141284
1021 1785749566.882891178 1785749566.873818874 -0.009072304 -0.002606655469 0.008826669540 0.008133463727 -0.035702287679 0.006604790087 0.004018901993 0.026064530481 0.046525755235
1022 1785749566.912888765 1785749566.907197475 -0.005691290 -0.002577627013 0.008968083394 0.009071023022 -0.036314282098 0.006571766890 0.004030985149 0.025471145775 0.046864671685
1023 1785749566.942886353 1785749566.940608025 -0.002278328 -0.002557036743 0.009384601788 0.009381674197 -0.036763641303 0.006554456343 0.004061715591 0.024518820857 0.046848920243
1024 1785749566.982887983 1785749566.973812819 -0.009075165 -0.002611182843 0.009571023065 0.009671202470 -0.037707115348 0.006546200543 0.004045756784 0.024454305300 0.047655171814
1025 1785749567.012923241 1785749567.007153988 -0.005769253 -0.002607454417 0.009522834851 0.009536855825 -0.039034785081 0.006509042880 0.004030335768 0.024098711372 0.048492354066
1026 1785749567.042895794 1785749567.040505171 -0.002390623 -0.002581888071 0.009512182206 0.009371139675 -0.040108306712 0.006549396336 0.004031375714 0.023818204531 0.049194468511
1027 1785749567.082887650 1785749567.073835850 -0.009051800 -0.002638431015 0.009480406660 0.008775715916 -0.040565658667 0.006342468720 0.004037184032 0.023685211496 0.049365375412
1028 1785749567.112901688 1785749567.107159376 -0.005742311 -0.002578958593 0.009513780103 0.007988473762 -0.040700682330 0.006130481097 0.004035185253 0.023477189062 0.049219591823
1029 1785749567.142882824 1785749567.140507221 -0.002375603 -0.002607804662 0.009549732778 0.007741403209 -0.040627279411 0.005695320575 0.004044727155 0.023460839217 0.049068428427
1030 1785749567.182898760 1785749567.173834562 -0.009064198 -0.002595820437 0.008621621138 0.007180541484 -0.040745553294 0.005230332649 0.004046107029 0.023845590962 0.049042537598
1031 1785749567.212877512 1785749567.207246780 -0.005630732 -0.002598399669 0.007276458471 0.007064889496 -0.041537409544 0.004314205234 0.004039055746 0.024269561050 0.049587352375
1032 1785749567.252882957 1785749567.240553141 -0.012329817 -0.002604524940 0.006770724180 0.007118026125 -0.042389650623 0.003960803757 0.004058905204 0.024328240604 0.050241427137
1033 1785749567.282958031 1785749567.273831367 -0.009126663 -0.002602128095 0.006683106181 0.007032804971 -0.042791753213 0.003936036359 0.004058682024 0.024208142333 0.050497810892
1034 1785749567.312897205 1785749567.307166815 -0.005730391 -0.002613130985 0.006623185056 0.006975939915 -0.043623466350 0.003962135337 0.004044772633 0.023952369597 0.051069954957
1035 1785749567.352915287 1785749567.340572596 -0.012342691 -0.002622718364 0.006614647939 0.007002977566 -0.043329898260 0.003969059556 0.004063942708 0.023498304348 0.050612185967
1036 1785749567.382876873 1785749567.373832703 -0.009044170 -0.002621919416 0.006598683974 0.007016826004 -0.042662011110 0.003947221635 0.004074498764 0.023145637554 0.049875873599
1037 1785749567.412905931 1785749567.407251596 -0.005654335 -0.002607005714 0.005632222814 0.007789269312 -0.043054138074 0.003955604027 0.004058606069 0.022794624452 0.050045618436
1038 1785749567.452897549 1785749567.440681219 -0.012216330 -0.002581888071 0.005007711539 0.009438704699 -0.043025950687 0.003955477435 0.004048770191 0.023023244634 0.050340570468
1039 1785749567.482878447 1785749567.473828316 -0.009050131 -0.002637099434 0.004909159577 0.010581398196 -0.042788700492 0.003999237206 0.004021281021 0.023433041357 0.050548640390
1040 1785749567.522890091 1785749567.507156134 -0.015733957 -0.002607005714 0.004899054566 0.012745512428 -0.042243827057 0.003957607964 0.004052097734 0.023579736978 0.050654440859
1041 1785749567.552895784 1785749567.540526152 -0.012369633 -0.002604875185 0.004911584556 0.013240531206 -0.041470587525 0.003965415060 0.004070460886 0.024275384185 0.050473931684
1042 1785749567.582904577 1785749567.590759516 0.007854939 -0.002593689909 0.004890798767 0.011764188469 -0.041540029895 0.003977315356 0.004047339679 0.024583306987 0.050310598608
1043 1785749567.622882843 1785749567.623807669 0.000924826 -0.002595820437 0.004861503995 0.011639400528 -0.042187304631 0.003971190085 0.004054141991 0.024075565425 0.050571297097
1044 1785749567.652871847 1785749567.657154322 0.004282475 -0.002580556490 0.004895044823 0.010858886531 -0.043430792209 0.003940690325 0.004041698747 0.023772875103 0.051300914454
1045 1785749567.682883024 1785749567.690532684 0.007649660 -0.002615261513 0.004882542967 0.010645009827 -0.044635624081 0.003981576413 0.004059721970 0.023526243860 0.052174250673
1046 1785749567.722878218 1785749567.723797560 0.000919342 -0.002605674133 0.004891316397 0.010415686789 -0.044817970806 0.003975717459 0.004088890150 0.023319788846 0.052193768364
1047 1785749567.752872705 1785749567.757122993 0.004250288 -0.002603277289 0.003937387097 0.010228076922 -0.044482495896 0.004022855410 0.004090209072 0.023220850057 0.051746566279
1048 1785749567.792869329 1785749567.790513039 -0.002356291 -0.002597068089 0.003168798806 0.010027992861 -0.043217363436 0.003996084075 0.004063004035 0.023010498759 0.050468276517
1049 1785749567.822877884 1785749567.823797703 0.000919819 -0.002631773112 0.003049474187 0.010683692652 -0.042688468968 0.003991430109 0.004040709437 0.022906233648 0.050096173317
1050 1785749567.852890968 1785749567.857142210 0.004251242 -0.002638431015 0.003037489963 0.011996690130 -0.041909467542 0.004023654359 0.004072297438 0.022778578671 0.049680466527
1051 1785749567.892901182 1785749567.890808821 -0.002092361 -0.002613130985 0.003055333142 0.015162412175 -0.041404456199 0.004624813746 0.004053046250 0.022611020810 0.050094566555
1052 1785749567.922896862 1785749567.924002409 0.001105547 -0.002643476019 0.003181300661 0.016317398333 -0.041320791674 0.004769605780 0.004062801015 0.022576704010 0.050395803472
1053 1785749567.952889919 1785749567.957163334 0.004273415 -0.002592890960 0.003534730272 0.015949265853 -0.041343694859 0.005096908278 0.004055293527 0.022526453248 0.050326559221
1054 1785749567.992893934 1785749567.990665436 -0.002228498 -0.002628044687 0.003536328169 0.013889754019 -0.041341031698 0.005428738150 0.004036377583 0.022536340236 0.049750061080
1055 1785749568.022886038 1785749568.023970366 0.001084328 -0.002638431015 0.003525142892 0.012483468817 -0.041309073765 0.005475077153 0.004075630140 0.022544725443 0.049361081794
1056 1785749568.052882433 1785749568.057284117 0.004401684 -0.002648802341 0.003523516861 0.011473061149 -0.041312872987 0.005494112188 0.004028093649 0.022511245096 0.049101760605
1057 1785749568.092883825 1785749568.090538025 -0.002345800 -0.002613130985 0.003513130533 0.011186505870 -0.041302149546 0.005562961469 0.004061360660 0.022523084911 0.049039846605
1058 1785749568.122879982 1785749568.123810530 0.000930548 -0.002638431015 0.003549910290 0.010558518811 -0.041277186629 0.005516482742 0.004023497821 0.022497518565 0.048863177290
1059 1785749568.162893295 1785749568.157285213 -0.005608082 -0.002630175216 0.003526446339 0.009962765867 -0.041276653997 0.005560564624 0.004060503101 0.022487413554 0.048738730462
1060 1785749568.192903280 1785749568.190543652 -0.002359629 -0.002603277289 0.003554437664 0.009446219001 -0.041282512951 0.005521682472 0.004063318646 0.022514501842 0.048649669451
1061 1785749568.222916603 1785749568.223894596 0.000977993 -0.002638431015 0.002641211592 0.009098219306 -0.041324058264 0.005552308824 0.004052503774 0.022456099370 0.048537820531
1062 1785749568.262897968 1785749568.257380009 -0.005517960 -0.002593339663 0.002349090955 0.010513635027 -0.041315997984 0.005560564624 0.004058742978 0.022428580197 0.048787563302
1063 1785749568.292887926 1785749568.290546179 -0.002341747 -0.002630974164 0.002249362138 0.011358545847 -0.041363711230 0.005552308824 0.004036620923 0.022415669959 0.049005505069
1064 1785749568.322884798 1785749568.323790550 0.000905752 -0.002618989939 0.001933244917 0.012018565756 -0.041409812051 0.005669348188 0.004032111367 0.022463957103 0.049222391255
1065 1785749568.362911224 1785749568.357187033 -0.005724192 -0.002637898383 0.000761187721 0.013096976201 -0.041393538634 0.005666824751 0.004025800894 0.022443189605 0.049441991021
1066 1785749568.392894506 1785749568.390562296 -0.002332211 -0.002616578092 0.000693361042 0.012260621147 -0.041392473370 0.005949512735 0.004063744846 0.022449829691 0.049263500587
1067 1785749568.432900667 1785749568.423827887 -0.009072781 -0.002638948645 0.000805968224 0.012869423892 -0.041389572027 0.007657930574 0.004068396469 0.022373794560 0.049619701855
1068 1785749568.462898016 1785749568.457177162 -0.005720854 -0.002595820437 0.000866589839 0.013912415691 -0.041400224671 0.009110418633 0.004093151208 0.022383488372 0.050157724640
1069 1785749568.492899656 1785749568.490515947 -0.002383709 -0.002608603611 0.000932060939 0.015018658927 -0.041382885990 0.009792876626 0.004047258566 0.022359037927 0.050576518571
1070 1785749568.532904148 1785749568.523821592 -0.009082556 -0.002593689909 0.000944717521 0.016141019458 -0.041382353358 0.010526544168 0.004063232374 0.022382154449 0.051077688126
1071 1785749568.562894344 1785749568.557168245 -0.005726099 -0.002597068089 0.000951375423 0.014602156159 -0.041412475212 0.010714097698 0.004070166909 0.022418576460 0.050693359172
1072 1785749568.592902660 1785749568.590535641 -0.002367020 -0.002630692846 0.000957906734 0.013430902885 -0.041387679680 0.011099428431 0.004027566175 0.022362517854 0.050405040595
1073 1785749568.632900953 1785749568.623823166 -0.009077787 -0.002633622323 0.001045524734 0.013115609793 -0.041379690197 0.011715153999 0.004057272146 0.022375230230 0.050464683570
1074 1785749568.662898779 1785749568.657172203 -0.005726576 -0.002595820437 0.001089200576 0.013125242559 -0.041373298610 0.011308772869 0.004030422040 0.022411362949 0.050382023646
1075 1785749568.692891359 1785749568.690482378 -0.002408981 -0.002621386784 0.001105319267 0.013302851390 -0.041417268902 0.010835436202 0.004080951304 0.022390782996 0.050357297606
1076 1785749568.732908010 1785749568.723818302 -0.009089708 -0.002613130985 0.001099460312 0.013871968373 -0.041381288093 0.010695709690 0.004020662117 0.022398320961 0.050449266484
1077 1785749568.762901545 1785749568.757159472 -0.005742073 -0.002616060462 0.001106118215 0.013546940248 -0.041374896507 0.010325126982 0.004063364124 0.022430994386 0.050296496948
1078 1785749568.802895784 1785749568.790493727 -0.012402058 -0.002626446790 0.001120849530 0.013129587628 -0.041383951254 0.009599543031 0.003981876080 0.022369533503 0.050015743639
1079 1785749568.832904816 1785749568.823826075 -0.009078741 -0.002569371214 0.001109846641 0.012525557283 -0.041388212312 0.009077352394 0.003985853004 0.022420341742 0.049786184892
1080 1785749568.862910509 1785749568.857157946 -0.005752563 -0.002649334974 0.001106917163 0.011785373271 -0.041382885990 0.008795107910 0.004005108877 0.022397311491 0.049545099654
1081 1785749568.902889013 1785749568.890482903 -0.012406111 -0.002636019168 0.001077622391 0.012699082238 -0.041385016519 0.008671038796 0.004030127590 0.022372140869 0.049739699218
1082 1785749568.932940960 1785749568.923820496 -0.009120464 -0.002634702589 0.001103987686 0.014099393400 -0.041384483887 0.009122013692 0.004006453117 0.022408725107 0.050209985149
1083 1785749568.962892532 1785749568.957144737 -0.005747795 -0.002643476019 0.000880015839 0.014907441861 -0.041353058586 0.009506648216 0.004012840019 0.022373875674 0.050469190885
1084 1785749569.002879381 1785749568.990476370 -0.012403011 -0.002624034943 0.000710989038 0.015578968616 -0.041362113334 0.011038419208 0.003989581430 0.022337514143 0.050967124149
1085 1785749569.032896996 1785749569.023810863 -0.009086132 -0.002617658358 0.000601672842 0.016263020156 -0.041388744944 0.011224123053 0.004020925617 0.022354802188 0.051250503804
1086 1785749569.062896490 1785749569.057163715 -0.005732775 -0.002598749915 0.000624842343 0.016271867961 -0.041360109397 0.010981579333 0.003988993002 0.022331655189 0.051164306294
1087 1785749569.102887869 1785749569.090510130 -0.012377739 -0.002605674133 0.000617791533 0.015567377693 -0.041333477786 0.011894934247 0.004032709637 0.022316264649 0.051124736810
1088 1785749569.132897139 1785749569.123824120 -0.009073019 -0.002657058141 0.000670129214 0.014182989473 -0.041379690197 0.011715875484 0.004015147776 0.022301432061 0.050711754104
1089 1785749569.172888279 1785749569.157158613 -0.015729666 -0.002633371009 0.000398570712 0.012617655890 -0.041379690197 0.010602526808 0.004012383341 0.022325785918 0.050055279582
1090 1785749569.203008652 1785749569.207148075 0.004139423 -0.002627763369 -0.000921854087 0.010381588753 -0.041350928057 0.009113774143 0.003999818190 0.022311633186 0.049216866942
1091 1785749569.232905626 1785749569.240486622 0.007580996 -0.002657058141 -0.001216445632 0.010092458050 -0.041360109397 0.008744697474 0.004013915126 0.022296465827 0.049099589547
1092 1785749569.272882223 1785749569.273811340 0.000929117 -0.002643476019 -0.001746618136 0.010406207957 -0.041451595546 0.008487791020 0.004010090586 0.022290814578 0.049209413888
1093 1785749569.302883148 1785749569.307165861 0.004282713 -0.002610201507 -0.001919322229 0.011250430023 -0.041470770306 0.008608491278 0.004011039102 0.022585923304 0.049570277420
1094 1785749569.332899809 1785749569.340564489 0.007664680 -0.002619507569 -0.001869440453 0.011507623853 -0.041488473761 0.009196995481 0.004026033917 0.022549166522 0.049732625862
1095 1785749569.372885942 1785749569.373822451 0.000936508 -0.002621638098 -0.001771325931 0.012358187769 -0.041474625323 0.009483934655 0.003970568897 0.022765942677 0.050068737875
1096 1785749569.402897835 1785749569.407148838 0.004251003 -0.002625366524 -0.001690408497 0.012712006479 -0.041473560059 0.010095989531 0.004030219020 0.022817582684 0.050301243250
1097 1785749569.432890415 1785749569.440629721 0.007739305 -0.002622718364 -0.001713577998 0.012815093270 -0.041517109309 0.010565584953 0.004031558101 0.022832932903 0.050467215627
1098 1785749569.472889900 1785749569.473807573 0.000917673 -0.002618190991 -0.001679882444 0.012941234165 -0.041506583257 0.010117277338 0.003980100481 0.022791854110 0.050374775819
1099 1785749569.502906561 1785749569.507168055 0.004261494 -0.002653862347 -0.001656040587 0.012071838118 -0.041514040108 0.009562089768 0.003974941544 0.022871124881 0.050092437870
1100 1785749569.542901516 1785749569.540679216 -0.002222300 -0.002629094949 -0.001684409818 0.010939466143 -0.041474625323 0.009841573488 0.004008959210 0.022883162558 0.049861140112
1101 1785749569.572881699 1785749569.573816061 0.000934362 -0.002607005714 -0.001694263514 0.010584415637 -0.041491669554 0.010234368146 0.004026206461 0.022865895147 0.049870405003
1102 1785749569.602878571 1785749569.607145786 0.004267216 -0.002610201507 -0.001684536410 0.010582594087 -0.041499659038 0.011543949444 0.004022193902 0.022852934272 0.050155370899
1103 1785749569.642892838 1785749569.640555620 -0.002337217 -0.002613130985 -0.001703850894 0.010659825758 -0.041526696689 0.011890739801 0.004004809742 0.022849571093 0.050272866218
1104 1785749569.672967196 1785749569.673804522 0.000837326 -0.002655810489 -0.001486130909 0.010737184022 -0.041508181153 0.011690097697 0.003998139180 0.022810602197 0.050204035808
1105 1785749569.702895641 1785749569.707156897 0.004261255 -0.002625366524 -0.001336068348 0.010759807759 -0.041504452728 0.011379619896 0.004004322588 0.022808136897 0.050127957712
1106 1785749569.742906094 1785749569.740498066 -0.002408028 -0.002624833892 -0.001349777061 0.011024525971 -0.041360109397 0.010390580386 0.004014001398 0.023861419924 0.050342369849
1107 1785749569.772888422 1785749569.773819447 0.000931025 -0.002610201507 -0.001659236380 0.010978425150 -0.041384483887 0.009871962053 0.004001071000 0.026940911390 0.051788458686
1108 1785749569.812892199 1785749569.807151556 -0.005740643 -0.002602478340 -0.001704104078 0.010997894360 -0.041349862793 0.009563000632 0.003992107682 0.028433690014 0.052500517428
1109 1785749569.842895985 1785749569.840535879 -0.002360106 -0.002559068814 -0.001913834580 0.011005589393 -0.041268496655 0.009455076473 0.003999640488 0.027117384541 0.051722060569
1110 1785749569.872889996 1785749569.873883486 0.000993490 -0.002601398074 -0.001868154801 0.010998132542 -0.040438529068 0.009395243940 0.004027515065 0.026079132346 0.050508449363
1111 1785749569.912895679 1785749569.907161951 -0.005733728 -0.002600865442 -0.001316081507 0.010984354902 -0.038842889534 0.009202223821 0.004021574998 0.024663331080 0.048446430005
1112 1785749569.942890167 1785749569.940503836 -0.002386332 -0.002582755946 -0.000441233089 0.010887374571 -0.037736079785 0.009413568618 0.004030939197 0.023826801636 0.047138012036
1113 1785749569.972890854 1785749569.973824263 0.000933409 -0.002577977258 0.001298610051 0.010879455885 -0.037272689756 0.011065949881 0.004032516934 0.023685175842 0.047070716066
1114 1785749570.012893915 1785749570.007165909 -0.005728006 -0.002595539120 0.003208629185 0.010857085332 -0.035599691959 0.011155313430 0.003975200360 0.023618717775 0.045829396232
1115 1785749570.042883635 1785749570.040506601 -0.002377033 -0.002547084590 0.003998789080 0.011103723579 -0.034464526110 0.010217965509 0.004007432110 0.023581144228 0.044834260178
1116 1785749570.072875261 1785749570.073804617 0.000929356 -0.002586765690 0.004097718949 0.010999357195 -0.033959590768 0.009917738121 0.003984092881 0.023550443789 0.044346141313
1117 1785749570.112892866 1785749570.107154608 -0.005738258 -0.002606724396 0.004109703174 0.010838084489 -0.032904040303 0.010098867268 0.003977807726 0.023569009962 0.043556089367
1118 1785749570.142901659 1785749570.140511274 -0.002390385 -0.002593941223 0.003969088268 0.010598235398 -0.032027201081 0.009636030931 0.003995267840 0.023458176036 0.042657328509
1119 1785749570.182886124 1785749570.173814058 -0.009072065 -0.002571570670 0.003440983424 0.010543094831 -0.031220389862 0.009366341303 0.003982231010 0.023382987675 0.041888823811
1120 1785749570.212904215 1785749570.207150936 -0.005753279 -0.002581956998 0.003466283454 0.010506119555 -0.030901749204 0.009144153005 0.003978842513 0.023314932185 0.041557322575
1121 1785749570.242909431 1785749570.240517855 -0.002391577 -0.002581158050 0.003482262421 0.010489607956 -0.030721719514 0.009032918197 0.004025060083 0.023350486793 0.041420820933
1122 1785749570.282901049 1785749570.273831129 -0.009069920 -0.002573982517 0.003472408725 0.010423282113 -0.030774673757 0.009581194138 0.003998616017 0.023343161692 0.041558389913
1123 1785749570.312899828 1785749570.307151318 -0.005748510 -0.002577178310 0.003450570804 0.010561669428 -0.030756635059 0.009589730782 0.004020799025 0.024227564671 0.042085299088
1124 1785749570.342886209 1785749570.340509415 -0.002376795 -0.002637168362 0.003459625551 0.010681764861 -0.030802538491 0.010108685687 0.004018465476 0.026842672113 0.043825595047
1125 1785749570.382884026 1785749570.373808384 -0.009075642 -0.002602995971 0.003809564919 0.010666977751 -0.031179109469 0.014492012055 0.003999645647 0.026618675351 0.045186049957
1126 1785749570.412909269 1785749570.407171488 -0.005737782 -0.002603794919 0.004467771748 0.010665379854 -0.031240067724 0.014782716099 0.004008751031 0.025388608027 0.044672285467
1127 1785749570.452883720 1785749570.440656424 -0.012227297 -0.002609653873 0.006402418556 0.010589775610 -0.027726292982 0.017214059160 0.003972481404 0.024807460279 0.043083714481
1128 1785749570.482892752 1785749570.473817110 -0.009075642 -0.002578228572 0.007127597321 0.011719167829 -0.021170823501 0.015705399775 0.004162052995 0.024396964439 0.038758053480
1129 1785749570.512898922 1785749570.507151842 -0.005747080 -0.002551611963 0.008176210434 0.017241528196 -0.015572872564 0.012811583837 0.004124251109 0.023623859022 0.036774701057
1130 1785749570.552889824 1785749570.540546894 -0.012342930 -0.002562264608 0.010283303488 0.017497386638 -0.017158683499 0.010921343204 0.004138617177 0.022756756205 0.036975185349
1131 1785749570.582905531 1785749570.573841810 -0.009063721 -0.002598818842 0.009931225122 0.015977215203 -0.021039620336 0.012960017344 0.004135745838 0.022750369304 0.038806776058
1132 1785749570.612907171 1785749570.607189417 -0.005717754 -0.002670625734 0.009651149167 0.014553806503 -0.024937878915 0.014807800026 0.004141072160 0.022726690146 0.041072008422
1133 1785749570.652894020 1785749570.640583992 -0.012310028 -0.002633972568 0.009128020400 0.014865518592 -0.027093060871 0.013198641010 0.004080280344 0.022721764233 0.041861767047
1134 1785749570.682896376 1785749570.673842669 -0.009053707 -0.002628113614 0.009090736144 0.015335419185 -0.027527794293 0.011663353822 0.004026747990 0.022751886087 0.041861675161
1135 1785749570.712899685 1785749570.707229853 -0.005669832 -0.002630244143 0.009104051950 0.015276042740 -0.027625798621 0.010155817908 0.004041808917 0.022724148418 0.041499493436
1136 1785749570.752890587 1785749570.740519524 -0.012371063 -0.002601748319 0.009116835123 0.014579452511 -0.027775341682 0.009468494886 0.004081431880 0.022706571555 0.041180270657
1137 1785749570.782907248 1785749570.773820639 -0.009086609 -0.002629445195 0.009098725628 0.013302584348 -0.028648325887 0.009990593977 0.004069789926 0.022710198707 0.041467027865
1138 1785749570.822908878 1785749570.807174921 -0.015733957 -0.002606275693 0.009073425597 0.012120271536 -0.029424903661 0.009790192467 0.004028893521 0.022728840835 0.041599587977
1139 1785749570.852898836 1785749570.857176542 0.004277706 -0.002638051239 0.009110177220 0.011242185516 -0.029602270190 0.009109754267 0.004008126023 0.022743754537 0.041339652228
1140 1785749570.882917166 1785749570.890543222 0.007626057 -0.002623137537 0.009113106697 0.010603568811 -0.029582968838 0.008923535041 0.003997463062 0.022715458918 0.041098887374
1141 1785749570.922903776 1785749570.923834085 0.000930309 -0.002629445195 0.009132898019 0.010437852660 -0.029867521034 0.008925066803 0.004005011343 0.022749704921 0.041286649131
1142 1785749570.952887535 1785749570.957169056 0.004281521 -0.002630594388 0.009036225271 0.010304977320 -0.029856868390 0.008643210564 0.004019925045 0.022701838819 0.041139238126
1143 1785749570.982908726 1785749570.990566969 0.007658243 -0.002619058866 0.008487530157 0.010504743932 -0.029905743962 0.009434410856 0.003993983135 0.022693002093 0.041273879851
1144 1785749571.022887230 1785749571.023832560 0.000945330 -0.002595889365 0.008337061556 0.012624523098 -0.029857933654 0.009781724521 0.004001013785 0.022699895835 0.041881923778
1145 1785749571.052893639 1785749571.057179451 0.004285812 -0.002654562838 0.008331552847 0.013772463650 -0.029856335758 0.009183028967 0.004008156499 0.022739625229 0.042131068247
1146 1785749571.092912674 1785749571.090539932 -0.002372742 -0.002593492520 0.008336262607 0.014304567356 -0.029883373409 0.010094553007 0.004015197467 0.022717447380 0.042520117095
1147 1785749571.122882843 1785749571.123836517 0.000953674 -0.002662019689 0.008313892054 0.013856277535 -0.029862194712 0.010264682530 0.003997300835 0.022739128232 0.042407125866
1148 1785749571.152888775 1785749571.157174349 0.004285574 -0.002594291468 0.008337860504 0.013451163720 -0.029856868390 0.009728870375 0.003944062458 0.022715093671 0.042128359681
1149 1785749571.193005323 1785749571.190621138 -0.002384186 -0.002601215687 0.008625832147 0.013399337923 -0.029885503938 0.008923671040 0.003866819997 0.022749983897 0.042023836982
1150 1785749571.222890377 1785749571.223829508 0.000939131 -0.002624735434 0.009083811925 0.012530127530 -0.029874977885 0.008440020780 0.003907264884 0.022728242091 0.041737236767
1151 1785749571.252895832 1785749571.257173300 0.004277468 -0.002658291263 0.009665179991 0.011625760144 -0.029875510518 0.008177633751 0.003948896468 0.022741624008 0.041567241717
1152 1785749571.292893410 1785749571.290607452 -0.002285957 -0.002658291263 0.010006597243 0.011287936256 -0.029909472388 0.008052060536 0.003910592427 0.022752499833 0.041557155881
1153 1785749571.323011637 1785749571.323828220 0.000816584 -0.002656160735 0.010028785409 0.010967380252 -0.029848878907 0.007976890465 0.003922726220 0.022744459713 0.041414969979
1154 1785749571.362959146 1785749571.357151270 -0.005807877 -0.002603346216 0.010022309894 0.008974161695 -0.029858466287 0.007967807584 0.003924100936 0.022721241917 0.040919763615
1155 1785749571.393062115 1785749571.390496254 -0.002565861 -0.002638499942 0.009830562295 0.008527577714 -0.029862194712 0.007920445979 0.003900563845 0.022830269295 0.040831861953
1156 1785749571.422888041 1785749571.423824787 0.000936747 -0.002623137537 0.009744990895 0.007977074182 -0.029839950751 0.007909260702 0.003936163932 0.022795972654 0.040664582034
1157 1785749571.462889194 1785749571.457172155 -0.005717039 -0.002621539640 0.009761852739 0.007617111865 -0.029847281010 0.007870505142 0.003895318636 0.022790072907 0.040590055400
1158 1785749571.493033409 1785749571.490541220 -0.002492189 -0.002610004119 0.009763983268 0.007342273640 -0.029886163162 0.007875831465 0.003913550038 0.022793578152 0.040572540241
1159 1785749571.522880793 1785749571.523816347 0.000935555 -0.002674354159 0.009744542192 0.006492766519 -0.029854737861 0.007875032516 0.003915999863 0.022782448670 0.040397534851
1160 1785749571.562893629 1785749571.557148218 -0.005745411 -0.002600416739 0.009743743244 0.005934665016 -0.029912135549 0.007902729392 0.003918160868 0.022752656428 0.040337913834
1161 1785749571.593013525 1785749571.590636492 -0.002377033 -0.002621189395 0.009624699943 0.005341647968 -0.029880836840 0.007905658869 0.003908634442 0.022753929871 0.040204742084
1162 1785749571.622892618 1785749571.623829603 0.000936985 -0.002639649136 0.009632955742 0.004870533375 -0.029873379989 0.007844266440 0.003943037514 0.022808405582 0.040164734995
1163 1785749571.662904024 1785749571.657172441 -0.005731583 -0.002600416739 0.009608637047 0.004394863274 -0.029878173679 0.007884746488 0.003814256319 0.022758966901 0.040072390889
1164 1785749571.692974806 1785749571.690548420 -0.002426386 -0.002601215687 0.009605791499 0.004366757092 -0.029863792609 0.007838534077 0.003799585958 0.022782712171 0.040060999409
1165 1785749571.732903004 1785749571.723829031 -0.009073973 -0.002644975458 0.009608637047 0.004516620869 -0.029845150481 0.007819891949 0.003845681620 0.022798955111 0.040077262928
1166 1785749571.762902498 1785749571.757171392 -0.005731106 -0.002653763890 0.009617243092 0.004732557304 -0.029890830260 0.007824951955 0.003781719803 0.022780581642 0.040123295446
1167 1785749571.792963982 1785749571.790597916 -0.002366066 -0.002629795440 0.009606590447 0.004894545030 -0.029877108414 0.007848121457 0.003816391533 0.022757165985 0.040122899206
1168 1785749571.832895279 1785749571.823804140 -0.009091139 -0.002641247033 0.009623900994 0.004994117724 -0.029776846965 0.007844393031 0.003858185818 0.022771532053 0.040076929213
1169 1785749571.862966537 1785749571.857152700 -0.005813837 -0.002628463859 0.009614047298 0.005068727501 -0.029787626202 0.007841912257 0.003803562882 0.022745346802 0.040070523836
1170 1785749571.892908335 1785749571.890571117 -0.002337217 -0.002639298891 0.009613514666 0.005086304364 -0.029669914482 0.007809688008 0.003832690269 0.022814183423 0.040021589012
1171 1785749571.932889462 1785749571.923837423 -0.009052038 -0.002620656763 0.009629759949 0.005079309349 -0.029716659525 0.007848121457 0.003826714566 0.022760422731 0.040034397123
1172 1785749571.962908506 1785749571.957175493 -0.005733013 -0.002652432309 0.009631357846 0.005085700935 -0.029695354236 0.007852648831 0.003803649153 0.022734546933 0.040005853735
1173 1785749571.992916584 1785749571.990681410 -0.002235174 -0.002639649136 0.009617243092 0.005135641772 -0.029716659525 0.007824951955 0.003803476610 0.022760564798 0.040033153752
1174 1785749572.032911062 1785749572.023840189 -0.009070873 -0.002577429624 0.009632955742 0.005102085942 -0.029134086470 0.007823270130 0.003852940609 0.022774788799 0.039610642092
1175 1785749572.063127995 1785749572.057188749 -0.005939245 -0.002616928337 0.009681873977 0.005127652288 -0.029033951613 0.007811285905 0.003813231375 0.022728063916 0.039521791107
1176 1785749572.102885008 1785749572.090497732 -0.012387276 -0.002652432309 0.009687200299 0.005096759620 -0.029029157923 0.007829928032 0.003820490364 0.022712916717 0.039513627024
1177 1785749572.132890940 1785749572.123813391 -0.009077549 -0.002660688108 0.009676015023 0.005111267282 -0.029002526312 0.007779188247 0.003837413162 0.022753178744 0.039508540421
1178 1785749572.163115740 1785749572.157159567 -0.005956173 -0.002646307039 0.009706192672 0.005124329903 -0.028952458884 0.007823270130 0.003812546833 0.022718770513 0.039466420562
1179 1785749572.202904940 1785749572.190609217 -0.012295723 -0.002617811215 0.009713565594 0.005105814368 -0.028812782651 0.007808889060 0.003778858780 0.022730483264 0.039362234032
1180 1785749572.232899666 1785749572.223817110 -0.009082556 -0.002607873590 0.009671487649 0.005115934380 -0.028790538690 0.007998506129 0.003818806196 0.022728378053 0.039376961927
1181 1785749572.272913933 1785749572.257160664 -0.015753269 -0.002656959683 0.009701132666 0.005117532276 -0.028514102568 0.008128861299 0.003804349171 0.022705561140 0.039198323394
1182 1785749572.302911997 1785749572.290661335 -0.012250662 -0.002645508090 0.009703263195 0.005079309349 -0.028508243614 0.008143775001 0.003838635495 0.022735530611 0.039212649910
1183 1785749572.332904816 1785749572.323818922 -0.009085894 -0.002668495205 0.009681873977 0.005122325966 -0.028440472730 0.008150699220 0.003824011084 0.022721672329 0.039157242176
1184 1785749572.372908831 1785749572.373813152 0.000904322 -0.002653231257 0.009732557967 0.005085700935 -0.028248851724 0.008122203396 0.003759922202 0.022687786415 0.038993168040
1185 1785749572.402891874 1785749572.407213449 0.004321575 -0.002637518607 0.010380154815 0.005109542793 -0.028237666447 0.008125931821 0.003745302477 0.022703243065 0.039162132943
1186 1785749572.432908535 1785749572.440583229 0.007674694 -0.002628113614 0.010966582887 0.005470667437 -0.028229676964 0.008146970794 0.003793533827 0.022707367215 0.039375174195
1187 1785749572.472946405 1785749572.473834991 0.000888586 -0.002626067014 0.011154084429 0.007465781134 -0.028259377776 0.008107822326 0.003742142318 0.022737037550 0.039778806370
1188 1785749572.502906561 1785749572.507214546 0.004307985 -0.002662818637 0.011603626021 0.007805321040 -0.028272160950 0.008135519201 0.003747717139 0.022711846294 0.039975403435
1189 1785749572.542905092 1785749572.540677547 -0.002227545 -0.002656160735 0.011843172192 0.007829162898 -0.028216893791 0.008141644472 0.003739392886 0.022704495875 0.040007104008
1190 1785749572.572910309 1785749572.573831081 0.000920773 -0.002675952056 0.011607850475 0.007809049466 -0.028264704098 0.008188909015 0.003724357277 0.022683357972 0.039965503378
1191 1785749572.602890491 1785749572.607403755 0.004513264 -0.002643377561 0.010904889407 0.007810185527 -0.027971756379 0.008247904599 0.003779355777 0.022708848363 0.039589461541
1192 1785749572.642889977 1785749572.640570402 -0.002319574 -0.002641597278 0.010800759808 0.007847398986 -0.027828478312 0.008223936150 0.003773040145 0.022763471299 0.039492846288
1193 1785749572.672883749 1785749572.673832655 0.000948906 -0.002674354159 0.010813416390 0.007813913953 -0.027592522239 0.008191305860 0.003729516214 0.022715483290 0.039287232569
1194 1785749572.702916145 1785749572.707163095 0.004246950 -0.002636719659 0.010814341930 0.007858584262 -0.027511029510 0.008333518662 0.003802172690 0.022749358888 0.039293176933
1195 1785749572.742929697 1785749572.740750074 -0.002179623 -0.002643377561 0.010800759808 0.008778216449 -0.027481734738 0.009683881059 0.003774562087 0.022714408182 0.039748155881
1196 1785749572.772916079 1785749572.773848534 0.000932455 -0.002601748319 0.010783715577 0.009493303336 -0.026735643592 0.010146095631 0.003735994072 0.022733643895 0.039518281029
1197 1785749572.812934637 1785749572.807176352 -0.005758286 -0.002637518607 0.011503568020 0.010176376022 -0.025847619093 0.009490015522 0.003756777045 0.022716787209 0.039130203332
1198 1785749572.842890024 1785749572.840653658 -0.002236366 -0.002685805752 0.012993522721 0.009878667408 -0.025857806636 0.009009196281 0.003767176033 0.022721109221 0.039419100144
1199 1785749572.872907162 1785749572.873847723 0.000940561 -0.002686338384 0.013560006615 0.009737858380 -0.026138568080 0.008730591631 0.003773116100 0.022710801190 0.039691068850
1200 1785749572.912883520 1785749572.907259941 -0.005623579 -0.002655361786 0.012899678581 0.009769507334 -0.026552193602 0.008506805436 0.003780664382 0.022715270426 0.039705888540
1201 1785749572.942893267 1785749572.940767765 -0.002125502 -0.002661487057 0.012070453604 0.009731999425 -0.026698846583 0.008415488541 0.003793112784 0.022700493633 0.039507469526
1202 1785749572.972896814 1785749572.973833799 0.000936985 -0.002623936485 0.011067634584 0.010252787142 -0.026804278232 0.008328432704 0.003732438190 0.022714788431 0.039398249368
1203 1785749573.012889624 1785749573.007169485 -0.005720139 -0.002659889160 0.011235378998 0.011398635166 -0.026863568266 0.008268414518 0.003758293828 0.022747238676 0.039809763296
1204 1785749573.042890310 1785749573.040770531 -0.002119780 -0.002660688108 0.011166881359 0.012828249569 -0.026860778513 0.008191281304 0.003773897231 0.022800349514 0.040237286657
1205 1785749573.082910061 1785749573.073859930 -0.009050131 -0.002638051239 0.011956368898 0.013053067690 -0.026875032991 0.008196888944 0.003774719155 0.022806964281 0.040548232499
1206 1785749573.112893105 1785749573.107208252 -0.005684853 -0.002649502832 0.011986715802 0.012497421551 -0.026917643569 0.008167510243 0.003767465325 0.023037030923 0.040534591573
1207 1785749573.142901659 1785749573.140699387 -0.002202272 -0.002657758631 0.011910312610 0.011891422003 -0.026908056189 0.008116476008 0.003741446986 0.023595772436 0.040632557361
1208 1785749573.182896614 1785749573.173824072 -0.009072542 -0.002686338384 0.010900568516 0.011566198901 -0.026912317246 0.008088779132 0.003708454265 0.024601544290 0.040847344428
1209 1785749573.212923050 1785749573.207181454 -0.005741596 -0.002620208060 0.010596701836 0.011109754151 -0.026899351686 0.008104491783 0.003722880814 0.026001900503 0.041494563462
1210 1785749573.242955446 1785749573.240518808 -0.002436638 -0.002654562838 0.010560398916 0.010706081256 -0.026957814638 0.008049029105 0.003750420620 0.026227419588 0.041552890846
1211 1785749573.282907248 1785749573.273836136 -0.009071112 -0.002642129910 0.010580638940 0.010672428365 -0.026940237775 0.008076193348 0.003716783677 0.025679209239 0.041195498255
1212 1785749573.312911510 1785749573.307176590 -0.005734921 -0.002651983606 0.010568206012 0.010668699939 -0.026926389337 0.008020533281 0.003733041619 0.025239281246 0.040900580291
1213 1785749573.352952242 1785749573.340680599 -0.012271643 -0.002671424682 0.010569187347 0.010636335966 -0.026964206225 0.007235349463 0.003705258472 0.025027159507 0.040638432872
1214 1785749573.382993221 1785749573.373831511 -0.009161711 -0.002687936281 0.010541490472 0.010306636623 -0.026965271489 0.005903502601 0.003703462714 0.025018804777 0.040326272073
1215 1785749573.412981272 1785749573.407170057 -0.005811214 -0.002617278583 0.010569187347 0.009087750455 -0.027214010735 0.005722940280 0.003721577367 0.024925035242 0.040119908055
1216 1785749573.452944040 1785749573.440738678 -0.012205362 -0.002647105987 0.010579839992 0.008313526863 -0.027614956203 0.005699770778 0.003711695537 0.024843983242 0.040176215518
1217 1785749573.482898712 1785749573.473825455 -0.009073257 -0.002620208060 0.010569986296 0.008351876383 -0.027979809273 0.005349298779 0.003747508961 0.024828227455 0.040377139151
1218 1785749573.512986660 1785749573.507159948 -0.005826712 -0.002646657284 0.010543088369 0.008318853185 -0.028405915047 0.005275795533 0.003720750285 0.024861560105 0.040669841494
1219 1785749573.552950382 1785749573.540738344 -0.012212038 -0.002682077326 0.010580638940 0.008354945584 -0.029124562501 0.005274463952 0.003703259693 0.024812288809 0.041162756152
1220 1785749573.582906008 1785749573.573835611 -0.009070396 -0.002622338589 0.010541490472 0.008366663493 -0.029771051422 0.005269936578 0.003723367967 0.024838433739 0.041628112292
1221 1785749573.622896910 1785749573.607181072 -0.015715837 -0.002650385709 0.010536963098 0.008473189937 -0.030356008189 0.005237712329 0.003734893173 0.024822439298 0.042057946535
1222 1785749573.652898073 1785749573.640641689 -0.012256384 -0.002650385709 0.010569537593 0.009439790821 -0.030971604441 0.005259283934 0.003691419878 0.024878944265 0.042747375565
1223 1785749573.682902336 1785749573.673795938 -0.009106398 -0.002679680481 0.010559599967 0.009402759749 -0.032243530178 0.005239492613 0.003675973544 0.024809823510 0.043626085948
1224 1785749573.722879648 1785749573.723820686 0.000941038 -0.002645325703 0.010553474697 0.009447247672 -0.032594534810 0.005242239703 0.003722885972 0.024783972557 0.043881818753
1225 1785749573.752875090 1785749573.757148504 0.004273415 -0.002657309928 0.010414191372 0.009418612124 -0.032674023602 0.005219252588 0.003698907206 0.024814830063 0.043914884195
1226 1785749573.782879829 1785749573.790557861 0.007678032 -0.002696709711 0.010331227338 0.009405828951 -0.032761907918 0.005252626031 0.003713207162 0.024776125140 0.043943749213
1227 1785749573.822958231 1785749573.823829174 0.000870943 -0.002656160735 0.009986487701 0.009359083907 -0.032791076098 0.005231587058 0.003747417531 0.024782415453 0.043877249306
1228 1785749573.852888823 1785749573.857151985 0.004263163 -0.002672223630 0.009799394068 0.009390509208 -0.032725688927 0.005276594481 0.003725822950 0.024767892317 0.043789199330
1229 1785749573.882944584 1785749573.890573978 0.007629395 -0.002645858336 0.009618172522 0.009402759749 -0.032756455004 0.005255555508 0.003701291391 0.024794158680 0.043783304702
1230 1785749573.922892094 1785749573.923815727 0.000923634 -0.002664766779 0.009620303051 0.009396900795 -0.032758585533 0.005277393429 0.003728658655 0.024757619921 0.043769525978
1231 1785749573.952883005 1785749573.957170010 0.004287004 -0.002673821527 0.009594204072 0.009386248150 -0.032732613146 0.005467543131 0.003689040850 0.024785631407 0.043778468059
1232 1785749573.992892981 1785749573.990543842 -0.002349138 -0.002657309928 0.009587279853 0.009378258667 -0.032739537365 0.005873675197 0.003715505076 0.024804735370 0.043845024901
1233 1785749574.022877455 1785749574.023797274 0.000919819 -0.002662818637 0.009619504103 0.009372932345 -0.032741667894 0.006046963055 0.003679701969 0.024798014171 0.043869597845
1234 1785749574.052880526 1785749574.057147980 0.004267454 -0.002629795440 0.009596334601 0.009363877597 -0.032782553983 0.006365028418 0.003692241802 0.024808904997 0.043943276102
1235 1785749574.092877626 1785749574.090515614 -0.002362013 -0.002680479430 0.009645420694 0.009365475494 -0.032780956086 0.006996113668 0.003689324984 0.024790516527 0.044041443646
1236 1785749574.122878313 1785749574.123809814 0.000931501 -0.002703367613 0.009630240676 0.009399563956 -0.032749530785 0.007051058715 0.003689771344 0.024800098748 0.044037598034
1237 1785749574.152874470 1785749574.157176971 0.004302502 -0.002685258118 0.009609916723 0.009419144756 -0.032737939468 0.006987058920 0.003733041619 0.024784875594 0.044012483791
1238 1785749574.192884207 1785749574.190487623 -0.002396584 -0.002682077326 0.009560508518 0.009365475494 -0.032814441119 0.007215908387 0.003748853200 0.024797354474 0.044092273270
1239 1785749574.222881079 1785749574.223807573 0.000926495 -0.002685006804 0.009562106415 0.009368138655 -0.032762313958 0.007234550514 0.003713379705 0.024656210675 0.043975345516
1240 1785749574.262883663 1785749574.257154226 -0.005729437 -0.002680479430 0.009593405124 0.009843246593 -0.032775097132 0.007280006640 0.003716895267 0.024647475696 0.044097922316
1241 1785749574.292890310 1785749574.290552139 -0.002338171 -0.002654114135 0.009643023849 0.010275211322 -0.032660707797 0.007314361418 0.003723783851 0.024677582075 0.044143895824
1242 1785749574.322881222 1785749574.323810101 0.000928879 -0.002649853077 0.009012037058 0.010296516611 -0.032652185681 0.007304507722 0.003733041619 0.024605544503 0.043967559295
1243 1785749574.362905741 1785749574.357242107 -0.005663633 -0.002669826785 0.009000052833 0.010408902009 -0.032644196198 0.007300779296 0.003698095598 0.024662110423 0.044014937151
1244 1785749574.392912865 1785749574.390555143 -0.002357721 -0.002662369934 0.008969426481 0.010365758799 -0.032686147551 0.007311431941 0.003699444996 0.024641651903 0.044019608825
1245 1785749574.422894478 1785749574.423835039 0.000940561 -0.002684207855 0.008863698985 0.010382270398 -0.032638337243 0.007316842192 0.003704152414 0.024748675817 0.044029269897
1246 1785749574.462908745 1785749574.457177401 -0.005731344 -0.002688453911 0.008493113553 0.010344635898 -0.032649928560 0.007306105618 0.003710432411 0.024720141543 0.043938843578
1247 1785749574.492990494 1785749574.490709543 -0.002280951 -0.002686856015 0.008535947784 0.010359143559 -0.032531684208 0.007325896940 0.003732554465 0.024721024420 0.043868367985
1248 1785749574.522925854 1785749574.523828506 0.000902653 -0.002675153108 0.007889248342 0.010320261407 -0.032430737270 0.007293322445 0.003695711412 0.024756487599 0.043673695886
1249 1785749574.562891722 1785749574.557154655 -0.005737066 -0.002663967831 0.006506002472 0.010362745393 -0.032199448296 0.007280006640 0.003735709938 0.024748634551 0.043278917419
1250 1785749574.593004942 1785749574.590709448 -0.002295494 -0.002677801267 0.005902614098 0.010379789624 -0.032217025159 0.007304857967 0.003714511082 0.024751860821 0.043214596749
1251 1785749574.633124828 1785749574.623831034 -0.009293795 -0.002683408907 0.005848201683 0.010335175110 -0.032243530178 0.007285066646 0.003744642779 0.024722784071 0.043199234102
1252 1785749574.662893772 1785749574.657179594 -0.005714178 -0.002697242343 0.005831284044 0.010344103265 -0.031941527710 0.007267223467 0.003732478510 0.024690231606 0.042952207443
1253 1785749574.692894697 1785749574.690586567 -0.002308130 -0.002729284205 0.005864713282 0.010336773006 -0.031284918777 0.007309834044 0.003693337543 0.024621278236 0.042434898741
1254 1785749574.732900858 1785749574.723836660 -0.009064198 -0.002707096039 0.005855658534 0.010333577213 -0.030936983347 0.007309035096 0.003734106884 0.024548098971 0.042136345046
1255 1785749574.762892485 1785749574.757160425 -0.005732059 -0.002694312866 0.007057809450 0.010299082711 -0.030789444223 0.007288543757 0.003721612529 0.024548038017 0.042198488322
1256 1785749574.792895555 1785749574.790554762 -0.002340794 -0.002677801267 0.007546583439 0.010322391936 -0.030785183165 0.007277609795 0.003726822576 0.024524678155 0.042269533573
1257 1785749574.833028793 1785749574.823817968 -0.009210825 -0.002675153108 0.007540724485 0.010293756388 -0.030525385235 0.007303975090 0.003755052084 0.024499765874 0.042065027402
1258 1785749574.862890720 1785749574.857194662 -0.005696058 -0.002708693935 0.007552708710 0.009170308449 -0.030490764140 0.007268022415 0.003754879540 0.024498792040 0.041776497797
1259 1785749574.893091917 1785749574.890557766 -0.002534151 -0.002694663111 0.007561146896 0.007731542236 -0.030439504856 0.007280006640 0.003715307214 0.024493090154 0.041442560521
1260 1785749574.933114767 1785749574.923832417 -0.009282351 -0.002673273893 0.007551110813 0.007074274079 -0.029650143908 0.007314361418 0.003755752101 0.024508546805 0.040762930202
1261 1785749574.962903976 1785749574.957156181 -0.005747795 -0.002720229457 0.007542504768 0.006985142112 -0.028290993080 0.007270152944 0.003724154257 0.024500480894 0.039754993888
1262 1785749575.002886295 1785749574.990591526 -0.012294769 -0.002700970768 0.007557418471 0.006732547848 -0.027208557821 0.007292523497 0.003728602860 0.024455399859 0.038925474907
1263 1785749575.033177376 1785749575.023826838 -0.009350538 -0.002710025516 0.007556086890 0.006494964349 -0.026412272655 0.007262977411 0.003721491095 0.024631077534 0.038438544632
1264 1785749575.062892914 1785749575.057145596 -0.005747318 -0.002685805752 0.007532468685 0.006443578472 -0.025982438455 0.007245666863 0.003735623667 0.024629647022 0.038126533196
1265 1785749575.102883577 1785749575.090567112 -0.012316465 -0.002658641509 0.007429320422 0.006404696320 -0.025939224449 0.007309035096 0.003700139855 0.024853519939 0.038222207666
1266 1785749575.132903337 1785749575.123817682 -0.009085655 -0.002696709711 0.007443701492 0.006403448669 -0.023370380528 0.007291473234 0.003734279427 0.024822226388 0.036511821697
1267 1785749575.162901878 1785749575.157168150 -0.005733728 -0.002710824464 0.007447429918 0.006430080279 -0.020847872344 0.007276559532 0.003725924697 0.024802767495 0.034939957129
1268 1785749575.202889204 1785749575.190621376 -0.012267828 -0.002707894987 0.009394550920 0.006421025532 -0.020833516684 0.007262977411 0.003710259867 0.024754139475 0.035357312664
1269 1785749575.233196735 1785749575.223823786 -0.009372950 -0.002693065214 0.010800966291 0.006475100834 -0.021138622234 0.007292523497 0.003719157546 0.025111107600 0.036197548405
1270 1785749575.272880554 1785749575.257157087 -0.015723467 -0.002678600215 0.010796887621 0.006432616849 -0.022369607171 0.007245666863 0.003719725814 0.025599952386 0.037245391346
1271 1785749575.302921534 1785749575.290606737 -0.012314796 -0.002672741261 0.010781174970 0.006447530551 -0.023414094830 0.007282418487 0.003738783825 0.025710561713 0.037963309571
1272 1785749575.333006382 1785749575.323833942 -0.009172440 -0.002674072841 0.010781973918 0.006444740798 -0.024155323900 0.007311431941 0.003714434653 0.026121297108 0.038703904302
1273 1785749575.372890711 1785749575.373819828 0.000929117 -0.002667414939 0.010795556040 0.006433808705 -0.024345672929 0.007284016383 0.003693053409 0.025984559700 0.038725414116
1274 1785749575.403051376 1785749575.407174349 0.004122972 -0.002677801267 0.011574530659 0.006445273430 -0.024257420574 0.007288795071 0.003718462687 0.025401337218 0.038513449766
1275 1785749575.433171988 1785749575.440641165 0.007469177 -0.002694312866 0.013046193477 0.006443269493 -0.024498264132 0.007275760584 0.003735537395 0.024807593843 0.038748558648
1276 1785749575.472876072 1785749575.473798513 0.000922441 -0.002690584440 0.013470198253 0.006432616849 -0.024603480597 0.007284815331 0.003720745127 0.024321407487 0.038650208841
1277 1785749575.503109694 1785749575.507137060 0.004027367 -0.002710824464 0.013135907271 0.006475100834 -0.024630132414 0.007245666863 0.003740752127 0.024018062153 0.038364452388
1278 1785749575.533038616 1785749575.540562868 0.007524252 -0.002689785492 0.012510073739 0.006498410060 -0.024655327455 0.007253922663 0.003759845773 0.024835320630 0.038696257974
1279 1785749575.572880030 1785749575.573805094 0.000925064 -0.002707096039 0.011982369731 0.006485626887 -0.023019022221 0.007284534014 0.003706364057 0.027039527611 0.038997203966
1280 1785749575.602876186 1785749575.607147217 0.004271030 -0.002686856015 0.011506722087 0.006439947108 -0.022536406840 0.007254721611 0.003757263726 0.026789153322 0.038384803667
1281 1785749575.643069744 1785749575.640549183 -0.002520561 -0.002686338384 0.010940795151 0.006433682113 -0.022539628044 0.007300246664 0.003727263778 0.026424131402 0.037970585028
1282 1785749575.672882080 1785749575.673886061 0.001003981 -0.002683408907 0.010595641003 0.006417170514 -0.021450482895 0.007260846882 0.003687524067 0.025768371039 0.036757288566
1283 1785749575.702907562 1785749575.707140684 0.004233122 -0.002701769717 0.010524970173 0.006472437673 -0.021880786546 0.007288543757 0.003723540511 0.025306591023 0.036689875979
1284 1785749575.742880583 1785749575.740720034 -0.002160549 -0.002687654963 0.010842012935 0.006456458707 -0.022687787768 0.007280287958 0.003744556508 0.025184897648 0.037181953583
1285 1785749575.772924900 1785749575.773805857 0.000880957 -0.002700438136 0.010951468856 0.006451258976 -0.022710171995 0.007246465812 0.003695178780 0.025786112830 0.037625615191
1286 1785749575.802895069 1785749575.807218075 0.004323006 -0.002729284205 0.010926155693 0.006441138964 -0.023382573388 0.007281086906 0.003711081791 0.025636808378 0.037935407976
1287 1785749575.842895508 1785749575.840610743 -0.002284765 -0.002695462059 0.010955450465 0.006477763995 -0.023956291022 0.007306904567 0.003741446986 0.025080590233 0.037941771213
1288 1785749575.872880459 1785749575.873805046 0.000924587 -0.002695462059 0.011797724389 0.006485094254 -0.024278494659 0.007280287958 0.003715185781 0.024096677313 0.037754584126
1289 1785749575.912890911 1785749575.907194376 -0.005696535 -0.002695111814 0.012581479565 0.006378694403 -0.024519879319 0.007261645830 0.003713288275 0.023686805063 0.037882109549
1290 1785749575.942914248 1785749575.940608263 -0.002305984 -0.002684725486 0.013035342672 0.004979342974 -0.024664272387 0.007272831107 0.003694280901 0.023097571717 0.037553797428
1291 1785749575.972878218 1785749575.973823547 0.000945330 -0.002696261007 0.013496508377 0.003985112746 -0.024979781517 0.006960442311 0.003729424784 0.023064456616 0.037730911669
1292 1785749576.012961864 1785749576.007141113 -0.005820751 -0.002673273893 0.013365429719 0.002357579545 -0.025261175921 0.006616628214 0.003679367199 0.023000362575 0.037627124333
1293 1785749576.042880058 1785749576.040661097 -0.002218962 -0.002701769717 0.012960130793 0.002524343166 -0.025405054151 0.006616628214 0.003720100904 0.022779678401 0.037464467196
1294 1785749576.072896004 1785749576.073816299 0.000920296 -0.002686057066 0.012404701776 0.003023977596 -0.025456872332 0.005495437395 0.003704492343 0.022700016119 0.037114716025
1295 1785749576.112893581 1785749576.107150555 -0.005743027 -0.002701321014 0.012014023972 0.003474821781 -0.025523268973 0.004430971907 0.003707891156 0.022622327297 0.036882207280
1296 1785749576.142886162 1785749576.140630960 -0.002255201 -0.002683127589 0.011671883231 0.003557947141 -0.025522077116 0.004352408655 0.003742344865 0.022592803713 0.036753922591
1297 1785749576.172890663 1785749576.173799276 0.000908613 -0.002717832612 0.011084300761 0.004249361967 -0.025547110830 0.004292487531 0.003683541985 0.022567196573 0.036636492440
1298 1785749576.212930918 1785749576.207145691 -0.005785227 -0.002680198112 0.010562651226 0.004676820924 -0.025534327657 0.003723902638 0.003749639490 0.022541924204 0.036451244145
1299 1785749576.242898464 1785749576.240604639 -0.002293825 -0.002693513917 0.010449945114 0.004716332770 -0.025569887424 0.003477811551 0.003686824050 0.022481822562 0.036381856718
1300 1785749576.282900810 1785749576.273827314 -0.009073496 -0.002732213682 0.010433027475 0.004554818616 -0.025542190549 0.002368886275 0.003692317757 0.022523241283 0.036276771563
1301 1785749576.312876940 1785749576.307167292 -0.005709648 -0.002666615990 0.010432228526 0.004564405996 -0.025559640820 0.001067650765 0.003742877498 0.022839243626 0.036425970588
1302 1785749576.342892647 1785749576.340591669 -0.002300978 -0.002664485461 0.010138481858 0.004586117325 -0.025596798483 0.000731293519 0.003710259867 0.023276692218 0.036636349177
1303 1785749576.382894039 1785749576.373829842 -0.009064198 -0.002727686308 0.010011309350 0.004546266970 -0.025616505875 0.000477494267 0.003716616292 0.023287018990 0.036617850769
1304 1785749576.412897825 1785749576.407173634 -0.005724192 -0.002700970768 0.010034478851 0.004617736749 -0.025582011373 0.000530841418 0.003698623072 0.023284350197 0.036604253535
1305 1785749576.442929268 1785749576.440520525 -0.002408743 -0.002704516807 0.010014238827 0.004725298926 -0.025570826096 0.000512199291 0.003729029060 0.023063564749 0.036467670784
1306 1785749576.482995272 1785749576.473824739 -0.009170532 -0.002704516807 0.010015037775 0.004761264733 -0.025608810842 0.000531990612 0.003677601917 0.023065213283 0.036495315604
1307 1785749576.512911797 1785749576.507157326 -0.005754471 -0.002704166562 0.009984538015 0.004767656320 -0.025617865590 0.000488230841 0.003723449081 0.023262718089 0.036623293075
1308 1785749576.552908182 1785749576.540657043 -0.012251139 -0.002733545263 0.009590390173 0.004800679518 -0.025601059541 0.000122046191 0.003708535379 0.023598230908 0.036722653209
1309 1785749576.582910061 1785749576.573854685 -0.009055376 -0.002726887360 0.009178665469 0.004759666837 -0.025622897462 -0.000472903997 0.003707150346 0.024244130928 0.037048827290
1310 1785749576.612906694 1785749576.607126951 -0.005779743 -0.002692182337 0.009068284008 0.004826413722 -0.025602124805 -0.000652667370 0.003724159415 0.024497671342 0.037184350522
1311 1785749576.652886629 1785749576.640594482 -0.012292147 -0.002693513917 0.009054828478 0.005079749269 -0.025596798483 -0.000677967400 0.003712147056 0.024568567176 0.037257201316
1312 1785749576.682882547 1785749576.673808813 -0.009073734 -0.002705315755 0.009053370306 0.006065118873 -0.025611712185 -0.000697857180 0.003732300808 0.024788232464 0.037561965576
1313 1785749576.712946653 1785749576.707154751 -0.005791903 -0.002665018094 0.009076539807 0.006955679941 -0.025602657438 -0.000746144324 0.003721293234 0.024130740135 0.037283519439
1314 1785749576.752998114 1785749576.740606546 -0.012391567 -0.002692714969 0.009094649303 0.008212818568 -0.025582417413 -0.000715167727 0.003716778519 0.023851130227 0.037350718198
1315 1785749576.782957315 1785749576.773810625 -0.009146690 -0.002668213887 0.009083996658 0.008968623685 -0.025623724544 -0.000756796969 0.003722094525 0.024039318632 0.037669157152
1316 1785749576.812918425 1785749576.807160854 -0.005757570 -0.002735143159 0.009090920877 0.008933246305 -0.025607212946 -0.000739486422 0.003739149072 0.024183030850 0.037749240415
1317 1785749576.852889299 1785749576.840701342 -0.012187958 -0.002697059956 0.009070008496 0.008838467301 -0.025981120763 -0.000849923678 0.003745545817 0.024895091175 0.038434273444
1318 1785749576.882917643 1785749576.873839617 -0.009078026 -0.002679399163 0.009074941911 0.008946941886 -0.026449837114 -0.000991603848 0.003722064048 0.024686335881 0.038644891270
1319 1785749576.922917843 1785749576.907291412 -0.015626431 -0.002695111814 0.009089322980 0.009254270676 -0.027184869575 -0.000959029353 0.003726472331 0.024278564155 0.038971696015
1320 1785749576.953003883 1785749576.957170010 0.004166126 -0.002726887360 0.009112619074 0.009583087142 -0.028040276917 -0.001016903878 0.003697314467 0.023888922085 0.039420213799
1321 1785749576.982906342 1785749576.990595579 0.007689238 -0.002707096039 0.009452704745 0.010736615669 -0.028877042132 -0.001505327622 0.003730464730 0.023724509854 0.040309741012
1322 1785749577.022893429 1785749577.023823977 0.000930548 -0.002708245232 0.009788136450 0.010628926900 -0.029716176057 -0.002469924569 0.003722140476 0.023709991403 0.041003487209
1323 1785749577.052878857 1785749577.057150602 0.004271746 -0.002701321014 0.009983612474 0.010427371534 -0.030562528652 -0.002506873581 0.003707961953 0.023672423014 0.041595491298
1324 1785749577.082904100 1785749577.090719223 0.007815123 -0.002700438136 0.010226353042 0.010248212986 -0.030953607292 -0.002428941419 0.003734969128 0.023697238706 0.041909798491
1325 1785749577.122889996 1785749577.123834133 0.000944138 -0.002683926537 0.010239136215 0.010270583539 -0.032024365908 -0.003268693775 0.003679986103 0.023680696631 0.042756172885
1326 1785749577.152889252 1785749577.157175303 0.004286051 -0.002708245232 0.010239136215 0.010263785912 -0.032756440758 -0.003663249053 0.003695797684 0.023662820159 0.043330261793
1327 1785749577.192954540 1785749577.190677404 -0.002277136 -0.002691733634 0.008164267410 0.010061512261 -0.034159520612 -0.006517684170 0.003685926170 0.023692683198 0.044265303179
1328 1785749577.222897053 1785749577.223903894 0.001006842 -0.002729284205 0.007293946365 0.009258176284 -0.035186435528 -0.007315102986 0.003725878745 0.023684373946 0.044864152644
1329 1785749577.252892494 1785749577.257140160 0.004247665 -0.002705498142 0.006378617899 0.007732591020 -0.036286350589 -0.007318737073 0.003730464730 0.023721344064 0.045328590681
1330 1785749577.292897940 1785749577.290701628 -0.002196312 -0.002672741261 0.006126822584 0.006940440320 -0.036529010493 -0.006869102540 0.003722632315 0.023684658080 0.045268370963
1331 1785749577.322909594 1785749577.323851824 0.000942230 -0.002692182337 0.006108307048 0.006357740673 -0.036329738512 -0.008079015478 0.003691455513 0.023648048524 0.045199088060
1332 1785749577.352890253 1785749577.357176065 0.004285812 -0.002734344211 0.006142129194 0.006061161590 -0.036316549299 -0.009926344253 0.003715256577 0.023671885223 0.045535979332
1333 1785749577.392883301 1785749577.390598297 -0.002285004 -0.002699639188 0.005768094785 0.004230601718 -0.037072130763 -0.011260806720 0.003728212294 0.023634336521 0.046174528011
1334 1785749577.422959328 1785749577.423854113 0.000894785 -0.002669545467 0.005222146762 0.001732147309 -0.039622373823 -0.010809473420 0.003696578815 0.023571500921 0.047890032342
1335 1785749577.452886581 1785749577.457160473 0.004273891 -0.002700788381 0.005123470077 -0.000860883511 -0.043125372594 -0.009457174388 0.003748127865 0.022484347928 0.050031146269
1336 1785749577.492910862 1785749577.490540981 -0.002369881 -0.002735143159 0.004219326887 -0.002658683548 -0.045690124170 -0.009680041886 0.003719147230 0.020413710627 0.051421732963
1337 1785749577.522922516 1785749577.523842335 0.000919819 -0.002714903135 0.002190137860 -0.002925328612 -0.046449839016 -0.010369983307 0.003800685911 0.019388459245 0.051732065627
1338 1785749577.562904835 1785749577.557151794 -0.005753040 -0.002757331326 -0.000388194983 -0.003383674803 -0.045374327746 -0.011676048409 0.003751186276 0.017792124853 0.050447930152
1339 1785749577.592894554 1785749577.590567589 -0.002326965 -0.002728036554 -0.002147314606 -0.002725464478 -0.043834313857 -0.011746003990 0.003755254631 0.017548144135 0.048999349802
1340 1785749577.622914553 1785749577.623838663 0.000924110 -0.002758662906 -0.003631824321 -0.001879220451 -0.042150047166 -0.012462644011 0.003747184034 0.017392395613 0.047674024622
1341 1785749577.662906170 1785749577.657153845 -0.005752325 -0.002758662906 -0.005781734666 -0.003360411358 -0.042231856261 -0.013330610643 0.003746732515 0.017290879935 0.048234618668
1342 1785749577.692882538 1785749577.690553427 -0.002329111 -0.002688804156 -0.005741550776 -0.005129064275 -0.043212291908 -0.013295117636 0.003753443870 0.017280932467 0.049226859194
1343 1785749577.722921133 1785749577.723859549 0.000938416 -0.002745347101 -0.005576280848 -0.005944788891 -0.043310676866 -0.012893262253 0.003731032524 0.017233401134 0.049263922034
1344 1785749577.762927055 1785749577.757149458 -0.005777597 -0.002739572075 -0.007808108611 -0.007020300555 -0.043963967533 -0.014174324025 0.003786309999 0.017256745522 0.050632299448
1345 1785749577.792933702 1785749577.790554047 -0.002379656 -0.002736292353 -0.008226650919 -0.006948302035 -0.045563301612 -0.013107314122 0.003777336365 0.017172147483 0.051772686223
1346 1785749577.832909346 1785749577.823810816 -0.009098530 -0.002710375761 -0.005939055770 -0.007101048045 -0.046177075230 -0.011937572336 0.003752175586 0.017155103252 0.051732462756
1347 1785749577.862884521 1785749577.857130527 -0.005753994 -0.002737441547 -0.005202001347 -0.005802921688 -0.045175434391 -0.011170517447 0.003816776467 0.017204374548 0.050441916330
1348 1785749577.892885923 1785749577.890533686 -0.002352238 -0.002736292353 -0.003536228590 -0.006526896089 -0.044078563976 -0.008626686804 0.003815812477 0.017142750964 0.048870916135
1349 1785749577.932940483 1785749577.923831701 -0.009108782 -0.002738422882 -0.005690737960 -0.013896445818 -0.047439527982 -0.006214370933 0.003884430603 0.016117428786 0.052886502984
1350 1785749577.962915182 1785749577.957171679 -0.005743504 -0.002765389736 -0.013761989058 -0.011342503403 -0.047969331362 -0.005717493458 0.005873973691 0.015407967830 0.054141921180
1351 1785749577.992931843 1785749577.990625858 -0.002305984 -0.002782700283 -0.020398006308 -0.006898696553 -0.049617594870 -0.011631915670 0.005704979687 0.010767206115 0.056719492239
1352 1785749578.033114195 1785749578.023794651 -0.009319544 -0.002800010830 -0.018580165738 -0.005831902376 -0.052713497804 -0.014720544683 0.005306135644 0.001603964044 0.058422673402
1353 1785749578.062883615 1785749578.057152271 -0.005731344 -0.002796815037 -0.011280212185 -0.005599822151 -0.051129474538 -0.013355991301 0.005362087345 -0.002100772481 0.054700953057
1354 1785749578.092883348 1785749578.090518236 -0.002365112 -0.002772595273 -0.005819582296 -0.004013867683 -0.048575807452 -0.011114633743 0.005545754031 0.000736931202 0.050715959664
1355 1785749578.132880449 1785749578.123820066 -0.009060383 -0.000705700949 -0.003279792866 -0.005211148678 -0.047622560998 -0.010143893501 0.005736730815 0.003836361270 0.049566579116
1356 1785749578.162875175 1785749578.157170534 -0.005704641 0.002742027398 -0.001072965248 -0.009529209576 -0.046991108876 -0.007245773842 0.005862548767 0.007793405546 0.049550459168
1357 1785749578.202882290 1785749578.190567732 -0.012314558 0.007537636826 -0.000348987664 -0.020327804258 -0.048926764923 -0.005059838941 0.014120897824 0.007860121666 0.056131710745
1358 1785749578.232903719 1785749578.223804951 -0.009098768 0.009752791664 -0.003396709216 -0.024437322160 -0.048857581565 -0.004799021675 0.020965999507 0.006667644493 0.059983012570
1359 1785749578.262891054 1785749578.257149458 -0.005741596 0.008704367552 -0.004646293930 -0.017722677870 -0.046527324706 -0.005882438269 0.017281923589 0.007485676334 0.054456795995
1360 1785749578.302895308 1785749578.290672779 -0.012222528 0.010295356467 -0.004165349493 -0.013661067745 -0.044959643472 -0.007719363463 0.009871932265 0.009345458046 0.050751551890
1361 1785749578.332922935 1785749578.323852301 -0.009070635 0.008839908941 -0.002311584843 -0.008325500354 -0.043485625387 -0.007773536681 0.008392934837 0.011526805657 0.048036834434
1362 1785749578.362982035 1785749578.357153654 -0.005828381 0.007059419303 0.000554010370 -0.004049334325 -0.042333292836 -0.007441993644 0.008053836087 0.012392021759 0.046178532540
1363 1785749578.402963638 1785749578.390612841 -0.012350798 0.007533593856 0.002030056176 -0.002481535823 -0.041742613030 -0.007141017898 0.007326512195 0.012839629784 0.045596139504
1364 1785749578.432944536 1785749578.423843861 -0.009100676 0.005667596229 0.002287499924 -0.001417082384 -0.041509043936 -0.007403593303 0.006671500640 0.013147281181 0.045105834112
1365 1785749578.462942123 1785749578.457158327 -0.005783796 0.004325490256 0.002274716751 -0.001350068640 -0.041445898884 -0.008997313683 0.005527730051 0.013107368926 0.045019773379
1366 1785749578.502973557 1785749578.490606070 -0.012367487 0.004734513569 0.002247202263 -0.002530279369 -0.041453355735 -0.009778903054 0.004821427788 0.013380926230 0.045278812372
1367 1785749578.532992363 1785749578.523845434 -0.009146929 0.004868013711 0.002252528585 -0.003228901982 -0.041501139779 -0.009318904649 0.004711325730 0.013569332703 0.045328878405
1368 1785749578.572899342 1785749578.557169676 -0.015729666 0.008241321512 0.002260784384 -0.002409803076 -0.042992286336 -0.009377312118 0.004922736142 0.013693300047 0.047189491853
1369 1785749578.603003025 1785749578.607171059 0.004168034 0.007561254387 0.002253327533 -0.000755684505 -0.042578016592 -0.008289972745 0.005648408615 0.013767007260 0.046538879077
1370 1785749578.633015394 1785749578.640650511 0.007635117 0.006682204596 0.002256257010 0.000150463164 -0.041735713992 -0.009925994182 0.006731370402 0.013878247226 0.046131090054
1371 1785749578.672881126 1785749578.673837423 0.000956297 0.006126174643 0.005473355607 -0.000034596459 -0.041214008662 -0.008383407119 0.008750676583 0.013682289680 0.045827330827
1372 1785749578.702874899 1785749578.707262278 0.004387379 0.004006361366 0.006638238666 0.000222093415 -0.041206678403 -0.006636444553 0.009748879339 0.012028598393 0.045187686802
1373 1785749578.732900858 1785749578.740604639 0.007703781 0.003446416481 0.007824959646 0.000439724809 -0.041197217615 -0.006807032103 0.010106445078 0.008135950593 0.044555375516
1374 1785749578.772931576 1785749578.773926497 0.000994921 0.001623363821 0.010538809388 -0.000474990362 -0.041154607038 -0.005925651832 0.010185340955 0.006911216398 0.044657009996
1375 1785749578.802941799 1785749578.807152271 0.004210472 0.000027918723 0.010628457048 -0.002718581651 -0.038780006018 -0.005214176577 0.014852109898 0.009212649172 0.044236751035
1376 1785749578.842939138 1785749578.840516329 -0.002422810 -0.000904762100 0.009273982099 -0.001557718514 -0.034645994190 -0.004980186440 0.016494129378 0.012004972881 0.041600176366
1377 1785749578.872890949 1785749578.873823643 0.000932693 -0.001002204265 0.009438987351 -0.000392855973 -0.032700821330 -0.004611481619 0.012541169313 0.013157193843 0.038874868326
1378 1785749578.902916431 1785749578.907255411 0.004338980 -0.001017117967 0.011046658434 0.000069980364 -0.031070125132 -0.003476989524 0.013980451415 0.013354974831 0.038396856579
1379 1785749578.942889452 1785749578.940583944 -0.002305508 -0.000402320663 0.013134037496 0.000466140613 -0.027570236828 -0.003200302088 0.016394631016 0.013675942034 0.037403974372
1380 1785749578.972921133 1785749578.973810911 0.000889778 0.001069861655 0.013799862815 0.001081909927 -0.025268767748 -0.003117462777 0.017398399512 0.013789485073 0.036521702433
1381 1785749579.002930164 1785749579.007234573 0.004304409 0.003522789141 0.013358496672 0.001587230250 -0.025351625397 -0.003152882819 0.015962416534 0.013924460465 0.035982130255
1382 1785749579.042882919 1785749579.040615082 -0.002267838 0.009442028896 0.016588480477 0.001571783916 -0.025919581138 -0.003131044898 0.012869347759 0.013799378639 0.037476275028
1383 1785749579.072879076 1785749579.073792696 0.000913620 0.010532216080 0.018527014869 -0.000721603823 -0.025817115571 -0.001869771806 0.014511468986 0.013769374479 0.039049922871
1384 1785749579.102955103 1785749579.107227325 0.004272223 0.008637867016 0.015841707503 -0.008035577645 -0.026138077615 -0.001877509975 0.018764405602 0.013786647049 0.040237316646
1385 1785749579.142961264 1785749579.140634775 -0.002326488 0.004419233737 0.011381486658 -0.011209812250 -0.026621839465 -0.001866324698 0.017352937104 0.013990161346 0.038519894874
1386 1785749579.173166037 1785749579.173834801 0.000668764 0.000582814352 0.008287105159 -0.008838300178 -0.027447194895 -0.001906804747 0.011879503814 0.012819000679 0.034778802966
1387 1785749579.213060379 1785749579.207183838 -0.005876541 -0.001164332470 0.006661787270 -0.009135026684 -0.028236599047 -0.001943807684 0.010998793685 0.011078580490 0.034263334842
1388 1785749579.242929935 1785749579.240672827 -0.002257109 -0.001532319006 0.005907861367 -0.011118290446 -0.027778099769 -0.001949134006 0.015447834691 0.009240531062 0.035500875637
1389 1785749579.272965908 1785749579.273838520 0.000872612 -0.001556287456 0.005694990867 -0.012105215366 -0.025963730781 -0.001899347896 0.018923780961 0.008658552251 0.035947100608
1390 1785749579.313046932 1785749579.307156086 -0.005890846 -0.001560814830 0.005730494838 -0.012089672364 -0.024797531143 -0.001951264535 0.021156584937 0.008494437965 0.036330654254
1391 1785749579.342900753 1785749579.340633869 -0.002266884 -0.001496619515 0.006737968679 -0.013727448443 -0.024892024168 -0.001913181332 0.022793038738 0.009647424201 0.038366019747
1392 1785749579.372892380 1785749579.373826504 0.000934124 -0.001434314678 0.009114573636 -0.014318778543 -0.025590080498 -0.001923316346 0.025115059153 0.011239262331 0.041301316078
1393 1785749579.412934065 1785749579.407171249 -0.005762815 -0.001426058879 0.012332293456 -0.018794440140 -0.025920612128 -0.000507579910 0.032173846176 0.013269082158 0.048894895189
1394 1785749579.443009615 1785749579.440590858 -0.002418756 -0.001459082076 0.012608286391 -0.014764422701 -0.025458760934 0.002985437177 0.025656326305 0.012600999649 0.043048572554
1395 1785749579.482977629 1785749579.473935843 -0.009041786 -0.001402217021 0.013190525910 -0.010874925518 -0.024607369936 0.011332863827 0.017277058024 0.008606232268 0.037426469468
1396 1785749579.513014793 1785749579.507174492 -0.005840302 -0.001483933404 0.011747104105 -0.008260542478 -0.024049459290 0.013296615404 0.016095758053 0.005487153612 0.035394799486
1397 1785749579.542909145 1785749579.540536642 -0.002372503 -0.001448779677 0.010345481339 -0.004853006886 -0.022191784911 0.011231503003 0.013850253843 0.006482482696 0.031387158412
1398 1785749579.582929611 1785749579.573830843 -0.009098768 -0.001406870987 0.010511189874 -0.001800203496 -0.018185621756 0.010122967139 0.011761711164 0.009775009058 0.027978296680
1399 1785749579.612908125 1785749579.607166290 -0.005741835 -0.001464941031 0.010265841399 -0.002111945115 -0.017708725294 0.009501825031 0.011696336965 0.011028478931 0.027826410843
1400 1785749579.642951250 1785749579.640595675 -0.002355576 -0.001435772851 0.010525038624 -0.005569129046 -0.019300607101 0.008725242908 0.010961145740 0.010086270470 0.028537272929
1401 1785749579.682921886 1785749579.673901320 -0.009020567 -0.001421531505 0.011946346095 -0.008488761332 -0.021032668243 0.009308834214 0.012618835208 0.004480943368 0.030416054792
1402 1785749579.712934732 1785749579.707154274 -0.005780458 -0.001422330453 0.013309922032 -0.011664881752 -0.022200578925 0.010628883357 0.013346499561 0.003688762986 0.033358977856
1403 1785749579.752890587 1785749579.740601778 -0.012288809 -0.001423662034 0.015451868616 -0.017664001581 -0.022225714051 0.011966491027 0.022034292496 0.001784779030 0.040971682461
1404 1785749579.782914877 1785749579.773869276 -0.009045601 -0.001459082076 0.015447612533 -0.022745626664 -0.020199327055 0.011959770568 0.028052656370 0.002107308862 0.045831892732
1405 1785749579.812922001 1785749579.807165861 -0.005756140 -0.001970409006 0.014203485165 -0.020611507004 -0.018384100600 0.011858961728 0.024763550979 0.003456833732 0.041644315437
1406 1785749579.852911949 1785749579.840528727 -0.012383223 -0.005038188194 0.012272425432 -0.015120600779 -0.017013497867 0.009826995851 0.017098104185 0.004334680473 0.033193251013
1407 1785749579.882920265 1785749579.873908997 -0.009011269 -0.008424173867 0.010455963686 -0.007411813998 -0.017927638515 0.007640139530 0.011037320571 0.007978947164 0.028292876607
1408 1785749579.912905216 1785749579.907180071 -0.005725145 -0.011328240842 0.010286122394 -0.006298819999 -0.018713144675 0.006721068963 0.012997888472 0.010101477840 0.030661832932
1409 1785749579.952900648 1785749579.940527439 -0.012373209 -0.014462346729 0.009437329750 -0.012192855159 -0.019320739084 0.005968079321 0.023184166694 0.011740326359 0.039129760547
1410 1785749579.982906103 1785749579.973812580 -0.009093523 -0.013839593050 0.008153902142 -0.014415936069 -0.021475989655 0.005450901366 0.023577836535 0.013775330442 0.041260686258
1411 1785749580.012966871 1785749580.007174969 -0.005791903 -0.011020070835 0.008166716242 -0.015736503940 -0.023079089535 0.005107751155 0.024247052996 0.014217206578 0.042244015069
1412 1785749580.052957535 1785749580.040576220 -0.012381315 -0.008888006706 0.010255757465 -0.013299909326 -0.021006799108 0.004832930725 0.020374898430 0.014285348340 0.038012041563
1413 1785749580.083077431 1785749580.073892117 -0.009185314 -0.007376937885 0.011316637518 -0.009925654234 -0.020645049120 0.004733639349 0.018980224429 0.014302595591 0.035978363830
1414 1785749580.122951031 1785749580.123818398 0.000867367 -0.006970517900 0.010575180986 -0.005420810717 -0.021384043214 0.004630855859 0.015487366605 0.014300074496 0.033359864308
1415 1785749580.152969122 1785749580.157142639 0.004173517 -0.006959332624 0.008695356212 -0.003672500484 -0.022999246838 0.004612200599 0.015773327976 0.014386265274 0.033816106273
1416 1785749580.182903051 1785749580.190595627 0.007692575 -0.006954777116 0.008175853604 -0.002192623445 -0.024008368853 0.004563507414 0.011740219559 0.014558530553 0.032665456472
1417 1785749580.222911119 1785749580.223805904 0.000894785 -0.007009371918 0.009340736663 -0.001012932527 -0.024804108797 0.004527008975 0.008905773707 0.014735959454 0.032704825611
1418 1785749580.252922058 1785749580.257152081 0.004230022 -0.008838430955 0.010157854943 -0.000098318538 -0.025081492061 0.004472190519 0.007622264848 0.014842426364 0.033298465717
1419 1785749580.293019056 1785749580.290540695 -0.002478361 -0.010636094221 0.011413145213 0.000311563556 -0.024964757013 0.004427309689 0.009513134402 0.014946427501 0.034644177589
1420 1785749580.322897434 1785749580.323820591 0.000923157 -0.010430788827 0.009755834114 0.000512403903 -0.025058985591 0.004418381533 0.009418196772 0.014937869750 0.034110957916
1421 1785749580.352941990 1785749580.357137442 0.004195452 -0.009312684462 0.008834805066 0.000886346455 -0.025269539910 0.004401070986 0.007450858087 0.014976326175 0.033215812311
1422 1785749580.392993212 1785749580.390610456 -0.002382755 -0.008596614302 0.008422585187 0.000386693375 -0.025243440931 0.004410252325 0.007139600079 0.015799577722 0.033200503484
1423 1785749580.422933817 1785749580.423818827 0.000885010 -0.008144037701 0.007752152143 0.000309496439 -0.025323544415 0.004349463325 0.007037454616 0.017122306067 0.033606783042
1424 1785749580.453035593 1785749580.457202911 0.004167318 -0.008077166093 0.007136578348 0.000303675485 -0.025408806837 0.004342006474 0.006084170819 0.017886562503 0.033729368793
1425 1785749580.492942333 1785749580.490581036 -0.002361298 -0.007992099191 0.009156518503 0.000509745092 -0.025494657685 0.004329195167 0.005440135415 0.019650920330 0.035106246810
1426 1785749580.523031950 1785749580.523818493 0.000786543 -0.008028850814 0.010396279052 0.000617713310 -0.025497194254 0.004300825935 0.004807757914 0.020487717914 0.035838411981
1427 1785749580.562958956 1785749580.557156801 -0.005802155 -0.007968538651 0.012050756108 0.002181786422 -0.025535472977 0.004293817787 0.004557210700 0.022273802545 0.037428147477
1428 1785749580.592997074 1785749580.590545893 -0.002451181 -0.007929306254 0.012568505009 0.003341505882 -0.025550919311 0.004281833562 0.004589848491 0.025449339500 0.039647522544
1429 1785749580.622985125 1785749580.623800993 0.000815868 -0.007895133863 0.012372234157 0.003993742167 -0.025562399038 0.004466377493 0.004577496676 0.029099522085 0.042100780600
1430 1785749580.662987232 1785749580.657129288 -0.005857944 -0.008029805885 0.011612978978 0.004746381021 -0.025563870343 0.004593803185 0.004601992600 0.034512844849 0.045921634185
1431 1785749580.693033695 1785749580.690468550 -0.002565145 -0.008097982809 0.011140594116 0.004935171008 -0.025654920922 0.004512086803 0.004179083992 0.036040192603 0.046999363787
