# source=dataset_raw/tienyi_prod2_dualArm-gripper-3cameras_394_back-handle-installation_20260803_pm/0803_173020/data/trajectory.hdf5
# formula: delta_joint[t] = master_left_joint[t] - puppet_left_joint[t+1]
# units: joint deltas are assumed radians; timestamp/delta_time are seconds
# columns: master_frame_t puppet_frame_t_plus_1 master_timestamp puppet_timestamp delta_time delta_joint_0 delta_joint_1 delta_joint_2 delta_joint_3 delta_joint_4 delta_joint_5 delta_joint_6 delta_l2_norm
0 1 1785749532.452932835 1785749532.490502834 0.037570000 -0.000579123899 0.006753130295 0.006074506399 -0.029576905458 -0.001015672770 0.004573877784 0.026290742578 0.040875276295
1 2 1785749532.482908010 1785749532.523842812 0.040934801 -0.000532460916 0.012812893410 0.005637465266 -0.029551998335 0.007761616526 0.004598977610 0.026150126253 0.042834305896
2 3 1785749532.523149014 1785749532.557231903 0.034082890 -0.000304760642 0.013051765909 0.002630920988 -0.029531463861 0.008479839915 0.006385923066 0.025793579123 0.042748883001
3 4 1785749532.552892447 1785749532.590500116 0.037607670 -0.000319968795 0.008553612467 0.000191314511 -0.029541878323 0.006506750646 0.007770024419 0.025805388462 0.041408392863
4 5 1785749532.592906952 1785749532.607203245 0.014296293 -0.000332625376 0.004171301626 0.000092230390 -0.028487266531 0.001235416177 0.006433799637 0.026422653408 0.039624738507
5 6 1785749532.623393297 1785749532.657356262 0.033962965 -0.000363475382 0.004796485258 0.000092733492 -0.028504716803 0.001197206381 0.003605536384 0.027634767695 0.040171873817
6 7 1785749532.663215637 1785749532.690495491 0.027279854 -0.000366404859 0.008653528332 -0.005651508918 -0.031980674657 0.003507092586 0.003315071712 0.026811989627 0.043265379882
7 8 1785749532.692897797 1785749532.723829508 0.030931711 -0.000408356212 0.007976092344 -0.005865133062 -0.032786673795 0.003533990514 0.010047539314 0.025901834557 0.044243618036
8 9 1785749532.732926130 1785749532.757318258 0.024392128 -0.000395699631 0.001604885477 -0.006212250977 -0.032879884433 -0.006465523421 0.010335347416 0.025394971659 0.043771429986
9 10 1785749532.762910604 1785749532.790477753 0.027567148 -0.000423269914 0.000848868442 -0.003293203394 -0.032856981248 -0.007817915478 0.006931181152 0.024451379401 0.042407041509
10 11 1785749532.792895555 1785749532.823823929 0.030928373 -0.000418615949 0.005766928027 -0.003362518087 -0.032898399969 -0.005948182270 0.005166178964 0.023901991770 0.041957352569
11 12 1785749532.832897186 1785749532.857193232 0.024296045 0.003751700195 0.011599479130 -0.003432807516 -0.032882014962 -0.006705067653 0.003359767426 0.023799152486 0.043177307400
12 13 1785749532.862914324 1785749532.890486002 0.027571678 0.007659752949 0.015767309608 -0.002079032516 -0.032837105998 -0.009983597534 0.003247624422 0.023371901234 0.045236520925
13 14 1785749532.902904749 1785749532.923818350 0.020913601 0.006511842010 0.013879330528 -0.003186629789 -0.032852425740 -0.009753437005 0.003209624674 0.023087442787 0.044305051936
14 15 1785749532.932900429 1785749532.957320213 0.024419785 0.004945272281 0.009779892551 -0.002961749112 -0.032826326761 -0.009551083545 0.003279901650 0.023093935647 0.042915644212
15 16 1785749532.962895632 1785749532.990479946 0.027584314 0.001795990579 0.005121229831 -0.002080453624 -0.033214250874 -0.009034653405 0.003154179340 0.023038668489 0.041944265171
16 17 1785749533.002890825 1785749533.023827791 0.020936966 0.000021399522 0.003994293517 -0.002342280672 -0.035656902226 -0.007885466056 0.003074131178 0.023083049506 0.043558166005
17 18 1785749533.033322096 1785749533.057162046 0.023839951 0.000063790566 0.003697084739 -0.001136620634 -0.038101810699 -0.005670320854 0.002977262438 0.023086783090 0.045174423886
18 19 1785749533.062889576 1785749533.090482950 0.027593374 0.001816937234 0.005973737226 -0.000230402168 -0.038675190678 -0.003211424220 0.003000475076 0.023040666794 0.045661785762
19 20 1785749533.102878571 1785749533.123813391 0.020934820 0.004030591237 0.013546075132 0.000193404365 -0.043866625111 0.004599390472 0.003011112718 0.023000450246 0.051800597729
20 21 1785749533.133097887 1785749533.157213211 0.024115324 0.004219487853 0.016604673605 0.000093674694 -0.046537268232 0.007176769098 0.003017570416 0.022992298536 0.055213249412
21 22 1785749533.162898540 1785749533.190478086 0.027579546 0.004333615304 0.019493628175 -0.000095996232 -0.047548394809 0.007952167064 0.002987047680 0.022602229365 0.056944367697
22 23 1785749533.202879906 1785749533.223821163 0.020941257 0.004098013367 0.021209785432 -0.000652377366 -0.051610640240 0.010445655032 0.002999105517 0.017002476473 0.059480442525
23 24 1785749533.232883215 1785749533.257258177 0.024374962 0.003224804736 0.020186180475 -0.000644332942 -0.051578027827 0.011517657262 0.002982061286 0.007921722835 0.057296528500
24 25 1785749533.272889376 1785749533.307267904 0.034378529 0.002100620799 0.014046269048 -0.000061071987 -0.049790437412 0.009019483711 0.003009433708 0.003078793552 0.052732233186
25 26 1785749533.302879333 1785749533.340502501 0.037623167 0.002284771592 0.012961107299 0.000052334143 -0.048028954676 0.007298337410 0.002912275676 0.003413572446 0.050531111854
26 27 1785749533.333161831 1785749533.373848677 0.040686846 0.002680923141 0.013052203346 0.000050659391 -0.047429677851 0.006558676706 0.002900511816 0.005557122891 0.050094262069
27 28 1785749533.372888088 1785749533.407259941 0.034371853 0.004308385315 0.014965159968 0.000527490964 -0.048499614130 0.007024938006 0.002916623006 0.002779284948 0.051580906185
28 29 1785749533.402884960 1785749533.440510988 0.037626028 0.003700064151 0.013451625457 0.000843723583 -0.049219550042 0.008533000576 0.002880561083 0.004147225335 0.052117385649
29 30 1785749533.432939529 1785749533.473841429 0.040901899 0.003171904136 0.013721364673 0.001114588668 -0.049350458986 0.010828517529 0.002871217044 0.005143635283 0.052792088398
30 31 1785749533.472884178 1785749533.507237434 0.034353256 0.001753149402 0.017855106459 0.001584349224 -0.050360819722 0.015997337402 0.002909079883 0.005808463385 0.056202459747
31 32 1785749533.502900839 1785749533.540505886 0.037605047 0.000423790701 0.017252635549 0.002692109382 -0.047360400797 0.016408202865 0.002917870657 0.006372580608 0.053539153174
32 33 1785749533.542912245 1785749533.573851109 0.030938864 0.000087087872 0.014886602426 0.009150634595 -0.044176878860 0.014784283940 0.002933296831 0.002479560254 0.049902672838
33 34 1785749533.572908878 1785749533.607275009 0.034366131 0.000072706802 0.010740046162 0.014514075354 -0.042055830752 0.011106956454 0.002926453726 -0.000016053456 0.047187223189
34 35 1785749533.602907658 1785749533.640507460 0.037599802 0.000051794422 0.008525619558 0.017833621263 -0.040679601812 0.008591721420 0.002915755603 -0.000105843603 0.046129030263
35 36 1785749533.642900705 1785749533.673845768 0.030945063 0.000047267048 0.008132655103 0.018583633413 -0.041888774863 0.014546664325 0.002318573140 -0.005367557568 0.049111659534
36 37 1785749533.672891617 1785749533.707246065 0.034354448 -0.000105332083 0.009451055758 0.017498687390 -0.047080860050 0.018515022493 0.001794925773 -0.010942533997 0.055478931676
37 38 1785749533.702899694 1785749533.740505457 0.037605762 -0.000933392795 0.009248118533 0.015339416978 -0.048945055642 0.017229881213 0.001107323325 -0.007589588078 0.055434753741
38 39 1785749533.742908001 1785749533.773870230 0.030962229 -0.003056773795 0.008676101916 0.014016510091 -0.050553779482 0.020059649736 0.000981002272 -0.010415877035 0.057867159883
39 40 1785749533.772922516 1785749533.807262659 0.034340143 -0.006485721686 0.008639897927 0.012039252476 -0.049561907326 0.016437708155 0.000697616140 -0.009880175136 0.055554850898
40 41 1785749533.802882195 1785749533.840501785 0.037619591 -0.009083985033 0.008618031872 0.011888742920 -0.047939487216 0.011149239860 0.000646052562 -0.003456254038 0.052278050131
41 42 1785749533.843251467 1785749533.873815775 0.030564308 -0.011856973661 0.008627114754 0.013952673886 -0.048170007939 0.010844488988 -0.000832671384 -0.006444096175 0.053757458695
42 43 1785749533.872907639 1785749533.907257795 0.034350157 -0.012970681989 0.008595395002 0.013351371821 -0.048784086185 0.011350484473 -0.000851841459 -0.005478771763 0.054404426958
43 44 1785749533.912902117 1785749533.940577269 0.027675152 -0.014758073323 0.008606047647 0.011658359835 -0.048499938715 0.013128792071 -0.000931289931 -0.011775917404 0.055605133815
44 45 1785749533.942926407 1785749533.973835945 0.030909538 -0.014395422516 0.007099763734 0.010520534945 -0.046751898606 0.013616458528 -0.001012966467 -0.007603343292 0.052898973397
45 46 1785749533.972921848 1785749534.007252932 0.034331083 -0.012680721197 0.002479976795 0.010281036100 -0.044117525691 0.011093184274 -0.001012905513 -0.004546505041 0.048618537353
46 47 1785749534.012924671 1785749534.040484905 0.027560234 -0.013549842309 -0.005672486188 0.011098391165 -0.042588222653 0.007975603743 -0.001063850661 -0.010313683748 0.048206020652
47 48 1785749534.042920113 1785749534.073837757 0.030917645 -0.011464060615 -0.006905263226 0.010553968303 -0.041673385010 0.005949228795 -0.001034880343 -0.003491418948 0.045561155802
48 49 1785749534.072909832 1785749534.107572079 0.034662247 -0.010441145185 -0.006427788597 0.010012793764 -0.041514116241 0.003915765579 -0.001000791881 0.000667538390 0.044618295319
49 50 1785749534.112920761 1785749534.140577078 0.027656317 -0.009931881878 -0.006326921551 0.011235679336 -0.041276215292 -0.001096569909 -0.001012007634 -0.003738815913 0.044551588326
50 51 1785749534.142925739 1785749534.173895121 0.030969381 -0.010978229170 -0.004385008519 0.011099075570 -0.041258105797 -0.001453167179 -0.001011277140 0.000098411649 0.044365692252
51 52 1785749534.183302402 1785749534.207605600 0.024303198 -0.014699251471 -0.005381233672 0.010924431263 -0.041255975268 -0.004414576046 -0.000946159101 -0.001977702583 0.045724384846
52 53 1785749534.212889433 1785749534.240524530 0.027635098 -0.013453513387 -0.007525520764 0.010978451625 -0.041236982895 -0.008502299462 -0.000915732953 -0.002116002142 0.046219592941
53 54 1785749534.243257284 1785749534.273902416 0.030645132 -0.014303834541 -0.010379850120 0.011032416191 -0.042057236510 -0.008134356443 -0.000911700234 0.000091121099 0.047643190239
54 55 1785749534.283142805 1785749534.307528257 0.024385452 -0.015575574164 -0.010879766805 0.011614743448 -0.046350120391 -0.007677087876 -0.000919136925 -0.007183535604 0.052493708544
55 56 1785749534.313213110 1785749534.340566635 0.027353525 -0.015519490657 -0.008654848111 0.012387031488 -0.047819666125 -0.007311427388 -0.000933548471 -0.006264668732 0.053380657181
56 57 1785749534.342923403 1785749534.373849154 0.030925751 -0.015200938130 -0.006539021106 0.012466359808 -0.046613515576 -0.007133993329 -0.000934319285 -0.006899850127 0.051975302052
57 58 1785749534.383389235 1785749534.407246828 0.023857594 -0.019075888501 -0.004867520106 0.012606525468 -0.045059137557 -0.007053861710 -0.000569070492 -0.002317707617 0.051305800946
58 59 1785749534.412922382 1785749534.440566778 0.027644396 -0.017887267030 -0.005039327105 0.013502979142 -0.044764680532 -0.008806127912 0.000839832681 -0.000919803194 0.051094573625
59 60 1785749534.452938795 1785749534.473898649 0.020959854 -0.019845962261 -0.006566451517 0.016254011728 -0.040598005076 -0.011402025652 0.000993464257 -0.000630657285 0.049807251538
60 61 1785749534.483925581 1785749534.507234097 0.023308516 -0.020234110733 -0.005084756194 0.013888406165 -0.037246851018 -0.009310369378 0.001070619973 0.002104541029 0.045910216917
61 62 1785749534.512919903 1785749534.540562153 0.027642250 -0.017746628452 -0.004579407195 0.011948564601 -0.035422417813 -0.008023060488 0.001058947543 0.003781946761 0.042581964049
62 63 1785749534.552900076 1785749534.573909998 0.021009922 -0.015470221385 -0.005765473071 0.010261058058 -0.034768416247 -0.007623579251 0.001050582496 -0.001071564994 0.040584128005
63 64 1785749534.582904100 1785749534.607597589 0.024693489 -0.010690193206 -0.006029257585 0.008636530648 -0.034814151820 -0.009646696863 0.001082007797 -0.001150723912 0.039150998367
64 65 1785749534.612907171 1785749534.640568972 0.027661800 -0.008449688683 -0.006573276588 0.006646940662 -0.034826934994 -0.010086985234 0.001088150885 0.001936290353 0.038449746280
65 66 1785749534.652909517 1785749534.673902035 0.020992517 -0.007778513882 -0.007664480385 0.001947970643 -0.034771612040 -0.008529440953 0.001107544140 -0.001911057701 0.037546495040
66 67 1785749534.682900190 1785749534.707305670 0.024405479 -0.007775865723 -0.007786203015 0.002152983456 -0.037613134126 -0.008874668148 0.000908750416 -0.008438830149 0.041125073349
67 68 1785749534.722913027 1785749534.740577221 0.017664194 -0.007813134976 -0.006301503067 0.000997753912 -0.039098813240 -0.008262842442 0.000812201918 -0.003680351916 0.041387751281
68 69 1785749534.752911091 1785749534.790572882 0.037661791 -0.007849914733 -0.003241438345 0.000600061116 -0.039129046685 -0.007525480125 0.000814510148 0.008441004906 0.041618713260
69 70 1785749534.782881260 1785749534.823910236 0.041028976 -0.007860301061 -0.001916161108 0.001574600038 -0.038531153888 -0.007395982965 0.000828186042 0.010350867293 0.041413911929
70 71 1785749534.822903872 1785749534.857603788 0.034699917 -0.007853643159 -0.003055130841 0.001958141706 -0.038425930891 -0.007321583709 0.000793432725 0.010996310347 0.041551822870
71 72 1785749534.852906466 1785749534.890567780 0.037661314 -0.007829674709 -0.002941236137 0.002149353406 -0.038423800362 -0.006906916395 0.000684902817 0.011865335988 0.041712391617
72 73 1785749534.882880211 1785749534.923907995 0.041027784 -0.007862697906 -0.002761671549 0.002249991365 -0.038456823559 -0.006867683998 0.000325234003 0.012707029527 0.041978304487
73 74 1785749534.922904730 1785749534.957620382 0.034715652 -0.008076017110 -0.002749014968 0.002310164277 -0.039140723327 -0.006812949471 0.000137362056 0.013087114221 0.042753010709
74 75 1785749534.952909231 1785749534.990568161 0.037658930 -0.010994170704 -0.002729573892 0.001939984885 -0.039486163455 -0.008002474733 -0.000072241381 0.013360971133 0.043975031315
75 76 1785749534.992899179 1785749535.023904085 0.031004906 -0.013154248386 -0.002735559438 0.001922713735 -0.039496156875 -0.009250853916 -0.000032547622 0.013547313188 0.044869475417
76 77 1785749535.022908449 1785749535.057400227 0.034491777 -0.011679630138 -0.002700405712 0.002008620379 -0.039462433187 -0.009776328707 -0.000066397902 0.013647236601 0.044574120502
77 78 1785749535.052905321 1785749535.090487480 0.037582159 -0.010197241398 0.000901772847 0.001999048001 -0.039375614136 -0.008036252901 -0.000048917154 0.013588677061 0.043686016135
78 79 1785749535.092898130 1785749535.123818636 0.030920506 -0.009263957147 0.002312855316 0.000898932286 -0.039089661431 -0.007427222153 -0.000074417862 0.013650873597 0.043145051033
79 80 1785749535.122896433 1785749535.157220840 0.034324408 -0.009205328206 -0.001062295325 0.001429801160 -0.038999646586 -0.012285292852 -0.000051189750 0.013657158751 0.044117256601
80 81 1785749535.152904987 1785749535.190497398 0.037592411 -0.009459393774 -0.003284479601 0.000442135581 -0.038930333601 -0.010680390544 -0.000055810896 0.013630395390 0.043770947334
81 82 1785749535.192911386 1785749535.223829508 0.030918121 -0.011214096218 -0.005513400505 -0.001085327882 -0.038906968581 -0.009014608463 -0.000087246514 0.013694920317 0.044044356052
82 83 1785749535.222915649 1785749535.257238626 0.034322977 -0.011694691263 -0.004971643055 -0.000094144711 -0.038966847042 -0.009375907335 -0.000106543180 0.013788770965 0.044248799584
83 84 1785749535.252897978 1785749535.290486336 0.037588358 -0.012348026463 -0.003271759379 0.001225557683 -0.038916485164 -0.009117778410 -0.000045888746 0.013854447901 0.044206952979
84 85 1785749535.292901516 1785749535.323824644 0.030923128 -0.014532415224 -0.001183020534 0.002185754390 -0.037109431906 -0.007927265594 0.000088369735 0.013711577767 0.042957360282
85 86 1785749535.322921991 1785749535.357229471 0.034307480 -0.015198255857 -0.000675954662 0.005178235047 -0.033440534597 -0.007539754053 0.000361610063 0.013369796688 0.040152926227
86 87 1785749535.362894773 1785749535.390484333 0.027589560 -0.013698123562 -0.000516963945 0.006985421428 -0.028240987354 -0.007187478298 0.000326400541 0.013262205453 0.035523341555
87 88 1785749535.392891645 1785749535.423830271 0.030938625 -0.011638754718 -0.000541731343 0.008279582656 -0.026330850099 -0.007099638514 0.000346234998 0.013288852539 0.033537107622
88 89 1785749535.422923326 1785749535.457232237 0.034308910 -0.009803715109 -0.000561971368 0.009104662758 -0.026313387237 -0.007515037246 0.000376199311 0.013337885180 0.033260101704
89 90 1785749535.463117361 1785749535.490484715 0.027367353 -0.009163277327 -0.000519360790 0.009326432738 -0.026892963826 -0.007442868846 0.000375423339 0.013324538898 0.033578710728
90 91 1785749535.492993593 1785749535.523824215 0.030830622 -0.009199747632 -0.000550786091 0.009906637936 -0.027373783067 -0.007713942041 0.000348446641 0.013301214670 0.034189952105
91 92 1785749535.523349524 1785749535.557268620 0.033919096 -0.009224515030 -0.000534274492 0.011670157799 -0.027664146892 -0.007272384728 0.000344312175 0.013441845997 0.034936572348
92 93 1785749535.562941551 1785749535.590490580 0.027549028 -0.009166178670 -0.000194188821 0.013986262841 -0.026950804700 -0.006120725075 0.000384422291 0.012335631253 0.034580295217
93 94 1785749535.593019724 1785749535.623821020 0.030801296 -0.009228776088 0.001522484818 0.013157960451 -0.026146614522 -0.003803690997 0.000395323434 0.012392644479 0.033353674840
94 95 1785749535.632904530 1785749535.657222748 0.024318218 -0.009158721819 0.001897051859 0.013396367537 -0.025776545867 -0.000713442798 0.000367996964 0.012375995972 0.032942126067
95 96 1785749535.663788080 1785749535.690480709 0.026692629 -0.009164875224 0.001321682471 0.012549541141 -0.026388730288 0.000938432097 0.000336048875 0.012653900605 0.033176989551
96 97 1785749535.692926168 1785749535.723830223 0.030904055 -0.009188044725 -0.001357457585 0.012723652586 -0.025804919991 0.001621532917 0.000363243594 0.012820757976 0.032881320499
97 98 1785749535.732920647 1785749535.757257223 0.024336576 -0.009163277327 -0.004575820232 0.011044777810 -0.026408100255 0.004297141937 0.000339777300 0.012870901832 0.033294438718
98 99 1785749535.762898445 1785749535.790485620 0.027587175 -0.009181919455 -0.006173201506 0.009203790656 -0.026608072726 0.004917156765 0.000095345064 0.013069890153 0.033318537007
99 100 1785749535.802888870 1785749535.823828220 0.020939350 -0.008953686549 -0.004467674059 0.008220679027 -0.026705093849 0.004835693566 -0.000115597928 0.013027801891 0.032771803929
100 101 1785749535.833171368 1785749535.857267380 0.024096012 -0.007962975622 0.000749241937 0.008322397252 -0.026778764954 0.006159106903 -0.000134148625 0.013029004064 0.032527564208
101 102 1785749535.863258839 1785749535.890483379 0.027224541 -0.007123280930 0.007071354241 0.008230281409 -0.026830653932 0.009863682414 -0.000157173717 0.013047352214 0.033998779958
102 103 1785749535.902967691 1785749535.923825502 0.020857811 -0.006273199910 0.009850861591 0.007585796425 -0.026838516824 0.011906474392 -0.000105888641 0.013066983651 0.035025193939
103 104 1785749535.933006525 1785749535.957347393 0.024340868 -0.005711412645 0.008540661251 0.005587162954 -0.025002504038 0.008582396611 0.000075409333 0.013175768162 0.031767417456
104 105 1785749535.963508844 1785749535.990523577 0.027014732 -0.005483838963 0.005186026275 0.004143882500 -0.023758989341 0.006835011606 0.000094827433 0.013166464915 0.029303768858
105 106 1785749536.002955198 1785749536.023824453 0.020869255 -0.005361473277 0.003270148186 0.003156364573 -0.024199713513 0.006190269630 0.000081968305 0.013120785137 0.029077640823
106 107 1785749536.033088446 1785749536.057330370 0.024241924 -0.004943973548 0.003280534515 0.003508696124 -0.025566384604 0.005856651005 0.000059242348 0.013138123818 0.030134198503
107 108 1785749536.072909355 1785749536.090486050 0.017576694 -0.004450517932 0.004082805227 0.003615066445 -0.026387340649 0.005670737493 0.000076068557 0.013428060970 0.030956626622
108 109 1785749536.102886438 1785749536.140485525 0.037599087 -0.004121490945 0.005606399687 0.003622649888 -0.026685820550 0.005491916057 0.000072766332 0.013403234961 0.031360614790
109 110 1785749536.132894039 1785749536.173823595 0.040929556 -0.004126437492 0.007896709754 0.005624814395 -0.026766400871 0.005397669685 0.000112221910 0.013442893559 0.032207500414
110 111 1785749536.172892094 1785749536.207240105 0.034348011 -0.003770639170 0.010799927502 0.006652135352 -0.026758635041 0.005324069378 0.000096354533 0.013460582012 0.033176405393
111 112 1785749536.202883482 1785749536.240490437 0.037606955 -0.003515562736 0.009595006809 0.006745502112 -0.025528966371 0.005247805909 0.000234438028 0.013401921198 0.031762543657
112 113 1785749536.232893944 1785749536.273822308 0.040928364 -0.003503548981 0.007997470579 0.006637057057 -0.024697994991 0.005243278535 0.000564700480 0.013466248263 0.030650066440
113 114 1785749536.272892714 1785749536.307251215 0.034358501 -0.003076614728 0.005564702453 0.006578594105 -0.024124528359 0.005095193646 0.000556269794 0.013408967324 0.029525803623
114 115 1785749536.302899122 1785749536.340485573 0.037586451 -0.002596650773 0.005349336650 0.006584985692 -0.024910186291 0.004889191570 0.000532448096 0.013431221128 0.030063646014
115 116 1785749536.332907200 1785749536.373818874 0.040911674 -0.002194525726 0.005350135599 0.007258668386 -0.025938918638 0.004841254670 0.000577930013 0.013400242188 0.031020862359
116 117 1785749536.372906923 1785749536.407227278 0.034320354 -0.001789221284 0.006540302290 0.009207040306 -0.026290337780 0.004868418913 0.000553880450 0.013433884289 0.032037569383
117 118 1785749536.402924061 1785749536.440508842 0.037584782 -0.002180385792 0.007003159687 0.011097302311 -0.026487479231 0.004835844419 0.000550309093 0.013407450540 0.032893509447
118 119 1785749536.442903280 1785749536.473835945 0.030932665 -0.002425693001 0.007030407860 0.012977248242 -0.026275111833 0.004816403343 0.000549842573 0.013425519243 0.033434200004
119 120 1785749536.472882509 1785749536.507388592 0.034506083 -0.002276487595 0.006955153860 0.012850118709 -0.026285425968 0.004837974948 0.000541644911 0.013384450767 0.033353390132
120 121 1785749536.502913475 1785749536.540515661 0.037602186 -0.002164799963 0.007198285466 0.012359796330 -0.025995923959 0.004829719148 0.000579588863 0.013439043226 0.033004913172
121 122 1785749536.542937279 1785749536.573828936 0.030891657 -0.001978298566 0.008915241819 0.011515587709 -0.025761645050 0.009909107547 0.000173712797 0.013394910707 0.034019267177
122 123 1785749536.572884321 1785749536.607234478 0.034350157 -0.001930057892 0.008621850058 0.010474805476 -0.026149283183 0.009465784249 -0.000059711865 0.013424372865 0.033784410701
123 124 1785749536.602893829 1785749536.640470028 0.037576199 -0.002158619982 0.007105712450 0.011165697848 -0.026227256139 0.007579525225 -0.000071510887 0.013413953717 0.033242759113
124 125 1785749536.642891884 1785749536.673817635 0.030925751 -0.002391528456 0.006424336119 0.011238863439 -0.026325651978 0.006615083859 -0.000062745432 0.013540782085 0.033067500016
125 126 1785749536.672882080 1785749536.707234859 0.034352779 -0.002065764793 0.006901980626 0.010711387746 -0.025877861140 0.006074035911 -0.000073504508 0.013530717868 0.032500490558
126 127 1785749536.712896109 1785749536.740508080 0.027611971 0.000377034211 0.010895407079 0.010527156060 -0.025886733500 0.006570432198 -0.000066022338 0.013527516916 0.033555397306
127 128 1785749536.742895126 1785749536.773831129 0.030936003 0.000888272861 0.011833655983 0.010464558642 -0.025871819798 0.007533642623 -0.000210599166 0.013511010475 0.034044529915
128 129 1785749536.772899151 1785749536.807260275 0.034361124 -0.000638691539 0.010206806645 0.010496516575 -0.025889270070 0.007628907247 -0.000400434258 0.013961444788 0.033738709336
129 130 1785749536.812877893 1785749536.840499640 0.027621746 -0.002179148927 0.009376657524 0.010343330414 -0.026026659651 0.007532193545 -0.000388878576 0.014086496611 0.033650504394
130 131 1785749536.842893839 1785749536.873820066 0.030926228 -0.002680782090 0.009319919061 0.010400154203 -0.025851703100 0.007092639627 -0.000417686667 0.014226812381 0.033517211013
131 132 1785749536.872877836 1785749536.907155752 0.034277916 -0.002689920767 0.009271309805 0.011046266614 -0.025253557119 0.006358867408 -0.000393367972 0.014176790431 0.033083626351
132 133 1785749536.912880182 1785749536.940472364 0.027592182 -0.002709628159 0.010754200562 0.012193589207 -0.024193195171 0.005954171912 -0.000398415319 0.014287080936 0.033116775272
133 134 1785749536.942881107 1785749536.973828554 0.030947447 -0.002701372360 0.012160446137 0.011649881365 -0.024537780624 0.007027545349 -0.000447296049 0.015158802015 0.034239918553
134 135 1785749536.982897758 1785749537.007266760 0.024369001 -0.002727190021 0.011332178482 0.011482991152 -0.024747057760 0.010708742706 -0.000461941093 0.018330261672 0.036483158320
135 136 1785749537.012910843 1785749537.040481567 0.027570724 -0.002710678422 0.009755806420 0.012251291524 -0.024835977810 0.008565777410 -0.000469311672 0.019626110899 0.036444759559
136 137 1785749537.042880058 1785749537.073808193 0.030928135 -0.002669148111 0.008591227136 0.012275275830 -0.025076541920 0.007154720121 -0.000488775724 0.021036328355 0.036802240680
137 138 1785749537.082894325 1785749537.107186079 0.024291754 -0.002724288678 0.007991596718 0.011972567667 -0.025307336263 0.006937761938 -0.000420385463 0.021693700624 0.037067734265
138 139 1785749537.112877369 1785749537.140483856 0.027606487 -0.002730918446 0.007954046146 0.011530660109 -0.025493348233 0.006868138035 -0.000457543127 0.023360859199 0.038035537339
139 140 1785749537.153269053 1785749537.173802853 0.020533800 -0.002728017103 0.008401190893 0.010785546491 -0.025595316376 0.007723207722 -0.000721353143 0.026692395448 0.040275582949
140 141 1785749537.182909250 1785749537.207224131 0.024314880 -0.002723363137 0.009125473649 0.010487893672 -0.026019579540 0.007170289009 -0.001009978852 0.029608019051 0.042506156061
141 142 1785749537.212898254 1785749537.240478516 0.027580261 -0.002692161490 0.011172109138 0.010560428715 -0.026824430026 0.007247766791 -0.001000903944 0.033702435417 0.046395285775
142 143 1785749537.253482819 1785749537.273812532 0.020329714 -0.002506818610 0.012590770701 0.010540315283 -0.027209293408 0.008146674974 -0.001020672290 0.033155128546 0.046721816899
143 144 1785749537.282916069 1785749537.307246447 0.024330378 -0.002456877774 0.012653409155 0.010339165957 -0.027271890826 0.009278869537 -0.001245793331 0.033129433866 0.046925560229
144 145 1785749537.312895775 1785749537.340470314 0.027574539 -0.002499585413 0.012177456110 0.010320173585 -0.027316322954 0.009302154206 -0.002016274441 0.033194597489 0.046900987037
145 146 1785749537.352977514 1785749537.373803616 0.020826101 -0.002543793887 0.013180402346 0.010303788578 -0.027407779573 0.009825878245 -0.005216773886 0.034559284204 0.048535091133
146 147 1785749537.382887602 1785749537.407145262 0.024257660 -0.002580292326 0.013937081641 0.010339165957 -0.027442400667 0.010156321053 -0.006349883834 0.033648260845 0.048337989202
147 148 1785749537.422900915 1785749537.440470695 0.017569780 -0.002556450468 0.015094833850 0.012210302939 -0.027532948144 0.010776005612 -0.007052269134 0.032018577822 0.048296897436
148 149 1785749537.452903748 1785749537.490476131 0.037572384 -0.002597027578 0.012557200441 0.013516972012 -0.027638506385 0.009788737686 -0.010586144199 0.030506809448 0.047429681212
149 150 1785749537.482901096 1785749537.523826599 0.040925503 -0.002723498199 0.012974457951 0.017979171236 -0.027953482883 0.012512168831 -0.015106932599 0.035052092201 0.053794281799
150 151 1785749537.522904396 1785749537.557272911 0.034368515 -0.000025145925 0.013489623270 0.031016147692 -0.029392793463 0.017174781384 -0.027375176727 0.035929884316 0.065903249517
151 152 1785749537.552898407 1785749537.590477705 0.037579298 -0.000101629469 0.011604865081 0.030562507631 -0.032779201575 0.016896919508 -0.024518197674 0.029635600328 0.062515141074
152 153 1785749537.582886696 1785749537.623809814 0.040923119 -0.000154875980 0.009350153093 0.029727338933 -0.037323510861 0.017092424143 -0.024038376082 0.027480600148 0.063161589314
153 154 1785749537.622934818 1785749537.657160997 0.034226179 -0.001932603227 0.007271458801 0.026814817078 -0.042821374266 0.020234585812 -0.029493571064 0.025883613063 0.067517288153
154 155 1785749537.652921200 1785749537.690464258 0.037543058 -0.002669040003 0.006568244549 0.020849875564 -0.046291581734 0.015260062714 -0.019043491716 0.012415211068 0.058116736127
155 156 1785749537.682883978 1785749537.723813057 0.040929079 -0.002875109611 0.006383028261 0.018926650441 -0.046787048443 0.014167932457 -0.013470732791 0.004682800700 0.054775677799
156 157 1785749537.722997904 1785749537.757231712 0.034233809 -0.002915014364 0.005010967668 0.033405761506 -0.044104542566 0.022738989586 -0.028380516277 -0.000122420460 0.066462719029
157 158 1785749537.752885818 1785749537.790470600 0.037584782 -0.004078955485 0.005762118819 0.028796452999 -0.042379457318 0.018776125697 -0.025307047740 0.005188151204 0.060786515556
158 159 1785749537.792899132 1785749537.823808193 0.030909061 -0.012146840681 0.009507562312 0.022917794409 -0.042408210987 0.020655132267 -0.025863640404 0.004259496763 0.060624473902
159 160 1785749537.822902679 1785749537.857207775 0.034305096 -0.018969664498 0.011871689266 0.019246102536 -0.043894128284 0.020945201264 -0.025083514357 0.005051437090 0.062380231669
160 161 1785749537.852901459 1785749537.890511513 0.037610054 -0.020760268336 0.012279947511 0.015160082089 -0.046728606091 0.019124104756 -0.021471928825 0.008497026885 0.062403134092
161 162 1785749537.892897367 1785749537.923807859 0.030910492 -0.026963423615 0.010840778836 0.010464518697 -0.051844328336 0.018431564603 -0.021582397484 0.006384738378 0.066993854718
162 163 1785749537.923317432 1785749537.957159281 0.033841848 -0.024674233145 0.009256761005 0.006697143488 -0.055467515022 0.018153486921 -0.020660673695 0.003228262004 0.067696651023
163 164 1785749537.952884436 1785749537.990473747 0.037589312 -0.022658536499 0.007491478110 0.001651164121 -0.055597290941 0.016785648924 -0.016005131993 0.002626397356 0.064870153741
164 165 1785749537.992881060 1785749538.023824930 0.030943871 -0.023408223666 0.006331811179 -0.006230849453 -0.055999778675 0.016792624358 -0.016809251538 -0.004329927090 0.065925161382
165 166 1785749538.023139477 1785749538.057239532 0.034100056 -0.023593355416 0.006077339571 -0.008091237123 -0.050952617414 0.015005237851 -0.019354602118 0.000439437849 0.062090004890
166 167 1785749538.062898636 1785749538.090483427 0.027584791 -0.025836533769 0.006011166584 -0.006040483188 -0.046107004133 0.014255350519 -0.022313521249 0.002348709614 0.059771469397
167 168 1785749538.092882156 1785749538.123820305 0.030938148 -0.033481390566 0.006002910785 -0.004258409098 -0.044361833898 0.012064556578 -0.017580765958 0.000808078444 0.059986954039
168 169 1785749538.122934103 1785749538.157198191 0.034264088 -0.034071038232 0.005779065529 -0.003449776724 -0.044571840353 0.013636597376 -0.013533455651 0.000747460078 0.059686288734
169 170 1785749538.162884951 1785749538.190539598 0.027654648 -0.038788009290 0.004717795835 -0.002849448080 -0.047780509545 0.019212170733 -0.011263944288 -0.006859711513 0.066037135736
170 171 1785749538.192875862 1785749538.223932505 0.031056643 -0.031881141826 0.003675041676 -0.002480980126 -0.047090541942 0.019780855298 -0.010450998846 -0.003085135055 0.061348277968
171 172 1785749538.222920179 1785749538.257225037 0.034304857 -0.027980835268 0.001694966877 -0.003082888808 -0.045848317642 0.016057655307 -0.008930285041 -0.001913273082 0.056908974580
172 173 1785749538.262898445 1785749538.290473461 0.027575016 -0.030094733664 -0.000206855518 -0.006712159810 -0.042340367743 0.012660684274 -0.009618830005 -0.000036366145 0.054738576460
173 174 1785749538.292881966 1785749538.323832750 0.030950785 -0.025907066738 -0.000286178322 -0.008176313642 -0.040232914889 0.011080129914 -0.009151368599 0.001844099191 0.050662758296
174 175 1785749538.332896709 1785749538.357249260 0.024352551 -0.026874037777 -0.000263457524 -0.010218691734 -0.038456767745 0.013739453239 -0.011720435805 -0.003059356377 0.051391913904
175 176 1785749538.362915039 1785749538.390473127 0.027558088 -0.021396590972 -0.000206115631 -0.004344595171 -0.037020712018 0.016572929817 -0.013967845924 0.001396882961 0.048155780742
176 177 1785749538.392905474 1785749538.423817635 0.030912161 -0.019403075336 0.000283639693 0.000432816630 -0.030755173585 0.016965053563 -0.021312131675 0.006537300477 0.045906253527
177 178 1785749538.432898283 1785749538.457155228 0.024256945 -0.025388499353 0.005368679479 0.002179009778 -0.019418878520 0.018887638830 -0.030155920528 0.011259575969 0.049478682681
178 179 1785749538.462903261 1785749538.490453720 0.027550459 -0.022277013560 0.008830819823 0.003975158765 -0.016983253029 0.016037771928 -0.021869598557 0.013198161457 0.042286669505
179 180 1785749538.492904186 1785749538.523846149 0.030941963 -0.026252798194 0.014008221019 0.005095112341 -0.013333386553 0.016933345218 -0.017691485153 0.013978340683 0.043408523026
180 181 1785749538.532897949 1785749538.557137489 0.024239540 -0.030989754519 0.015565230812 0.000004648318 -0.011565149460 0.017419917421 -0.017706909645 0.013848426785 0.046315883837
181 182 1785749538.562898874 1785749538.590453148 0.027554274 -0.032899658732 0.012461069992 -0.006092134064 -0.013244975959 0.014114391272 -0.010808676517 0.012893951881 0.043960286848
182 183 1785749538.602889061 1785749538.623835325 0.020946264 -0.037852109945 0.008966217450 -0.011374577349 -0.015766930056 0.013769744346 -0.010804682042 0.008007129069 0.047556424437
183 184 1785749538.632894278 1785749538.657131672 0.024237394 -0.034650431977 0.006880559854 -0.013492148441 -0.018191598964 0.015802050719 -0.009962635234 0.005904515739 0.046311867770
184 185 1785749538.662901163 1785749538.690462351 0.027561188 -0.034393252853 0.006362836134 -0.016583385526 -0.018401566170 0.014990606907 -0.007522233204 0.008862587679 0.046870626053
185 186 1785749538.702890396 1785749538.723889112 0.020998716 -0.033477678292 0.006370894545 -0.019551801934 -0.016489547679 0.013327790400 -0.007619492706 0.011734651091 0.046785789348
186 187 1785749538.732914925 1785749538.757170439 0.024255514 -0.031685496321 0.006375870621 -0.020001444642 -0.015289710993 0.012363515022 -0.010404895857 0.013816202355 0.046156919983
187 188 1785749538.762884855 1785749538.790462017 0.027577162 -0.027380305808 0.006407646168 -0.015446888455 -0.015186586661 0.011776942021 -0.013987589155 0.014256378848 0.042397773580
188 189 1785749538.802900314 1785749538.823873281 0.020972967 -0.028254083380 0.006390335620 -0.008630028286 -0.009222916094 0.011100040027 -0.025268746945 0.014319011900 0.044333099926
189 190 1785749538.832927704 1785749538.857201576 0.024273872 -0.028674403884 0.006379949292 -0.001413211287 -0.006140953914 0.013975722227 -0.031982261955 0.014365113195 0.048240813020
190 191 1785749538.862971544 1785749538.890481949 0.027510405 -0.028490912562 0.006408445116 0.001033130950 -0.004601186742 0.015835717726 -0.026786785821 0.014576161245 0.045340984479
191 192 1785749538.902973652 1785749538.940490007 0.037516356 -0.026162838314 0.004797681359 -0.004422112948 -0.011595943037 0.011450142477 -0.010076804865 0.014795568237 0.036236575878
192 193 1785749538.932991982 1785749538.973848343 0.040856361 -0.022799269829 -0.001499410363 -0.007128501029 -0.015078496615 0.009536934116 -0.006726460720 0.014956409584 0.034060594491
193 194 1785749538.972975016 1785749539.007164717 0.034189701 -0.022177603099 -0.009970874970 -0.010110266025 -0.017049400875 0.009123604949 -0.005718772055 0.014254007909 0.036101042072
194 195 1785749539.002928734 1785749539.040531635 0.037602901 -0.020912698183 -0.009883942541 -0.008883155622 -0.019454834878 0.011242009872 -0.005178154046 0.009742356757 0.035221355735
195 196 1785749539.032986641 1785749539.073844910 0.040858269 -0.022511574316 -0.006433959567 -0.005694602207 -0.019037953878 0.014814760812 -0.008258832835 0.009579157948 0.036365983016
196 197 1785749539.072896957 1785749539.107265234 0.034368277 -0.025729773306 -0.003283913026 -0.003240152135 -0.013822022089 0.015198966136 -0.011123735640 0.013445162343 0.037548244383
197 198 1785749539.102970362 1785749539.140610933 0.037640572 -0.025469808697 -0.001818109162 0.000782176329 -0.012000920429 0.013376384289 -0.011775006922 0.014596429630 0.036431919652
198 199 1785749539.142902851 1785749539.173945665 0.031042814 -0.029138308601 -0.001061505097 0.000897643979 -0.005659020447 0.012656769486 -0.015727045584 0.014889334710 0.038887326509
199 200 1785749539.172977209 1785749539.207269192 0.034291983 -0.027482620973 -0.001107184875 0.000820935845 -0.005880171208 0.013055092518 -0.013159543517 0.014895670501 0.036841019108
200 201 1785749539.202931881 1785749539.240603924 0.037672043 -0.025589374172 -0.001095733283 0.000675820602 -0.008797067892 0.012648994644 -0.008594114805 0.015120676687 0.034588330072
201 202 1785749539.242925644 1785749539.273938894 0.031013250 -0.025003081869 -0.001088276432 -0.003453215773 -0.008353953542 0.013130963933 -0.010203072187 0.015169654005 0.034852474603
202 203 1785749539.272909880 1785749539.307270050 0.034360170 -0.027161569122 -0.001098130128 -0.004749887929 -0.006494466773 0.018834631449 -0.012054268721 0.015339194697 0.039230547933
203 204 1785749539.302902222 1785749539.340539455 0.037637234 -0.025861801434 -0.001097204587 -0.002660831175 -0.013218053978 0.016656111048 -0.007664474189 0.015597524161 0.037832348125
204 205 1785749539.342897892 1785749539.373855591 0.030957699 -0.025778042111 -0.001094401702 -0.002834338960 -0.011214363915 0.015421200805 -0.009674950847 0.015844479858 0.037174806733
205 206 1785749539.372889996 1785749539.407181501 0.034291506 -0.026300436048 -0.001128629888 -0.000642821843 -0.010890341829 0.014651355885 -0.009588788437 0.015830098788 0.037002684057
206 207 1785749539.412892342 1785749539.440529108 0.027636766 -0.029179418570 -0.001088276432 0.001981026104 -0.007373085149 0.010190541361 -0.013915630751 0.015914585237 0.038231866269
207 208 1785749539.442898989 1785749539.473848343 0.030949354 -0.027348676475 -0.001070433252 0.004191547100 -0.007875019741 0.009892183390 -0.011574865844 0.016007974050 0.036287311557
208 209 1785749539.472896576 1785749539.507187128 0.034290552 -0.029689002148 -0.001112118290 0.002562762128 -0.006182632921 0.009912773659 -0.011992282190 0.015973961543 0.037745353573
209 210 1785749539.512896299 1785749539.540557146 0.027660847 -0.029214049954 -0.001151617003 -0.000107031767 -0.007597115240 0.007300751828 -0.011035912830 0.016036746979 0.036671298793
210 211 1785749539.542894125 1785749539.573946476 0.031052351 -0.028083747361 -0.001128629888 0.000493797811 -0.009478532542 0.005408709032 -0.011886702212 0.016119483148 0.036200036554
211 212 1785749539.572988510 1785749539.607266665 0.034278154 -0.028550848728 -0.001008787639 0.001547456159 -0.012359689635 0.005397650347 -0.009203838626 0.016115425110 0.036672569657
212 213 1785749539.612929821 1785749539.640628815 0.027698994 -0.029808887878 -0.000629020868 0.001290109702 -0.012592839705 0.004894186309 -0.010167210979 0.016099927666 0.037891191169
213 214 1785749539.642972469 1785749539.673942327 0.030969858 -0.027702346972 -0.000566969214 0.001444978461 -0.015838751722 0.004274481856 -0.005441947399 0.016109226227 0.036442950717
214 215 1785749539.682980299 1785749539.707215309 0.024235010 -0.029179830597 -0.000606650315 -0.000520390989 -0.013943947259 0.003191724486 -0.003323373487 0.016062065300 0.036410944349
215 216 1785749539.712914705 1785749539.740527391 0.027612686 -0.027761003751 -0.000581882917 0.000683709384 -0.014255269854 0.002725937611 -0.003122676489 0.015734339417 0.035205729297
216 217 1785749539.742938995 1785749539.773841858 0.030902863 -0.027728442207 -0.000610378740 0.001535699921 -0.010763588615 0.002745378687 -0.006463098878 0.015733197725 0.034413580828
217 218 1785749539.782982349 1785749539.807187557 0.024205208 -0.031798809541 -0.000672248007 0.001361961720 -0.009598946297 0.002783468457 -0.007753897124 0.015505063750 0.037601709197
218 219 1785749539.812999249 1785749539.840614080 0.027614832 -0.030161086711 -0.001036484515 0.000995151415 -0.013102680984 0.001187848622 -0.004390749554 0.015611545189 0.036713022706
219 220 1785749539.842906952 1785749539.873845577 0.030938625 -0.027238050687 -0.002006407784 0.001608693369 -0.016948011814 0.000881873015 -0.002494455821 0.015679535040 0.035897185198
220 221 1785749539.882914066 1785749539.907265186 0.024351120 -0.024575338382 -0.004342799008 -0.000875680248 -0.019623323348 -0.000461175013 -0.002484422935 0.015685724080 0.035511628723
221 222 1785749539.912898064 1785749539.940525055 0.027626991 -0.021307810111 -0.005672502208 -0.000889950353 -0.021176524512 0.000044278467 -0.002740319377 0.015640962340 0.034461402596
222 223 1785749539.952887058 1785749539.973909140 0.021022081 -0.024086152376 -0.007514434405 -0.002766532403 -0.015071325317 0.000566997929 -0.001831432592 0.015664073704 0.033473076436
223 224 1785749539.982917547 1785749540.007176399 0.024258852 -0.028116090712 -0.007766719148 -0.001458345095 -0.010260072396 0.000716674148 -0.000885230555 0.015699207271 0.034727434445
224 225 1785749540.012899160 1785749540.040585518 0.027686357 -0.032128322606 -0.007332521624 0.000490150611 -0.005720164039 0.000702426236 -0.001162578000 0.015676659016 0.036966987153
225 226 1785749540.052899599 1785749540.073893070 0.020993471 -0.033574908357 -0.006828504748 0.001729645303 -0.001448323859 0.000783932098 -0.002559199072 0.015807251444 0.037894927243
226 227 1785749540.082983255 1785749540.107187510 0.024204254 -0.029811700804 -0.006696610743 0.003557859693 -0.004415763251 -0.001350852662 -0.003568229946 0.015771001976 0.035057395827
227 228 1785749540.112983465 1785749540.140548468 0.027565002 -0.023751278629 -0.006442198196 0.005354902820 -0.008917001045 -0.000883636603 -0.005612723552 0.015788035890 0.031549304312
228 229 1785749540.152980804 1785749540.173928499 0.020947695 -0.021045062183 -0.006232793071 0.005776391233 -0.009946211773 0.001200730990 -0.008673917656 0.015763859262 0.030646599115
229 230 1785749540.182983875 1785749540.207232714 0.024248838 -0.021987232240 -0.006147208538 0.006046347176 -0.011955474022 0.002684384600 -0.007341821386 0.015782719885 0.031794979738
230 231 1785749540.222903728 1785749540.240542412 0.017638683 -0.025014779394 -0.005867043992 0.006644483832 -0.015154079687 0.002726490679 -0.007856719916 0.015774025226 0.035382741004
231 232 1785749540.252904415 1785749540.273844719 0.020940304 -0.027096419054 -0.005748127283 0.006728733518 -0.015143769278 0.003065362926 -0.008943620442 0.015858156271 0.037185110089
232 233 1785749540.282907963 1785749540.323915005 0.041007042 -0.027054443110 -0.005809519712 0.006972493421 -0.017770533800 0.004355546318 -0.003124563980 0.015801965915 0.037530477720
233 234 1785749540.322886944 1785749540.357172251 0.034285307 -0.027134460497 -0.005789279688 0.007193167752 -0.017152913865 0.005452487369 -0.003218136323 0.015837829975 0.037505755563
234 235 1785749540.352901459 1785749540.390554428 0.037652969 -0.025698774484 -0.005452250086 0.007428938172 -0.018737850393 0.005456215795 -0.003676106662 0.015594518325 0.037187676097
235 236 1785749540.382901430 1785749540.423855543 0.040954113 -0.024938781634 -0.004404169605 0.007367279426 -0.019010548995 0.005588456745 -0.004757577792 0.015519808221 0.036766114303
236 237 1785749540.422949076 1785749540.457187414 0.034238338 -0.026551511097 -0.003528788554 0.007512278716 -0.018308410104 0.006753856038 -0.006094188560 0.015339763529 0.037777365616
237 238 1785749540.452900887 1785749540.490529299 0.037628412 -0.027445791891 -0.003152876800 0.007826260746 -0.019455779398 0.007442121887 -0.002953633504 0.014129219455 0.038297960851
238 239 1785749540.482973337 1785749540.524013758 0.041040421 -0.027935207426 -0.002584964264 0.008043333243 -0.019784887278 0.010632248460 -0.001739638423 0.013073938215 0.039117690858
239 240 1785749540.522922277 1785749540.557157278 0.034235001 -0.028003074599 -0.001390270199 0.008011740084 -0.018013599403 0.012868164414 -0.001630566894 0.013217683794 0.038958161526
240 241 1785749540.552992582 1785749540.590480804 0.037488222 -0.025587936456 -0.000407563757 0.007951567645 -0.018196921323 0.013830913546 -0.002171269189 0.013608116838 0.037821335212
241 242 1785749540.593458652 1785749540.624167442 0.030708790 -0.024282200079 0.000417217233 0.007989384533 -0.017223143267 0.016597871242 -0.002334617010 0.013697239909 0.037667232279
242 243 1785749540.622987032 1785749540.657154083 0.034167051 -0.023842478303 0.001595176046 0.008001381890 -0.018165319300 0.015872289161 -0.001483300883 0.013744279402 0.037523915796
243 244 1785749540.652981281 1785749540.690477848 0.037496567 -0.024611491790 0.003524052490 0.008067636937 -0.018209937310 0.015310741439 -0.001500030458 0.013730146831 0.037947580732
244 245 1785749540.692889929 1785749540.723847389 0.030957460 -0.025652346494 0.005745636061 0.008203849664 -0.018161726396 0.016063447317 -0.001948207604 0.013739368964 0.039227627783
245 246 1785749540.722903728 1785749540.757184029 0.034280300 -0.024960678450 0.006051222880 0.008139527757 -0.019131164588 0.016558248973 -0.002653989306 0.013737436297 0.039520153870
246 247 1785749540.752970219 1785749540.790511608 0.037541389 -0.024453880256 0.006670369291 0.008140060390 -0.020927313574 0.015990766803 -0.002554852610 0.013774314985 0.039983281140
247 248 1785749540.792984486 1785749540.823848248 0.030863762 -0.024246002231 0.006452100045 0.008189468594 -0.020864585444 0.016019176759 -0.001811285732 0.013791846369 0.039774443392
248 249 1785749540.822983265 1785749540.857197762 0.034214497 -0.024174925360 0.005683042303 0.008208110722 -0.020075782540 0.015660140835 -0.001995279191 0.013996039105 0.039143893175
249 250 1785749540.862896204 1785749540.890516758 0.027620554 -0.024386689330 0.004879333937 0.008160706454 -0.019270752689 0.015024453608 -0.002334444434 0.014009969129 0.038521949940
250 251 1785749540.892931938 1785749540.923942804 0.031010866 -0.025208460179 0.004119911442 0.008192131755 -0.019222972142 0.015807177712 -0.004809934139 0.014094252558 0.039506000865
251 252 1785749540.922935486 1785749540.957179308 0.034243822 -0.025184736443 0.004003154793 0.008196925445 -0.019951481450 0.016846567677 -0.004403811663 0.014171210886 0.040243894126
252 253 1785749540.962897778 1785749540.990492344 0.027594566 -0.024723589894 0.004185847643 0.008218510182 -0.020864307770 0.016362264725 -0.003230791124 0.014365029952 0.040201446116
253 254 1785749540.992902517 1785749541.023835421 0.030932903 -0.024231387953 0.004928450415 0.008249935483 -0.019570404076 0.016871480282 -0.004135159087 0.014368616311 0.039632252763
254 255 1785749541.032904625 1785749541.057162762 0.024258137 -0.024980721675 0.005613178662 0.008355802702 -0.016782121970 0.016676182837 -0.005100262126 0.014315616589 0.038936459942
255 256 1785749541.062905788 1785749541.090492964 0.027587175 -0.025356216473 0.005649034275 0.008898719525 -0.016653718981 0.016229623182 -0.003267064181 0.014334730396 0.038870834049
256 257 1785749541.092904806 1785749541.123894691 0.030989885 -0.024362433356 0.005615787424 0.009251854686 -0.017256008127 0.015921246922 -0.002204421548 0.014343151238 0.038373212328
257 258 1785749541.132990360 1785749541.157181263 0.024190903 -0.023756655523 0.005509907072 0.009601920645 -0.017815880820 0.016764572978 -0.002993143385 0.014334304669 0.038727539966
258 259 1785749541.162916422 1785749541.190495491 0.027579069 -0.022899504848 0.005393472534 0.009651637828 -0.019466331965 0.020370688071 -0.002321231039 0.014345362880 0.040641254205
259 260 1785749541.193401337 1785749541.223824024 0.030422688 -0.022502545651 0.005081619636 0.010559902352 -0.021176756695 0.019932043607 -0.001706674214 0.014508527460 0.041265608550
260 261 1785749541.232923031 1785749541.257169247 0.024246216 -0.022489223280 0.005039584353 0.011397606239 -0.021026171368 0.015250578571 -0.001535027319 0.014494054960 0.039346943583
261 262 1785749541.262917995 1785749541.290503025 0.027585030 -0.022779139291 0.007731537114 0.011701556848 -0.017132472877 0.012668134226 -0.003153808082 0.014481342584 0.037272661909
262 263 1785749541.293036222 1785749541.323833942 0.030797720 -0.024201156577 0.008933049324 0.011716217366 -0.013686536780 0.012581211547 -0.002816314949 0.014483564543 0.036960499781
263 264 1785749541.332917690 1785749541.357187033 0.024269342 -0.023641875266 0.008328812577 0.011546366750 -0.012333426668 0.012115445732 -0.002519009445 0.015447115531 0.036131457148
264 265 1785749541.362912178 1785749541.390462875 0.027550697 -0.021316467037 0.007436924048 0.011175511194 -0.012397668684 0.013289600119 -0.004315648668 0.016165221974 0.035282382880
265 266 1785749541.402940750 1785749541.423860312 0.020919561 -0.019846355103 0.006303038105 0.013683350389 -0.013467447591 0.012843640120 -0.005879910133 0.016477636585 0.035682730625
266 267 1785749541.432915926 1785749541.457155228 0.024239302 -0.019362067187 0.006300869576 0.013358089287 -0.014397898099 0.012161257077 -0.005757503066 0.016421694727 0.035370124331
267 268 1785749541.462909698 1785749541.490465641 0.027555943 -0.019212070252 0.006219140061 0.012598188559 -0.014847194124 0.011890362462 -0.004568332573 0.016457386244 0.034928939559
268 269 1785749541.503097773 1785749541.523840666 0.020742893 -0.020269067153 0.004788139678 0.012564218218 -0.014451718510 0.011547503436 -0.003118336887 0.016429684210 0.034834989535
269 270 1785749541.532915831 1785749541.557159662 0.024243832 -0.021086279194 0.004393276818 0.012590008218 -0.013771316128 0.010729513507 -0.002020515682 0.016000338064 0.034457296298
270 271 1785749541.562902451 1785749541.590465546 0.027563095 -0.021563081548 0.002905635033 0.012586406385 -0.012552796291 0.009930201802 -0.000787368839 0.015384761453 0.033545778627
271 272 1785749541.602907896 1785749541.623841763 0.020933867 -0.021063868194 -0.000272512485 0.012550187394 -0.012111033349 0.006732804031 -0.000382072730 0.014410207575 0.031639782724
272 273 1785749541.632908583 1785749541.673819304 0.040910721 -0.020247166641 -0.000931674385 0.012509483692 -0.013839737371 0.005732920200 -0.000338396415 0.013495421042 0.031208148970
273 274 1785749541.672899246 1785749541.707170010 0.034270763 -0.020724649822 -0.002333576912 0.011952883024 -0.013931005072 0.006025608170 -0.000799696709 0.013296432722 0.031394961349
274 275 1785749541.702973843 1785749541.740496635 0.037522793 -0.021127404562 -0.004427818720 0.011604262105 -0.015108539196 0.005998710243 -0.000926192626 0.013209871540 0.032252794006
275 276 1785749541.732901335 1785749541.773841619 0.040940285 -0.022366626766 -0.006389888471 0.011569514419 -0.015807551993 0.005924092504 -0.000957576660 0.012824982840 0.033545805123
276 277 1785749541.772904158 1785749541.807123184 0.034219027 -0.024971815186 -0.007769915319 0.011650318394 -0.014832844588 0.002285103262 -0.000525800377 0.011602483956 0.034348539007
277 278 1785749541.802910805 1785749541.840500832 0.037590027 -0.025287259821 -0.008880563457 0.011530758859 -0.014489114651 -0.006746253784 0.000028274084 0.010951185351 0.035023477268
278 279 1785749541.832932234 1785749541.873833656 0.040901423 -0.023914258421 -0.007796606073 0.011025017494 -0.013670053121 -0.006575202923 -0.000005484765 0.010839514026 0.033193803232
279 280 1785749541.872898102 1785749541.907160044 0.034261942 -0.024511869635 -0.006616801696 0.010114861951 -0.008905823838 -0.002758852126 0.000020203488 0.010849066244 0.030847234233
280 281 1785749541.902885914 1785749541.940500259 0.037614346 -0.023190734250 -0.006349829629 0.009591152684 -0.007281782194 -0.002655745129 0.002758557381 0.010837921288 0.029244969002
281 282 1785749541.942901611 1785749541.973828316 0.030926704 -0.021868034847 -0.004373066875 0.009666224297 -0.008040397501 -0.002249080431 0.003623966186 0.010892960581 0.028147231303
282 283 1785749541.972908974 1785749542.007143974 0.034235001 -0.021073592292 -0.001566851372 0.009599477411 -0.009580423980 0.000067575267 0.003226728556 0.011217275960 0.027689879542
283 284 1785749542.002946377 1785749542.040541410 0.037595034 -0.018612971169 0.001190348835 0.009190613257 -0.011660590119 0.006616261581 0.001059307933 0.011300098401 0.027219214436
284 285 1785749542.042988539 1785749542.073802233 0.030813694 -0.014014027210 0.002698738408 0.007113865237 -0.021002020551 0.011152033174 0.000215796674 0.009844236847 0.030276913724
285 286 1785749542.072932959 1785749542.107129574 0.034196615 -0.011766414915 0.002805028066 0.007058486488 -0.023897780593 0.010738149772 -0.000479855218 0.009819827195 0.031292330992
286 287 1785749542.102904081 1785749542.140515804 0.037611723 -0.011513575938 0.002759419084 0.007144042886 -0.024937617865 0.010951184357 -0.000620489338 0.009637956269 0.032035958000
287 288 1785749542.142895222 1785749542.173844576 0.030949354 -0.011889116386 0.003899799192 0.007108889160 -0.025515727269 0.010680835506 -0.000945545008 0.006526144888 0.031870253135
288 289 1785749542.172894955 1785749542.207174063 0.034279108 -0.011961146931 0.005734458795 0.006959569752 -0.025073130956 0.012655203630 -0.002105571555 0.005274048358 0.032333477345
289 290 1785749542.212918520 1785749542.240486622 0.027568102 -0.011338701954 0.006537508249 0.006699294984 -0.024982080377 0.015467601839 -0.003184126004 0.002953776725 0.033142121709
290 291 1785749542.242954969 1785749542.273814201 0.030859232 -0.009814418740 0.007761196035 0.006697164455 -0.024859748884 0.013603418376 -0.004570011091 0.000666364689 0.032028114840
291 292 1785749542.272908211 1785749542.307162285 0.034254074 -0.009187450162 0.008498354675 0.006736396852 -0.024378988704 0.013067202431 -0.005158908628 0.000674552034 0.031530406650
292 293 1785749542.312908649 1785749542.340496063 0.027587414 -0.007770832753 0.008345543939 0.006516534602 -0.024069338528 0.013432183766 -0.004721106005 0.001193401972 0.030918745716
293 294 1785749542.342904806 1785749542.373839378 0.030934572 -0.006251437532 0.007922273304 0.006642150480 -0.023527169521 0.011336000660 -0.004666544022 0.001204876067 0.029175709496
294 295 1785749542.372896671 1785749542.407130718 0.034234047 -0.006380148056 0.009091891847 0.006606464122 -0.022660365839 0.010091468844 -0.004669826087 0.001192011781 0.028382604636
295 296 1785749542.412909269 1785749542.440497160 0.027587891 -0.006832060771 0.012146842246 0.006587121504 -0.020974673461 0.015024285779 -0.004677475642 0.001234328381 0.030441442730
296 297 1785749542.442925453 1785749542.473852873 0.030927420 -0.005357113568 0.012458254681 0.006581612794 -0.020903833376 0.015058271238 -0.006539603354 0.001339841616 0.030586071544
297 298 1785749542.472901344 1785749542.507130146 0.034228802 -0.004287282903 0.010993879771 0.006456376692 -0.020870530730 0.013502830170 -0.009308712777 0.001359848144 0.029788215509
298 299 1785749542.512904167 1785749542.540510654 0.027606487 -0.004563042548 0.010305730139 0.006199483371 -0.021401467989 0.011450129637 -0.009827398077 0.001854470344 0.029233681586
299 300 1785749542.542908907 1785749542.573921204 0.031012297 -0.005518139886 0.008727540877 0.006070742496 -0.021228294988 0.009541740654 -0.009578920439 0.001911092532 0.027938630358
300 301 1785749542.582890034 1785749542.607137442 0.024247408 -0.005885712419 0.006605534120 0.006120627538 -0.021063167264 0.004399457434 -0.009101088813 0.002152448089 0.025811080265
301 302 1785749542.612888336 1785749542.640515566 0.027627230 -0.006137068897 0.004858738627 0.006036247994 -0.021042394608 0.002997429712 -0.008829205361 0.002410021268 0.025164206148
302 303 1785749542.642920256 1785749542.673867464 0.030947208 -0.006208145768 0.003081373050 0.005993540355 -0.020646648870 0.002008471408 -0.008738565981 0.002447062656 0.024425952954
303 304 1785749542.682889223 1785749542.707145691 0.024256468 -0.006241392619 0.000100873352 0.005897163454 -0.020483201576 0.001448148880 -0.008772908100 0.002532791598 0.024057832941
304 305 1785749542.712928057 1785749542.740504503 0.027576447 -0.006342430052 -0.001202848991 0.005758835200 -0.020004827047 0.001542557941 -0.008748320746 0.002671201439 0.023687095024
305 306 1785749542.742902517 1785749542.773847342 0.030944824 -0.006436936174 -0.001713215646 0.005492772274 -0.018396683789 0.005728907450 -0.010376166238 0.002713649789 0.023681783683
306 307 1785749542.782903433 1785749542.807163954 0.024260521 -0.006503934374 -0.002496133873 0.005427161450 -0.017994308282 0.007549044897 -0.012687491356 0.002693830807 0.025039934081
307 308 1785749542.812909603 1785749542.840468645 0.027559042 -0.006581383133 -0.002785536951 0.004913695522 -0.018000040645 0.007649186321 -0.013677192676 0.002788259566 0.025545444392
308 309 1785749542.852905273 1785749542.873867273 0.020962000 -0.008141596057 -0.003286071512 0.004240778438 -0.018015416182 0.007600710223 -0.013195933942 0.002824864437 0.025680860614
309 310 1785749542.882900000 1785749542.907154322 0.024254322 -0.009254664235 -0.004051311152 0.003607343668 -0.018072281238 0.004877228534 -0.012066576746 0.002893899393 0.024888682084
310 311 1785749542.912915230 1785749542.940501690 0.027586460 -0.010254548066 -0.004860201767 0.003435865625 -0.017634092780 0.003666029436 -0.011098031367 0.002965622829 0.024432451962
311 312 1785749542.952986956 1785749542.973798990 0.020812035 -0.012091772407 -0.005770985919 0.002820172311 -0.015821486282 0.003919162898 -0.011268571593 0.003010409887 0.024273259972
312 313 1785749542.982991695 1785749543.007143974 0.024152279 -0.012722408953 -0.006313277168 0.002545899515 -0.015199536443 0.004289559377 -0.011142156697 0.003008639447 0.024306882923
313 314 1785749543.012993336 1785749543.040473461 0.027480125 -0.012784048000 -0.006299010412 0.002204723711 -0.015571504589 0.004305937817 -0.011643931836 0.002971309240 0.024766770175
314 315 1785749543.052984715 1785749543.073813200 0.020828485 -0.012831185951 -0.006342968426 0.002182002913 -0.014795818162 0.005974008766 -0.012280881175 0.003081488154 0.024991085322
315 316 1785749543.082989216 1785749543.107129574 0.024140358 -0.012827107280 -0.006021656137 0.002160362380 -0.014146015327 0.005943697959 -0.012508312247 0.003042438617 0.024629530903
316 317 1785749543.122988462 1785749543.140479565 0.017491102 -0.013097804473 -0.005777153081 0.002013188030 -0.011297630021 0.005945295855 -0.013372640602 0.002936919750 0.023651995835
317 318 1785749543.152984619 1785749543.190468311 0.037483692 -0.013199729446 -0.005486230358 0.001778665262 -0.011722733942 0.002864102403 -0.012014384249 0.002728800727 0.022470260057
318 319 1785749543.182925224 1785749543.223914385 0.040989161 -0.013244915955 -0.005473121266 0.001537162479 -0.011120682353 -0.000074261685 -0.011620121033 0.002713800753 0.021767240102
319 320 1785749543.222923040 1785749543.257189989 0.034266949 -0.013560967041 -0.006224225947 0.001186555418 -0.011343719336 -0.001369766230 -0.011249210628 0.002733107737 0.022104741008
320 321 1785749543.252898932 1785749543.290466785 0.037567854 -0.013354231644 -0.005285663171 0.000698938550 -0.012237489872 -0.001145532728 -0.012954059880 0.002724047831 0.023088065328
321 322 1785749543.282995701 1785749543.323915005 0.040919304 -0.013300205570 -0.005224173680 0.000111678191 -0.013403924899 -0.000064402785 -0.014306967628 0.002748183666 0.024415386900
322 323 1785749543.322985411 1785749543.357197523 0.034212112 -0.013234545517 -0.005194878908 -0.000045165599 -0.015820112498 0.000380036138 -0.014509509800 0.002758699401 0.025897850988
323 324 1785749543.352982998 1785749543.390470982 0.037487984 -0.013214305493 -0.005167952847 -0.000004406102 -0.016751153615 0.000626511697 -0.013395612567 0.002709077860 0.025866983376
324 325 1785749543.392987967 1785749543.423925400 0.030937433 -0.013227088666 -0.005167153899 0.000038077884 -0.016739968339 0.004752940082 -0.012596950647 0.002665320432 0.025889397095
325 326 1785749543.422988176 1785749543.457160950 0.034172773 -0.013199196271 -0.005174737342 0.000026892607 -0.016744762029 0.006978593034 -0.012058347839 0.002610286297 0.026120922175
326 327 1785749543.452987194 1785749543.490484715 0.037497520 -0.013168219673 -0.005046106661 0.000053341831 -0.016761735463 0.006941974569 -0.011592006256 0.002601744021 0.025868098399
327 328 1785749543.492997169 1785749543.523854733 0.030857563 -0.013238273942 -0.003927046371 -0.000057445670 -0.016770328375 0.009028821033 -0.011382979037 0.002603210168 0.026263840697
328 329 1785749543.522981644 1785749543.557140827 0.034159184 -0.013218770505 -0.003912665301 -0.000040934071 -0.016739968339 0.009421273916 -0.011279179501 0.002562963143 0.026321514613
329 330 1785749543.552932024 1785749543.590463638 0.037531614 -0.013251057116 -0.003971787478 -0.000032005916 -0.016760137566 0.011815213781 -0.012240090662 0.002608409425 0.027721683605
330 331 1785749543.592908859 1785749543.623887062 0.030978203 -0.013229156834 -0.003928826655 -0.000060894647 -0.016833920261 0.013444358011 -0.012982530192 0.002591284080 0.028806986212
331 332 1785749543.622913599 1785749543.657147884 0.034234285 -0.013232281830 -0.003985369599 -0.000066529948 -0.016785577321 0.013304846336 -0.013261666390 0.002591005105 0.028850312380
332 333 1785749543.662908554 1785749543.690481186 0.027572632 -0.013186546256 -0.002606384787 -0.000198313759 -0.016780250999 0.013184079943 -0.012960933962 0.002572403298 0.028473100069
333 334 1785749543.692905664 1785749543.723887682 0.030982018 -0.013219436296 -0.001482936847 -0.000332663670 -0.015883830976 0.013180344951 -0.013272363856 0.002599111337 0.028035546443
334 335 1785749543.722905397 1785749543.757147074 0.034241676 -0.013211979444 -0.000915949851 -0.000367690805 -0.015686630463 0.013150510981 -0.013311815175 0.002573783172 0.027899205346
335 336 1785749543.762906075 1785749543.790506601 0.027600527 -0.013162227561 -0.000716073045 -0.000358636057 -0.014768134337 0.013112077532 -0.012673789690 0.002587388270 0.027041255647
336 337 1785749543.792899370 1785749543.823891401 0.030992031 -0.013205987332 -0.004329183696 -0.000372484495 -0.014528449839 0.013091964099 -0.012423435180 0.002602393402 0.027145317265
337 338 1785749543.822938204 1785749543.857242823 0.034304619 -0.013216506818 -0.009880889425 -0.000495772455 -0.014634946752 0.009904699473 -0.012295216621 0.002649219559 0.027258563293
338 339 1785749543.862915754 1785749543.890512466 0.027596712 -0.012920026192 -0.013953572317 -0.001121661782 -0.014888696810 0.000592868130 -0.012294704149 0.004333494673 0.027474553570
339 340 1785749543.892905712 1785749543.923857927 0.030952215 -0.012919100652 -0.013102841167 -0.001330576937 -0.012785939960 0.000848750586 -0.012139123486 0.005250970159 0.026067023001
340 341 1785749543.922904015 1785749543.957183838 0.034279823 -0.012895258794 -0.012512189266 -0.001388086688 -0.012315609001 -0.000783447809 -0.012071722061 0.005703184328 0.025599026638
341 342 1785749543.962907553 1785749543.990462780 0.027555227 -0.012904186950 -0.009988881362 -0.001307141120 -0.013319422489 -0.004779052936 -0.011892360020 0.005461826925 0.025288545870
342 343 1785749543.992906094 1785749544.023866653 0.030960560 -0.012912309591 -0.007394522539 -0.001314065339 -0.013520698407 -0.004285542725 -0.011036827886 0.005371112062 0.023978512187
343 344 1785749544.032909393 1785749544.057145119 0.024235725 -0.012904186950 -0.005739034074 -0.001252000553 -0.013488867066 -0.003434762542 -0.010854615611 0.005351354033 0.023264325841
344 345 1785749544.062960625 1785749544.090466022 0.027505398 -0.011789654034 -0.005723321424 -0.001334178771 -0.013455031787 -0.006344932678 -0.010544747414 0.004957677871 0.023034728180
345 346 1785749544.092909336 1785749544.123894691 0.030985355 -0.011562080352 -0.005711912494 -0.001171602619 -0.013406338602 -0.007965738853 -0.010127479265 0.005391355871 0.023291538457
346 347 1785749544.132910013 1785749544.157162189 0.024252176 -0.011527396897 -0.005676086411 -0.001146695496 -0.011573551140 -0.006544648781 -0.009556436528 0.006314604040 0.021780563897
347 348 1785749544.162983179 1785749544.190473318 0.027490139 -0.011043569454 -0.008395862639 -0.001182549713 -0.011461571782 -0.007653067113 -0.009156968423 0.006628748297 0.022618063538
348 349 1785749544.192900181 1785749544.223861456 0.030961275 -0.010295893544 -0.010344114025 -0.001361637464 -0.011412163578 -0.009032119227 -0.008420432716 0.006686161933 0.023287019543
349 350 1785749544.232905149 1785749544.257147789 0.024242640 -0.010012161864 -0.010475360854 -0.001471203579 -0.011481938399 -0.007309775864 -0.007878385615 0.006699929257 0.022458111112
350 351 1785749544.262903690 1785749544.290472984 0.027569294 -0.009874538797 -0.009463777728 -0.001420968292 -0.013208732049 -0.006995947510 -0.007757699863 0.006740784869 0.022762309372
351 352 1785749544.302942991 1785749544.323864222 0.020921230 -0.009578661600 -0.008723309605 -0.000985569588 -0.014147230017 -0.006516147918 -0.007546730133 0.006719235767 0.022661063562
352 353 1785749544.332912445 1785749544.357146263 0.024233818 -0.009621944534 -0.007983004679 -0.000796485151 -0.014247770915 -0.005577818662 -0.007454690245 0.006728453215 0.022178820872
353 354 1785749544.362906694 1785749544.390485287 0.027578592 -0.009595712397 -0.007617250395 0.000469920141 -0.014453899583 -0.004867004027 -0.007457860720 0.006705301058 0.021988740643
354 355 1785749544.402926445 1785749544.423878193 0.020951748 -0.009646585340 -0.007508091175 0.001819195671 -0.014507386458 -0.004351606355 -0.007381546615 0.006743975504 0.021956928074
355 356 1785749544.432904005 1785749544.457161427 0.024257421 -0.009657132961 -0.008006631124 0.002959281801 -0.014600034934 -0.003607418277 -0.007250761483 0.006721944880 0.022137214809
356 357 1785749544.462908745 1785749544.490492105 0.027583361 -0.010161884554 -0.007652823065 0.004570092570 -0.016086924783 -0.002425503035 -0.005245260351 0.007467548871 0.023036158554
357 358 1785749544.502898932 1785749544.523916721 0.021017790 -0.010160327104 -0.008099912871 0.007657351378 -0.018862695155 -0.002783961530 -0.001645089170 0.010629281875 0.026584121715
358 359 1785749544.532911062 1785749544.557164192 0.024253130 -0.010281731384 -0.007063427285 0.009955072910 -0.020463889013 -0.002849089228 -0.000503297200 0.014069154946 0.029661287461
359 360 1785749544.572900534 1785749544.590484142 0.017583609 -0.009761553384 -0.005863187364 0.011070657958 -0.021794980131 -0.003054208739 -0.000497382450 0.017662486012 0.032384942636
360 361 1785749544.602985382 1785749544.624008656 0.021023273 -0.010750682535 -0.005535272967 0.012206792010 -0.022655475613 -0.002804475338 -0.000468539197 0.018709449668 0.034155832387
361 362 1785749544.632989645 1785749544.673852444 0.040862799 -0.012277817551 -0.005512833487 0.012348687363 -0.022765197850 -0.001326868552 -0.000506112744 0.021668651717 0.036378945107
362 363 1785749544.672978401 1785749544.707172632 0.034194231 -0.013007476399 -0.005519491389 0.014507843313 -0.022789572340 -0.002890724381 -0.000471816104 0.025288128278 0.039718631424
363 364 1785749544.702982903 1785749544.740502596 0.037519693 -0.012924193554 -0.005487267140 0.015320884791 -0.022789572340 -0.002978250259 -0.000259927862 0.027879180998 0.041682433568
364 365 1785749544.732996702 1785749544.773828745 0.040832043 -0.012664303732 -0.005456767379 0.015390804852 -0.022817675256 -0.003090972033 -0.000266126745 0.028665259650 0.042178265964
365 366 1785749544.772982359 1785749544.807164192 0.034181833 -0.012172347082 -0.005490323209 0.017059907693 -0.022793833398 -0.003570167736 -0.000244527006 0.028276410598 0.042441374405
366 367 1785749544.802985430 1785749544.840491056 0.037505627 -0.011172978089 -0.005437579487 0.018180337876 -0.022762408097 -0.002204189520 -0.000237678742 0.027194577592 0.041803284689
367 368 1785749544.832986832 1785749544.873895407 0.040908575 -0.010420382439 -0.005430655268 0.017760082356 -0.022771056805 -0.001247612407 -0.000214196973 0.026208281861 0.040749164350
368 369 1785749544.872986078 1785749544.907126188 0.034140110 -0.009340400870 -0.002773353133 0.017606904435 -0.022818740521 -0.000308932906 -0.000220811740 0.027651028599 0.041113941171
369 370 1785749544.902986765 1785749544.940471888 0.037485123 -0.010427705508 -0.000648569756 0.016640826629 -0.022866073991 0.000331820894 -0.000182852786 0.028913441596 0.041773948589
370 371 1785749544.942990541 1785749544.973864079 0.030873537 -0.010614626308 0.001698390184 0.017592392193 -0.025038878197 0.000557422073 -0.000291165144 0.027356218273 0.042435252798
371 372 1785749544.972991705 1785749545.007136345 0.034144640 -0.011522062041 0.002472447787 0.018474171673 -0.026627522715 0.001908008123 -0.000576452993 0.026348381817 0.043444227627
372 373 1785749545.002981424 1785749545.040479183 0.037497759 -0.011735248628 0.002491791801 0.018866473409 -0.027402040757 0.003183402535 -0.000565084856 0.027141124453 0.044697144790
373 374 1785749545.042987347 1785749545.073891878 0.030904531 -0.011470577428 0.002430315443 0.020245208073 -0.028382084038 0.005056803204 -0.000719228904 0.031680818665 0.048812442513
374 375 1785749545.072986126 1785749545.107129335 0.034143209 -0.011194591060 0.002422858592 0.020106862648 -0.031956270728 0.008604260368 -0.000716179390 0.028570690566 0.049472303827
375 376 1785749545.102986574 1785749545.140468836 0.037482262 -0.010832103089 0.002364522232 0.019326200770 -0.035002145319 0.015650845200 -0.000709595100 0.026944989994 0.051894726151
376 377 1785749545.142993212 1785749545.173841715 0.030848503 -0.007918988163 0.003559334418 0.019369035625 -0.042842244686 0.024902065662 -0.000658132321 0.026310771255 0.059989994184
377 378 1785749545.172984838 1785749545.207130432 0.034145594 -0.006327215335 0.003283912429 0.020634045153 -0.047328239068 0.023031819880 -0.000698886660 0.025501365734 0.062432496275
378 379 1785749545.212982893 1785749545.240483046 0.027500153 -0.003891857751 0.003133346766 0.021598223009 -0.051256315660 0.028936575296 -0.000711669833 0.024953845086 0.067669666759
379 380 1785749545.242990255 1785749545.273855686 0.030865431 -0.002601337048 0.001870699430 0.023218934651 -0.051175573946 0.026958908769 -0.000699794383 0.024455682006 0.067034898541
380 381 1785749545.272987604 1785749545.307140589 0.034152985 -0.000931692399 0.001192798341 0.025981045668 -0.053734697771 0.021049241753 -0.000534707453 0.024011467636 0.067709898579
381 382 1785749545.312928915 1785749545.340489388 0.027560472 -0.000733759485 0.001213570997 0.026601925432 -0.055378861481 0.023364231217 -0.000481971232 0.023959553339 0.069976222290
382 383 1785749545.342905045 1785749545.373864412 0.030959368 -0.002703230900 0.001737401652 0.024921423623 -0.053995482665 0.026579817094 -0.000523141454 0.024016590938 0.069501600841
383 384 1785749545.372908354 1785749545.407163382 0.034255028 -0.004704919260 0.001724884794 0.025313321270 -0.053640004138 0.024729527226 -0.000285240505 0.023958133144 0.068765898476
384 385 1785749545.412908077 1785749545.440498829 0.027590752 -0.004614809093 -0.001882746678 0.033166846488 -0.055741896083 0.022817322163 -0.000061705152 0.023946034514 0.072980041450
385 386 1785749545.442902565 1785749545.473823309 0.030920744 -0.004531031257 -0.004612152948 0.033125005805 -0.052529623906 0.019108989403 0.000296414556 0.024850437915 0.069865694003
386 387 1785749545.472905874 1785749545.507135630 0.034229755 -0.003161594610 -0.007125086342 0.032834676891 -0.047610815898 0.016591761348 0.000284372193 0.029283422535 0.067368795302
387 388 1785749545.512904644 1785749545.540515423 0.027610779 0.001967974841 -0.011521528959 0.040566500704 -0.050729595918 0.006128510404 0.000314397459 0.032194717713 0.073687914681
388 389 1785749545.542910814 1785749545.573858976 0.030948162 0.010309197672 -0.018893573219 0.043570227125 -0.053294921327 -0.007200017025 0.000303166704 0.033645501608 0.079911901055
389 390 1785749545.582900763 1785749545.607155561 0.024254799 0.017855609678 -0.025620615489 0.054624161009 -0.060160003160 -0.009286021730 0.000362669129 0.031099107717 0.092907372746
390 391 1785749545.612991333 1785749545.640484095 0.027492762 0.016392009650 -0.025478917771 0.051122076465 -0.056369157958 -0.005354584652 0.000447240904 0.028079818890 0.086753499827
391 392 1785749545.642989159 1785749545.673873186 0.030884027 0.012544404546 -0.024509753528 0.049350354380 -0.053582635876 -0.005858144471 0.000481826836 0.029256228275 0.083397382182
392 393 1785749545.682959557 1785749545.707134724 0.024175167 0.010338818850 -0.021275854264 0.055334665052 -0.051642941275 -0.009638217068 0.000474106011 0.041252035948 0.089907297615
393 394 1785749545.712992668 1785749545.740483522 0.027490854 0.009395478257 -0.017585574202 0.060025356454 -0.048264360630 -0.013991230543 0.000453257400 0.052797030413 0.096506506262
394 395 1785749545.742992163 1785749545.773864746 0.030872583 0.003347315570 -0.011427242661 0.050554674542 -0.045319693941 -0.016213442380 0.000808290065 0.057453495498 0.091191388655
395 396 1785749545.782992840 1785749545.807132959 0.024140120 0.009463687468 -0.008408780145 0.045233038220 -0.044908471878 -0.028933488302 0.006225989690 0.080029834726 0.107255543896
396 397 1785749545.812993526 1785749545.840471983 0.027478456 0.010118621665 -0.007446608801 0.035806279262 -0.047805314520 -0.037913804068 0.026485815681 0.085264271643 0.114604656136
397 398 1785749545.853081226 1785749545.873871326 0.020790100 0.020162591840 -0.008064364883 0.022813847720 -0.058282933878 -0.045426004763 0.051052626952 0.087387091544 0.129210419533
398 399 1785749545.882993460 1785749545.907182693 0.024189234 0.021373266840 -0.011540860344 0.011086710423 -0.061434288704 -0.035697940102 0.056584392542 0.070796706712 0.118217617374
399 400 1785749545.912979364 1785749545.940565109 0.027585745 0.015170657520 -0.015464532807 0.007166451513 -0.062993778894 -0.020643414227 0.045991819577 0.054566228040 0.100038722966
400 401 1785749545.952977419 1785749545.973866940 0.020889521 0.012072722625 -0.020638259829 0.018970105166 -0.063633655545 -0.006606952346 0.034350063106 0.047737181654 0.092104356983
401 402 1785749545.983070135 1785749546.007160425 0.024090290 0.008362773255 -0.021280237396 0.025708916708 -0.057820801902 -0.006312735996 0.026435257991 0.047065273270 0.086491568721
402 403 1785749546.012980461 1785749546.040502787 0.027522326 0.010776356458 -0.021366408351 0.033471983895 -0.049050272167 -0.015915992473 0.015653113658 0.052393143998 0.085687434852
403 404 1785749546.052980661 1785749546.073866606 0.020885944 0.019500094317 -0.017386756993 0.036203214143 -0.042406880764 -0.029186810724 0.013293518822 0.070201079828 0.098733724833
404 405 1785749546.082986593 1785749546.107219458 0.024232864 0.016738126320 -0.010796283541 0.031073161977 -0.038412481528 -0.031358896349 0.014881990001 0.070233423950 0.094738443041
405 406 1785749546.112983227 1785749546.140480995 0.027497768 0.017089477176 -0.005075262091 0.022507259846 -0.035157941469 -0.026006033118 0.018951705694 0.068868832647 0.088537354415
406 407 1785749546.152981758 1785749546.190492868 0.037511110 0.009826450358 -0.003580958053 0.013200623505 -0.035024433169 -0.019277529143 0.018175859229 0.051876201626 0.070024817392
407 408 1785749546.182986021 1785749546.223884583 0.040898561 0.003579830807 -0.003351635015 0.011177667857 -0.035327006270 -0.013812582254 0.013647333774 0.048593941365 0.064307033532
408 409 1785749546.222985506 1785749546.257184982 0.034199476 0.002872519794 -0.003770313468 0.012217547873 -0.035297711498 -0.014079328352 0.017384489101 0.050416132076 0.066782466773
409 410 1785749546.252980232 1785749546.290504932 0.037524700 -0.001165083256 -0.004709087077 0.010727170816 -0.035285054916 -0.013045357897 0.016766914743 0.043974699510 0.061389943834
410 411 1785749546.282984495 1785749546.323933840 0.040949345 -0.005479940810 -0.004546574648 0.008443602351 -0.035271739111 -0.007697636485 0.016222097524 0.041418308000 0.058343614784
411 412 1785749546.322980404 1785749546.357150793 0.034170389 -0.004707269959 -0.007730484370 -0.000911871495 -0.033807141632 -0.007516080632 0.030877049280 0.034330594435 0.058430697999
412 413 1785749546.352982759 1785749546.390472651 0.037489891 -0.005030227158 -0.012146731753 -0.001338501432 -0.030365634220 -0.007544069628 0.024832747728 0.033528405658 0.053800018006
413 414 1785749546.382982254 1785749546.423861027 0.040878773 -0.005238245449 -0.012630344719 0.003650068511 -0.027071240771 -0.008504462721 0.015459379228 0.034826957262 0.049571918911
414 415 1785749546.423242331 1785749546.457167864 0.033925533 -0.001608356029 -0.010985925985 0.010941690428 -0.022691175003 -0.014779334973 0.011448501860 0.040647082550 0.052531606184
415 416 1785749546.452981472 1785749546.490491152 0.037509680 0.004945226864 -0.005623858779 0.014329428494 -0.019648995187 -0.014408574162 0.007892579335 0.043212825657 0.052770699335
416 417 1785749546.492984295 1785749546.523860455 0.030876160 0.008581889368 -0.002187868317 0.013012081991 -0.017246941381 -0.011738353101 0.008164583471 0.044769303826 0.052478059982
417 418 1785749546.522984266 1785749546.557170153 0.034185886 0.012094125751 0.000831454472 0.010999408141 -0.018750282914 -0.007165680724 0.009773609804 0.037042237063 0.046244102743
418 419 1785749546.552986145 1785749546.590491295 0.037505150 0.010675247626 0.001331190085 0.009112756209 -0.021028960628 -0.005718539818 0.007437339622 0.032296116979 0.042095693128
419 420 1785749546.592984438 1785749546.623884201 0.030899763 0.008704758826 0.001333320614 0.007283781414 -0.023206200039 -0.003668099671 0.006001096974 0.035398613863 0.044403397906
420 421 1785749546.622986794 1785749546.657172203 0.034185410 0.003978209446 0.001316276383 0.006159948494 -0.025113662627 -0.003012484664 0.007012732758 0.034048855740 0.043632302388
421 422 1785749546.652982712 1785749546.690488338 0.037505627 -0.001549594888 -0.000822241973 0.005824546319 -0.026631203698 -0.002707615900 0.007681625744 0.032620079084 0.043320108423
422 423 1785749546.692981482 1785749546.723877192 0.030895710 -0.002518678944 -0.004682740083 0.005595346607 -0.027423032829 -0.002793526664 0.009377849531 0.032171527760 0.044072184912
423 424 1785749546.722985744 1785749546.757176161 0.034190416 -0.002008745840 -0.007501817796 0.005355218068 -0.027498216031 -0.006476507570 0.007882854409 0.031941862533 0.044379158414
424 425 1785749546.762985945 1785749546.790495157 0.027509212 -0.000316177340 -0.005961800099 0.005184119800 -0.027566434221 -0.007550890559 0.008141061934 0.034955661510 0.046557679619
425 426 1785749546.792990923 1785749546.823851347 0.030860424 -0.000119746475 -0.003922816750 0.005331376210 -0.025981291210 -0.005441189909 0.009371091974 0.034090780435 0.044704128654
426 427 1785749546.823123932 1785749546.857193708 0.034069777 0.001077285998 -0.001528922306 0.005976896928 -0.025570560973 -0.003942894395 0.010339563823 0.030545365464 0.041815635611
427 428 1785749546.862989902 1785749546.890476704 0.027486801 0.002797450505 0.002127864186 0.009292371159 -0.024688660348 -0.006239173381 0.008562201074 0.032707286151 0.043476853450
428 429 1785749546.892985106 1785749546.923984051 0.030998945 0.001314458106 0.005225585635 0.009264522281 -0.022023973242 -0.007811901028 0.006576620960 0.040455444216 0.048382249053
429 430 1785749546.922990561 1785749546.957162380 0.034171820 0.001265890740 0.008146216196 0.007995881783 -0.020005335367 -0.007169343208 0.006628509189 0.043202232389 0.049938766362
430 431 1785749546.962985039 1785749546.990483284 0.027498245 0.004220016756 0.007978283649 0.007440523563 -0.022725252090 -0.007482885088 0.006890803093 0.040155785785 0.048674674045
431 432 1785749546.992979527 1785749547.023839951 0.030860424 0.004121707651 0.007554464526 0.006756480262 -0.024071753953 -0.005339683006 0.004702752977 0.034020517107 0.043671288698
432 433 1785749547.022981882 1785749547.057152510 0.034170628 0.002943686364 0.005326996590 0.006376172389 -0.024714966960 -0.004482820216 0.003681922423 0.032598625722 0.042247484860
433 434 1785749547.062982082 1785749547.090477228 0.027495146 0.001244706708 0.003678905916 0.006343808415 -0.025421969240 -0.003979301237 0.003232897942 0.033677788924 0.043151871373
434 435 1785749547.092982531 1785749547.123856306 0.030873775 -0.001728738832 0.002473222093 0.006310125994 -0.026535449170 -0.004307766915 0.002988427232 0.034646647934 0.044507649729
435 436 1785749547.132987738 1785749547.157165289 0.024177551 -0.001618868630 -0.001965177311 0.006032345160 -0.026933613355 -0.004410827441 0.002925289185 0.034867618437 0.044855935003
436 437 1785749547.162982702 1785749547.190478325 0.027495623 -0.002120232754 -0.004785472834 0.006067372294 -0.026981829703 -0.004277550723 0.002620496918 0.031292559533 0.042386519134
437 438 1785749547.192982674 1785749547.223917007 0.030934334 -0.001790803535 -0.005483356413 0.006090275479 -0.027220169489 -0.004056470352 0.002739414077 0.027689109034 0.040024359552
438 439 1785749547.233611345 1785749547.257167101 0.023555756 -0.001202028355 -0.004355424075 0.008426429918 -0.027750950626 -0.003895674483 0.004434762694 0.025491655391 0.039321781079
439 440 1785749547.262897730 1785749547.290495157 0.027597427 -0.001651576547 0.001321036800 0.009545608330 -0.027724445607 -0.003776787304 0.007851744987 0.024840985533 0.039461689648
440 441 1785749547.293131590 1785749547.323962927 0.030831337 -0.001959250920 0.007688603833 0.009366393987 -0.027489022167 -0.003648845378 0.013035977796 0.024751872780 0.041258150284
441 442 1785749547.333021164 1785749547.357237101 0.024215937 -0.002023796480 0.015347436268 0.007728676508 -0.022461321008 -0.003132501106 0.017973277539 0.025661192251 0.042370166281
442 443 1785749547.362906694 1785749547.390491724 0.027585030 -0.002029122802 0.013660087556 0.006621866759 -0.019784256770 -0.003115989507 0.018369481157 0.027046168530 0.041287089113
443 444 1785749547.402896643 1785749547.423856497 0.020959854 -0.002043909913 0.011607001501 0.006238710072 -0.019059179104 -0.003118120036 0.010362437090 0.029057833489 0.038762537651
444 445 1785749547.433064699 1785749547.457224131 0.024159431 -0.002092070466 0.010140229746 0.001317780070 -0.018885705824 -0.003071108676 0.006276919698 0.030539718782 0.038040942412
445 446 1785749547.462901354 1785749547.490483999 0.027582645 -0.002264893222 0.008658104056 -0.002916949838 -0.020293242173 -0.004793080503 0.008234349020 0.028694189992 0.037610523064
446 447 1785749547.503087044 1785749547.523860216 0.020773172 -0.002348879858 0.005962735115 -0.003660656186 -0.018473440707 -0.009323387411 0.007021578880 0.027650770205 0.036007403095
447 448 1785749547.532918215 1785749547.557129622 0.024211407 -0.002351809335 0.005415988143 -0.004022021194 -0.017399131307 -0.009534207274 0.007544793101 0.027968822068 0.035830857911
448 449 1785749547.562917233 1785749547.590459108 0.027541876 -0.002341829047 0.005139552022 -0.009464668885 -0.017404224028 -0.008828037905 0.013853392178 0.027238115982 0.037896593774
449 450 1785749547.602891445 1785749547.623915434 0.021023989 -0.002532245065 0.005601483879 -0.014890436707 -0.019355663197 -0.007099410738 0.020253559051 0.027646225559 0.043117024069
450 451 1785749547.632908583 1785749547.657146454 0.024237871 -0.003099105469 0.008290604224 -0.013005772167 -0.022262494974 -0.005725958419 0.020619849663 0.028175056952 0.044664370581
451 452 1785749547.662876844 1785749547.690491915 0.027615070 -0.003432393514 0.010761290960 -0.009881573685 -0.023937800712 -0.004884272380 0.018446236379 0.027673095931 0.043910938289
452 453 1785749547.702879906 1785749547.723865032 0.020985126 -0.003529738618 0.013895049867 -0.005073795086 -0.025433406800 -0.004402920507 0.013292838440 0.026922030936 0.042414785819
453 454 1785749547.733179569 1785749547.757156372 0.023976803 -0.003543670984 0.015177547355 -0.005446717530 -0.026074768726 -0.004186913275 0.012921098646 0.028565408942 0.044192119939
454 455 1785749547.772939205 1785749547.807130814 0.034191608 -0.003520151238 0.012815994822 -0.006284348222 -0.026117446835 -0.004103725587 0.010824175656 0.027661356364 0.042395863335
455 456 1785749547.803115368 1785749547.840472937 0.037357569 -0.003513227019 0.011692986344 -0.007456942252 -0.026106008374 -0.004107454013 0.011503631716 0.027878965429 0.042575107624
456 457 1785749547.832906723 1785749547.873844385 0.040937662 -0.003670619839 0.010758583757 -0.006579708265 -0.026035700921 -0.004093998483 0.009264620945 0.027307712483 0.041214997800
457 458 1785749547.872988939 1785749547.907185078 0.034196138 -0.003705324863 0.010415814718 -0.004141821697 -0.026078311499 -0.004077486884 0.008485017234 0.026277671532 0.039982359661
458 459 1785749547.903109074 1785749547.940475464 0.037366390 -0.003741277537 0.009875961893 -0.001541049143 -0.025986166125 -0.004106781656 0.007982253548 0.025773506958 0.039166862670
459 460 1785749547.933016300 1785749547.973841429 0.040825129 -0.003802446313 0.009281680254 0.000104838497 -0.025657755700 -0.004079084781 0.008122181316 0.025142554809 0.038388753942
460 461 1785749547.972901821 1785749548.007164240 0.034262419 -0.004336760357 0.009121318559 0.000059966679 -0.023748598383 -0.004069679788 0.007667937615 0.024316845394 0.036505807683
461 462 1785749548.002903700 1785749548.040495872 0.037592173 -0.004355977780 0.009209960557 0.000629776766 -0.023537542047 -0.004075356355 0.006361290746 0.023793059226 0.035796572979
462 463 1785749548.042903900 1785749548.073879957 0.030976057 -0.004411244938 0.010706352773 0.000833183213 -0.023869767781 -0.004068880840 0.004951894176 0.023502923739 0.036027899624
463 464 1785749548.072902441 1785749548.107131481 0.034229040 -0.004774850356 0.011254447181 0.000859617435 -0.024108650607 -0.004047841867 0.004446278930 0.023475180912 0.036313445065
464 465 1785749548.102895975 1785749548.140477896 0.037581921 -0.005870390900 0.012483255431 0.000908787457 -0.024642441031 -0.004091517709 0.004403525294 0.023470838741 0.037220703559
465 466 1785749548.142905235 1785749548.173853397 0.030948162 -0.009130479850 0.011906980479 -0.000191592705 -0.025154764839 -0.004070478736 0.007806448223 0.023607852286 0.038636522474
466 467 1785749548.172905207 1785749548.207182407 0.034277201 -0.010931034592 0.010683084354 -0.000805692242 -0.025727699923 -0.004080865064 0.009101669419 0.023830598985 0.039542012920
467 468 1785749548.202898741 1785749548.240483284 0.037584543 -0.011763432676 0.009644481913 -0.001023369022 -0.026167815462 -0.004066750311 0.006903338392 0.024312712256 0.039654744308
468 469 1785749548.242907763 1785749548.274014473 0.031106710 -0.011843216772 0.009051657050 -0.000762082846 -0.026214854955 -0.004080066116 0.004999547488 0.025604261860 0.040090077443
469 470 1785749548.272909880 1785749548.307137728 0.034227848 -0.010625260264 0.009296981512 -0.000811850620 -0.026211588365 -0.004050238712 0.004045827693 0.025745492311 0.039782408382
470 471 1785749548.302907944 1785749548.340513945 0.037606001 -0.009849549824 0.010068033636 -0.001810683681 -0.026206794675 -0.004038535805 0.002957593868 0.025616780875 0.039619820683
471 472 1785749548.342891216 1785749548.373862505 0.030971289 -0.009581331502 0.011012792791 -0.002805200744 -0.026225310211 -0.004065433732 0.002623705637 0.026090752614 0.040160409858
472 473 1785749548.372899294 1785749548.407147169 0.034247875 -0.009518860676 0.011316790725 -0.002848051685 -0.026193549666 -0.004064102151 0.003058490122 0.024678493175 0.039341977797
473 474 1785749548.412941456 1785749548.440490246 0.027548790 -0.009468443002 0.011376956564 -0.002300134229 -0.025290667260 -0.004092050341 0.003664052161 0.023566026927 0.038072599081
474 475 1785749548.442903519 1785749548.473938704 0.031035185 -0.009433149552 0.010978589785 -0.000884794280 -0.024963266304 -0.004077935587 0.003874355615 0.023169373893 0.037442240135
475 476 1785749548.472909451 1785749548.507143974 0.034234524 -0.009451931403 0.010796835065 -0.000235443725 -0.024972388583 -0.004065433732 0.004045614691 0.023164742430 0.037404362332
476 477 1785749548.512903452 1785749548.540487528 0.027584076 -0.009574829721 0.009795380421 -0.000045180021 -0.025174950153 -0.004050238712 0.004168089624 0.022999736613 0.037204465958
477 478 1785749548.542903185 1785749548.573884487 0.030981302 -0.010041387410 0.009842675891 0.000032495691 -0.025299264522 -0.004057177933 0.003656928615 0.022969076968 0.037352026553
478 479 1785749548.572897196 1785749548.607341766 0.034444571 -0.010731974611 0.010037382497 0.000048948229 -0.024771345873 -0.004050238712 0.003538414658 0.022729578123 0.037082405967
479 480 1785749548.612895489 1785749548.640498877 0.027603388 -0.010864016269 0.010770846592 0.000163357770 -0.024940786330 -0.004064353466 0.003460816793 0.022788695141 0.037469031779
480 481 1785749548.642889023 1785749548.673866034 0.030977011 -0.010791750808 0.010856955287 0.000157883796 -0.025291360595 -0.004060373726 0.003202502803 0.022788035444 0.037683556493
481 482 1785749548.672896862 1785749548.707141638 0.034244776 -0.010658834201 0.010040993113 0.000767214199 -0.025151133935 -0.004085392438 0.003217127687 0.022799788988 0.037342618613
482 483 1785749548.712903500 1785749548.740514517 0.027611017 -0.010515179624 0.008887988206 -0.000142951996 -0.025350093671 -0.004041465282 0.003083060490 0.023013633322 0.037251564310
483 484 1785749548.742905855 1785749548.773895741 0.030989885 -0.010549381546 0.008311268901 -0.001015509955 -0.025394775716 -0.004031078954 0.002309863643 0.023484829975 0.037408753554
484 485 1785749548.782881498 1785749548.807152033 0.024270535 -0.010542373398 0.008228081214 -0.002841406849 -0.025223209081 -0.004048640815 0.003599331981 0.023530489594 0.037498765983
485 486 1785749548.812885523 1785749548.840490818 0.027605295 -0.010549157893 0.008187727757 -0.006734292174 -0.025061791989 -0.004079533484 0.009142042359 0.023336087258 0.038685400700
486 487 1785749548.842900991 1785749548.873912811 0.031011820 -0.011282229079 0.008233267812 -0.008702997454 -0.024810457113 -0.004074207162 0.012469881527 0.023342890044 0.040042027465
487 488 1785749548.882899761 1785749548.907163143 0.024263382 -0.011749800900 0.008214625684 -0.007288058964 -0.024601685489 -0.004031877902 0.009166085568 0.023334306975 0.038841468494
488 489 1785749548.912890911 1785749548.940524340 0.027633429 -0.011492830181 0.008231137283 -0.003639988792 -0.024004018284 -0.004087789283 0.006968675984 0.023452038855 0.037477323429
489 490 1785749548.942894220 1785749548.973846197 0.030951977 -0.010943863546 0.009218371099 -0.001069881988 -0.024340231686 -0.004036937908 0.005848945115 0.023700225309 0.037557232956
490 491 1785749548.982878685 1785749549.007136106 0.024257421 -0.010798456347 0.013871513144 -0.001195414249 -0.024822648823 -0.004047309235 0.004919777039 0.025028366720 0.039920201716
491 492 1785749549.012897730 1785749549.040509701 0.027611971 -0.010809965605 0.013877947164 -0.000835380050 -0.024678740208 -0.004071277685 0.004406050876 0.026541679345 0.040738681627
492 493 1785749549.052907228 1785749549.073889732 0.020982504 -0.011574560550 0.011279271800 0.000166556093 -0.024092161218 -0.004064901100 0.004360724135 0.025729911171 0.039232895154
493 494 1785749549.082900524 1785749549.107156754 0.024256229 -0.012536443203 0.009629233296 0.000889410748 -0.024134091511 -0.003982061788 0.004429654506 0.024835237597 0.038540856870
494 495 1785749549.112902641 1785749549.140516520 0.027613878 -0.013518277961 0.011836764982 0.001081631918 -0.024379854497 -0.003700299345 0.003579479171 0.024500203935 0.039308586294
495 496 1785749549.152901173 1785749549.173978329 0.021077156 -0.015342014796 0.011837102407 0.000602401250 -0.023001980565 -0.002383632502 0.003460964741 0.024374054952 0.038944870577
496 497 1785749549.182903528 1785749549.207165003 0.024261475 -0.014597347400 0.010329860470 0.000720489480 -0.022501281100 -0.002415057803 0.003461653968 0.024380588605 0.037932096934
497 498 1785749549.212898016 1785749549.240503788 0.027605772 -0.014517952173 0.011512239729 -0.000068241774 -0.021733923751 -0.002367919851 0.003275539779 0.024101141871 0.037588188865
498 499 1785749549.252899408 1785749549.273879766 0.020980358 -0.013662509867 0.011743837140 -0.000968279486 -0.021772053113 -0.002370050380 0.003201406839 0.024296425191 0.037492988280
499 500 1785749549.282890320 1785749549.323888063 0.040997744 -0.011636017964 0.009797628858 0.000377233114 -0.023628264887 -0.002411329377 0.003305194166 0.024282576753 0.037365893584
500 501 1785749549.322900295 1785749549.357160807 0.034260511 -0.011912213491 0.009745422431 -0.000279518267 -0.024808235252 -0.002409997797 0.003326387865 0.024279867641 0.038194052857
501 502 1785749549.352894306 1785749549.390483856 0.037589550 -0.012364832213 0.009766321679 -0.000304658367 -0.025287497863 -0.002236892326 0.003053976939 0.024261098448 0.038610255632
502 503 1785749549.382901907 1785749549.423925400 0.041023493 -0.012702346580 0.009725435590 0.000115807986 -0.025223501875 -0.002188955426 0.003006278221 0.024245413932 0.038650245740
503 504 1785749549.422915936 1785749549.457158327 0.034242392 -0.013528861383 0.009761388265 0.000415938313 -0.024495537166 -0.002156213546 0.002987224895 0.024245865450 0.038470168933
504 505 1785749549.452890158 1785749549.490497589 0.037607431 -0.012943929796 0.009753931414 0.000997142328 -0.024433803503 -0.002085107145 0.003006232270 0.024301320155 0.038270469145
505 506 1785749549.482946396 1785749549.523841858 0.040895462 -0.012426976348 0.009739999047 0.001498116268 -0.023108648425 -0.001869908727 0.002981939366 0.024555096431 0.037428499686
506 507 1785749549.522888422 1785749549.557195425 0.034307003 -0.011862825887 0.009712302172 0.001599637104 -0.021301481396 -0.001879496107 0.003018766944 0.024803665926 0.036321270667
507 508 1785749549.552883148 1785749549.590474129 0.037590981 -0.011418429085 0.009950388773 0.001589293439 -0.021671210445 -0.001847271858 0.003068839531 0.026229343206 0.037448185666
508 509 1785749549.592888117 1785749549.623891354 0.031003237 -0.011241336800 0.010677824659 0.000871275678 -0.021298617186 -0.001864064775 0.003027091198 0.029261812270 0.039543210338
509 510 1785749549.622913837 1785749549.657170773 0.034256935 -0.011195589490 0.010624281989 0.000593588640 -0.021823336152 -0.001820655249 0.002978960649 0.028465872770 0.039208696034
510 511 1785749549.652897835 1785749549.690501451 0.037603617 -0.011142901564 0.010765472189 0.000730010019 -0.023650146768 -0.001864582405 0.002981431106 0.027798855722 0.039812862016
511 512 1785749549.692907810 1785749549.723950863 0.031043053 -0.011102421515 0.012277491730 0.001064287868 -0.023431229952 -0.001869109779 0.002969961696 0.029163934225 0.041073167832
512 513 1785749549.722901344 1785749549.757192373 0.034291029 -0.011080976502 0.012760057374 0.001305095838 -0.024802420489 -0.001828911048 0.003011349940 0.028476688843 0.041542813978
513 514 1785749549.752911568 1785749549.790490627 0.037579060 -0.011118400482 0.011350745633 0.001693643113 -0.025448591106 -0.001852598180 0.002997460709 0.028162085451 0.041333732225
514 515 1785749549.792887926 1785749549.823911905 0.031023979 -0.011046075960 0.010554367526 0.001126039555 -0.026032737731 -0.001842211852 0.003034450988 0.026213123455 0.040151106404
515 516 1785749549.822921038 1785749549.857156515 0.034235477 -0.011120910786 0.009661997498 0.001060622854 -0.026196043905 -0.001842211852 0.002855845232 0.024855066811 0.039162615236
516 517 1785749549.862906218 1785749549.890547514 0.027641296 -0.011308929959 0.009980941931 0.001141832869 -0.026199772330 -0.001848070807 0.002778886904 0.025213300717 0.039523297715
517 518 1785749549.892907381 1785749549.923925161 0.031017780 -0.011667687288 0.009825258055 0.001335119303 -0.026204312836 -0.001388142886 0.002790604813 0.024792841842 0.039313084333
518 519 1785749549.922890663 1785749549.957213640 0.034322977 -0.012085343141 0.009850413157 0.001428427003 -0.026080615570 -0.000463227040 0.002795200641 0.024510906809 0.039168065422
519 520 1785749549.962903261 1785749549.990480900 0.027577639 -0.012449739037 0.010630089662 0.001443635155 -0.026056997365 -0.000172957483 0.002823557213 0.025585510981 0.040145569671
520 521 1785749549.992883444 1785749550.023939371 0.031055927 -0.012322403332 0.011197165250 0.001499896781 -0.026118067683 0.001073683225 0.002820970007 0.027008579857 0.041233424994
521 522 1785749550.022909880 1785749550.057294369 0.034384489 -0.012163251289 0.011059510748 0.001492972563 -0.026100490820 0.001759979838 0.002818758365 0.025996399383 0.040504046177
522 523 1785749550.062884092 1785749550.090478897 0.027594805 -0.011972323699 0.011841054733 0.001524271272 -0.026138769543 0.001925362142 0.002777537506 0.024684396189 0.039872884737
523 524 1785749550.092887878 1785749550.124017954 0.031130075 -0.012329027355 0.011660085828 0.001577575760 -0.026175394574 0.002220440391 0.002837639148 0.024454622532 0.039832319266
524 525 1785749550.132904768 1785749550.157187939 0.024283171 -0.012214815202 0.010695239818 0.000805985799 -0.025733660079 0.002236951990 0.002823384670 0.024617357600 0.039312218072
525 526 1785749550.162875414 1785749550.190491438 0.027616024 -0.011707673330 0.009411013261 -0.000499993665 -0.025711289525 0.002251781763 0.002819737358 0.024840054562 0.038948773262
526 527 1785749550.192872524 1785749550.223929644 0.031057119 -0.011495744768 0.009171514416 -0.001331657065 -0.025600822739 0.002239531222 0.002590160663 0.025986119569 0.039502494890
527 528 1785749550.232920647 1785749550.257223845 0.024303198 -0.011437352613 0.009175369434 -0.003724266169 -0.024482303551 0.002262518336 0.002456484032 0.032256298514 0.043357535464
528 529 1785749550.262908697 1785749550.290544271 0.027635574 -0.011470908442 0.009179896807 -0.005648945591 -0.024957766939 0.002230742790 0.002344974933 0.032546915018 0.044050309429
529 530 1785749550.292902708 1785749550.323922157 0.031019449 -0.011428396323 0.009435167364 -0.004220277016 -0.025339069281 0.002238199641 0.002225740326 0.030825794820 0.042891757713
530 531 1785749550.332900047 1785749550.357180357 0.024280310 -0.011379310229 0.009563392004 -0.002427275413 -0.025293080523 0.002232074370 0.002249830682 0.027742649661 0.040574342391
531 532 1785749550.362901688 1785749550.390463829 0.027562141 -0.011351866538 0.010630241205 -0.000780782405 -0.024751140373 0.002238998589 0.002390531859 0.025704216761 0.039070832976
532 533 1785749550.402890682 1785749550.423969030 0.021078348 -0.011300327805 0.011720095314 0.000213493439 -0.023334753184 0.002244857544 0.002377302326 0.024514375828 0.037699600823
533 534 1785749550.432886839 1785749550.457135916 0.024249077 -0.011304056230 0.010675303338 0.001109871341 -0.023702357151 0.002228345945 0.002404583317 0.024171535070 0.037413740681
534 535 1785749550.462993622 1785749550.490464926 0.027471304 -0.011310714133 0.009525485754 0.000248398332 -0.024007975127 0.002255510188 0.002384505520 0.024712677194 0.037637764431
535 536 1785749550.502884150 1785749550.523912907 0.021028757 -0.011281868064 0.008910194672 -0.003064080287 -0.020938684924 0.002211301714 0.002413643223 0.033536762078 0.042307436344
536 537 1785749550.532906055 1785749550.557168722 0.024262667 -0.011292520708 0.008701448771 -0.004064641957 -0.022473089777 0.002152712170 0.002253146963 0.031408209518 0.041484741521
537 538 1785749550.562890768 1785749550.590464592 0.027573824 -0.011303705985 0.007756098778 -0.003417822767 -0.024191474460 0.002047783623 0.002115701113 0.027106736049 0.039093279914
538 539 1785749550.603305817 1785749550.623895407 0.020589590 -0.011312760733 0.006107335747 -0.001078945876 -0.025101630003 0.002049381520 0.002179185620 0.025859375522 0.038395184272
539 540 1785749550.632879972 1785749550.657137394 0.024257421 -0.011290123863 0.005866193076 0.000933787035 -0.025303073779 0.002021684644 0.002350145560 0.025349656760 0.038147242492
540 541 1785749550.662882328 1785749550.690464258 0.027581930 -0.011311961784 0.005839155425 0.004369344108 -0.025419493315 0.002027809915 0.002348522345 0.025042456882 0.038262909465
541 542 1785749550.703076601 1785749550.723970413 0.020893812 -0.011313559681 0.006454878269 0.007460100072 -0.025418595909 0.002062963641 0.002339939277 0.024873879708 0.038728041827
542 543 1785749550.733009338 1785749550.757225037 0.024215698 -0.011311162836 0.008234668826 0.007948489081 -0.025505918063 0.002050979416 0.002326963400 0.024771699647 0.039150234851
543 544 1785749550.772907495 1785749550.807173729 0.034266233 -0.011280536483 0.009716460980 0.008070965815 -0.025743159787 0.002035266766 0.002333522372 0.024565964810 0.039529547770
544 545 1785749550.802905321 1785749550.840481520 0.037576199 -0.011284264909 0.008960726118 0.007911670781 -0.025878206923 0.002035266766 0.003290540561 0.024740252294 0.039584787820
545 546 1785749550.832904816 1785749550.873961687 0.041056871 -0.011274411213 0.008292590987 0.007146125427 -0.026012147527 0.002019554115 0.004141326710 0.025450642979 0.039906675568
546 547 1785749550.872895718 1785749550.907226801 0.034331083 -0.011265749373 0.007756807508 0.005300428200 -0.026059775448 0.002029940444 0.003837319313 0.026770261237 0.040370585475
547 548 1785749550.902904510 1785749550.940491199 0.037586689 -0.011294651237 0.007765595940 0.004580279911 -0.026091074157 0.002045653094 0.003612159325 0.026502642490 0.040115074375
548 549 1785749550.932910681 1785749550.974111080 0.041200399 -0.011244836992 0.007817778895 0.003997174224 -0.026098404416 0.001997842786 0.003243650474 0.026666323143 0.040128214200
549 550 1785749550.972906351 1785749551.007223606 0.034317255 -0.011272407276 0.007741599356 0.003650050874 -0.026104796003 0.002041125720 0.003050531425 0.025910011993 0.039580088804
550 551 1785749551.002887249 1785749551.040502787 0.037615538 -0.011260423051 0.007737870930 0.003531273889 -0.026031698797 0.002077877343 0.002940635225 0.024922613042 0.038870201466
551 552 1785749551.042903900 1785749551.073864937 0.030961037 -0.011256022269 0.007765063308 0.003673751611 -0.024419082564 0.002143124790 0.003002232071 0.024457676180 0.037530875224
552 553 1785749551.072906971 1785749551.107313395 0.034406424 -0.011222326715 0.008707920791 0.003730419278 -0.023945804645 0.002158837440 0.002987480596 0.024801276917 0.037653353710
553 554 1785749551.102905273 1785749551.140513897 0.037608624 -0.011238179090 0.009802780508 0.003541305310 -0.024447493604 0.002125814243 0.002964328438 0.025146325060 0.038448094297
554 555 1785749551.142896891 1785749551.173918009 0.031021118 -0.011246967521 0.010144192556 0.002969426166 -0.025409284942 0.002140727945 0.002943241172 0.025614140220 0.039410376020
555 556 1785749551.172892332 1785749551.207206488 0.034314156 -0.011247639878 0.010968698759 0.002928342689 -0.025835161004 0.002155109015 0.002917582449 0.025316964239 0.039710929866
556 557 1785749551.202878952 1785749551.240503788 0.037624836 -0.011233778308 0.013032780170 0.003223332346 -0.024610015046 0.002627553792 0.003159392318 0.024883250130 0.039346610804
557 558 1785749551.242896795 1785749551.274042845 0.031146049 -0.013622735529 0.012829313891 0.003389778518 -0.024911171782 0.002620895890 0.003107178885 0.024698841215 0.040109646090
558 559 1785749551.272897720 1785749551.307180882 0.034283161 -0.013319063826 0.012596908831 0.003247300796 -0.025492699779 0.002925028886 0.002848458856 0.024689563287 0.040283325643
559 560 1785749551.312913656 1785749551.340559006 0.027645350 -0.011815522654 0.010898006490 0.003336950867 -0.026167211494 0.002894402534 0.002535445974 0.024676820434 0.039723832123
560 561 1785749551.342881203 1785749551.373944283 0.031063080 -0.011018674783 0.009794760032 0.003312449785 -0.026502401751 0.002896533062 0.002591093382 0.024747126467 0.039474321746
561 562 1785749551.372892618 1785749551.407187223 0.034294605 -0.010895386823 0.009594059410 0.003883964155 -0.026609304705 0.002894402534 0.002511025533 0.025401016398 0.039922301458
562 563 1785749551.412894011 1785749551.440516233 0.027622223 -0.010874796553 0.011370810295 0.004324857040 -0.026702079772 0.002888277263 0.002433742278 0.026266067343 0.041029666341
563 564 1785749551.442895889 1785749551.473984003 0.031088114 -0.010868138650 0.012360322293 0.004346091531 -0.026856793033 0.003023832163 0.002477123670 0.027488431880 0.042213308783
564 565 1785749551.472897291 1785749551.507191658 0.034294367 -0.010797929655 0.012038135054 0.004373017592 -0.026918675432 0.003235020837 0.002536408073 0.026559714620 0.041564017091
565 566 1785749551.512911081 1785749551.540593624 0.027682543 -0.010817903364 0.010788109023 0.004338634680 -0.026874649345 0.003233016900 0.002599750987 0.027346354015 0.041707493801
566 567 1785749551.542903185 1785749551.573983908 0.031080723 -0.010803788610 0.009818060016 0.004354404995 -0.026961159418 0.003253130332 0.002466094516 0.026688933245 0.041084604753
567 568 1785749551.582903147 1785749551.607296944 0.024393797 -0.010766785672 0.009184329400 0.004611371906 -0.026986599172 0.003284555633 0.002113417879 0.025329918241 0.040083368932
568 569 1785749551.612911463 1785749551.640502691 0.027591228 -0.010788007032 0.008998889459 0.005889983680 -0.026924940427 0.003271772460 0.002145578832 0.023886288822 0.039279361365
569 570 1785749551.642904043 1785749551.673979759 0.031075716 -0.010789156226 0.009009542103 0.007227661361 -0.026952637302 0.003301067232 0.002171632332 0.023736724182 0.039437375597
570 571 1785749551.682903051 1785749551.707249641 0.024346590 -0.010779302530 0.010594389268 0.008119346755 -0.026941452026 0.003271772460 0.002201535691 0.023665734979 0.039947695084
571 572 1785749551.712917089 1785749551.740495682 0.027578592 -0.010819501260 0.012143596003 0.009003731420 -0.027510176643 0.003273370357 0.002184019782 0.023525056755 0.040881765140
572 573 1785749551.742970467 1785749551.773908854 0.030938387 -0.010767318305 0.012549165364 0.010180493173 -0.028391682963 0.003270301155 0.002205522932 0.023722206157 0.041969620722
573 574 1785749551.782909155 1785749551.807239056 0.024329901 -0.010795814128 0.011159058456 0.011157447046 -0.030515946841 0.003270973512 0.002184664004 0.023817009534 0.043353290442
574 575 1785749551.812891483 1785749551.840562344 0.027670860 -0.010742593569 0.009942433529 0.010091881017 -0.033613735821 0.003268842983 0.002145487402 0.024048192076 0.045161804571
575 576 1785749551.842897415 1785749551.874008417 0.031111002 -0.010768565956 0.009622397025 0.009151409497 -0.037430134254 0.003251659028 0.002191963786 0.024057018486 0.047827125289
576 577 1785749551.882891178 1785749551.907254934 0.024363756 -0.010747526983 0.009566386713 0.009137756036 -0.041800773969 0.003254588505 0.002159371474 0.023978172023 0.051264376967
577 578 1785749551.912916183 1785749551.940515757 0.027599573 -0.010724484074 0.009575441460 0.010897817598 -0.042632090389 0.003256985350 0.002169552440 0.023945006759 0.052265088321
578 579 1785749551.952879429 1785749551.973917246 0.021037817 -0.010770696485 0.009148760391 0.017616000476 -0.042336386567 0.003300268284 0.002160208400 0.023955020339 0.053775478522
579 580 1785749551.982899189 1785749552.007284164 0.024384975 -0.010731912791 0.009094292181 0.018638040266 -0.042020519576 0.003242604280 0.002169633553 0.023920069160 0.053836532333
580 581 1785749552.012881994 1785749552.040515900 0.027633905 -0.010764964122 0.009394879139 0.015692255540 -0.042968620780 0.003257784298 0.002169669188 0.023931244120 0.053709613015
581 582 1785749552.052893400 1785749552.073844671 0.020951271 -0.010744724098 0.009849747053 0.012661399723 -0.044246468652 0.003271100104 0.002151432628 0.023839676384 0.053983206392
582 583 1785749552.082893610 1785749552.107185841 0.024292231 -0.010758306220 0.009877976560 0.009754817009 -0.044831603456 0.003271899052 0.001791460894 0.023830530206 0.053853073472
583 584 1785749552.112895012 1785749552.140517235 0.027622223 -0.010762833594 0.010055735997 0.007476774193 -0.045674632581 0.003010642949 0.001624344708 0.023833634569 0.054210471595
584 585 1785749552.152902842 1785749552.173976183 0.021073341 -0.010726586469 0.011680167200 0.003458249761 -0.045472613822 0.002254711240 0.001508478437 0.023701824966 0.053854802934
585 586 1785749552.182899475 1785749552.207259178 0.024359703 -0.010764837531 0.011653397262 0.001423794015 -0.045228870629 0.001183587849 0.001549810886 0.023727320516 0.053536434841
586 587 1785749552.222891092 1785749552.240558863 0.017667770 -0.010726053836 0.011537312969 0.001099454875 -0.044397363976 0.000726589406 0.001504171901 0.023742705897 0.052792036322
587 588 1785749552.252893686 1785749552.290501118 0.037607431 -0.010703416967 0.010881391394 0.002180673097 -0.041974537908 0.000629384026 0.001513155378 0.023625865791 0.050600911840
588 589 1785749552.282891989 1785749552.323972940 0.041080952 -0.010679729835 0.009223040983 0.002846830555 -0.041136267508 0.000479448057 0.001531001373 0.023621630052 0.049598117958
589 590 1785749552.322889566 1785749552.357235909 0.034346342 -0.010728184365 0.008896986137 0.002865878723 -0.041484194469 0.000348420531 0.001515529721 0.023510050157 0.049784963987
590 591 1785749552.352878571 1785749552.390500546 0.037621975 -0.010730314894 0.008905241936 0.002906261710 -0.041983426979 0.000349219480 0.001515194950 0.023492630362 0.050197798169
591 592 1785749552.382876158 1785749552.423924923 0.041048765 -0.010689583531 0.008920954586 0.004330367405 -0.042153887083 0.000378247936 0.001498079449 0.023529046742 0.050453505914
592 593 1785749552.422897816 1785749552.457205772 0.034307957 -0.010696241434 0.008955378292 0.005697072146 -0.041983245446 0.000355877382 0.001551916097 0.024384758378 0.050860686624
593 594 1785749552.452890873 1785749552.490493536 0.037602663 -0.010730314894 0.008944991964 0.006414401151 -0.041651868940 0.000346822635 0.001490617440 0.025536401044 0.051240855495
594 595 1785749552.482882738 1785749552.523916006 0.041033268 -0.010715149878 0.008937816430 0.006570056351 -0.041601060228 0.000375318458 0.001481111174 0.025747233681 0.051320244041
595 596 1785749552.522904158 1785749552.557214022 0.034309864 -0.010691181428 0.009123438758 0.006401144407 -0.041551119391 0.000343094209 0.001495608992 0.026388294395 0.051611096757
596 597 1785749552.552895069 1785749552.590487719 0.037592649 -0.010715149878 0.009769704026 0.004605544138 -0.041557510978 0.000331236576 0.001545184581 0.026877926706 0.051801733235
597 598 1785749552.593011141 1785749552.623922110 0.030910969 -0.009936175259 0.011228583671 0.000150549206 -0.041549171249 0.000381443729 0.001534785594 0.026930543109 0.051758286147
598 599 1785749552.622907400 1785749552.657326221 0.034418821 -0.008491661682 0.011793538596 -0.001703983236 -0.041516807276 0.000160401358 0.001491713181 0.027525231459 0.051938752581
599 600 1785749552.652893066 1785749552.690582514 0.037689447 -0.007575534267 0.011752190672 -0.001975007479 -0.041562740238 -0.000210310665 0.001502092009 0.027473487675 0.051806927835
600 601 1785749552.692887783 1785749552.723924637 0.031036854 -0.007035445198 0.011723694848 -0.001145260049 -0.042054921938 -0.001359464676 0.001498977329 0.026986189065 0.051857690532
601 602 1785749552.722906113 1785749552.757201195 0.034295082 -0.006924657696 0.011107888075 0.000163329803 -0.042981622731 -0.002072392899 0.001536550876 0.025860280846 0.051905612001
602 603 1785749552.752892256 1785749552.790582180 0.037689924 -0.006782444894 0.010276449182 0.001093880639 -0.043317602924 -0.002330186893 0.001481339512 0.025107676115 0.051645307649
603 604 1785749552.792937994 1785749552.823950529 0.031012535 -0.006774988043 0.010003741487 0.001568979253 -0.043410941009 -0.002589845099 0.001519531963 0.024683823677 0.051490331405
604 605 1785749552.822908640 1785749552.857308388 0.034399748 -0.006775520675 0.009996284636 0.001902191838 -0.042460390742 -0.003034509072 0.001507950963 0.024206119116 0.050495097453
605 606 1785749552.862901211 1785749552.890502214 0.027601004 -0.006821355180 0.011235719807 0.001990452664 -0.041843935939 -0.003068681463 0.001519379580 0.024125269663 0.050213575050
606 607 1785749552.893033504 1785749552.923974037 0.030940533 -0.006825083606 0.011747761756 0.002125346943 -0.041565990513 -0.003358433390 0.001537022555 0.023972276205 0.050051492276
607 608 1785749552.922895432 1785749552.957264662 0.034369230 -0.006803512001 0.012295687451 0.001906249449 -0.041460826576 -0.003573799193 0.001481557534 0.023827332711 0.050028136786
608 609 1785749552.963068724 1785749552.990526199 0.027457476 -0.006804843581 0.011933475941 0.001312372996 -0.041521326262 -0.003618007667 0.001502441781 0.023726887455 0.049927638645
609 610 1785749552.992891550 1785749553.023972034 0.031080484 -0.006809370955 0.011131344411 0.000819879051 -0.041443621019 -0.003611631082 0.001510117127 0.023760707259 0.049683154371
610 611 1785749553.022902250 1785749553.057309389 0.034407139 -0.006789901745 0.010106319430 0.000537456529 -0.041392700243 -0.003660618244 0.001504582626 0.023721901062 0.049399164323
611 612 1785749553.062879562 1785749553.090576649 0.027697086 -0.006826681502 0.008867750195 -0.000412674876 -0.041407461089 -0.004394052809 0.001481309035 0.023591562291 0.049173697198
612 613 1785749553.092905045 1785749553.124048471 0.031143427 -0.006792859357 0.008720689305 -0.000098476578 -0.041326277338 -0.005539493395 0.001506210999 0.023584663390 0.049185925450
613 614 1785749553.132910252 1785749553.157322407 0.024412155 -0.006799783575 0.008578925205 0.000264850475 -0.041443989058 -0.006571862622 0.001526841589 0.023558579413 0.049376478983
614 615 1785749553.162881136 1785749553.190577269 0.027696133 -0.006831208876 0.007061189700 0.001141856229 -0.041724939421 -0.007702276901 0.001516107831 0.023570048824 0.049557754933
615 616 1785749553.193053246 1785749553.223987818 0.030934572 -0.006818425703 0.005929612553 0.001990494620 -0.042791928346 -0.008315919265 0.001512212021 0.023573249775 0.050437107747
616 617 1785749553.232892752 1785749553.257268667 0.024375916 -0.006820023600 0.005415440076 0.002353408018 -0.045387495735 -0.006888642958 0.001522042741 0.023587569892 0.052417043801
617 618 1785749553.262892008 1785749553.290587664 0.027695656 -0.006456473977 0.005364756086 0.003240211131 -0.045179431515 -0.006009575602 0.001504496354 0.023595229763 0.052127344456
618 619 1785749553.292887926 1785749553.324028254 0.031140327 -0.006264627920 0.005363158189 0.004655723913 -0.043663897647 -0.005560278724 0.001540593912 0.023589984554 0.050852711354
619 620 1785749553.332898140 1785749553.357254028 0.024355888 -0.006273682668 0.006730509022 0.005169181371 -0.043949790206 -0.005398136273 0.001513018470 0.023600043613 0.051296729913
620 621 1785749553.362889767 1785749553.390585423 0.027695656 -0.006247583690 0.006849019690 0.005693950697 -0.043463619233 -0.005267546187 0.001522889983 0.023590415913 0.050931548217
621 622 1785749553.392945290 1785749553.423919439 0.030974150 -0.005938923319 0.006826032576 0.005913830742 -0.043971813550 -0.005155989268 0.001539975008 0.023568369814 0.051330138475
622 623 1785749553.432914972 1785749553.457307577 0.024392605 -0.004933846324 0.006811118874 0.005903431281 -0.046085049128 -0.005125461373 0.001519344418 0.023526270762 0.053023396832
623 624 1785749553.463006735 1785749553.490498781 0.027492046 -0.004500786800 0.006805259919 0.005907971788 -0.045833663431 -0.005029490513 0.001491997315 0.023539256955 0.052761879490
624 625 1785749553.502906799 1785749553.523922205 0.021015406 -0.003596081447 0.006842544175 0.005925016019 -0.045484167875 -0.005047333692 0.001489186929 0.023622428695 0.052434530103
625 626 1785749553.532915115 1785749553.557165146 0.024250031 -0.003171092070 0.006797004120 0.006018856350 -0.044423958552 -0.005013105506 0.001529788884 0.023589369862 0.051477176171
626 627 1785749553.562902689 1785749553.590491533 0.027588844 -0.003301329118 0.006840413646 0.005929809709 -0.043059456846 -0.005002901565 0.001516574352 0.023592575972 0.050308132172
627 628 1785749553.602899551 1785749553.623948812 0.021049261 -0.003497193388 0.006820173622 0.005919816288 -0.042074683056 -0.004966697576 0.001512536474 0.023515155809 0.049436693994
628 629 1785749553.632920504 1785749553.657183647 0.024263144 -0.003598432906 0.006778376994 0.005909696276 -0.041458246047 -0.005009026835 0.001494426979 0.023576063900 0.048946503861
629 630 1785749553.662905693 1785749553.690470695 0.027565002 -0.003608819234 0.006810319925 0.005913830742 -0.041385334494 -0.004966669441 0.001504841441 0.023564543853 0.048880910579
630 631 1785749553.702881813 1785749553.723893642 0.021011829 -0.003720376153 0.006805792552 0.005955193668 -0.041309071025 -0.004949358894 0.001517934067 0.023518848600 0.048805739502
631 632 1785749553.732916117 1785749553.757164478 0.024248362 -0.003344308277 0.006814048351 0.005997145021 -0.041154890396 -0.004961343119 0.001522651801 0.023669578359 0.048728726009
632 633 1785749553.762916088 1785749553.790482759 0.027566671 -0.003224185183 0.006799134649 0.005936201295 -0.041040404000 -0.004960544171 0.001500494112 0.023835155709 0.048694455301
633 634 1785749553.802879810 1785749553.823855639 0.020975828 -0.003219375095 0.006833489427 0.005958389461 -0.040985039779 -0.004950157843 0.001493427826 0.024107807610 0.048787883962
634 635 1785749553.832905054 1785749553.873897076 0.040992022 -0.003564402651 0.006836685220 0.005929936300 -0.040898529707 -0.004940304147 0.001514099209 0.024087648699 0.048725896904
635 636 1785749553.872911930 1785749553.907423258 0.034511328 -0.003515494282 0.006798335701 0.005915428639 -0.040940075020 -0.004915663340 0.001548273943 0.024093183199 0.048751415178
636 637 1785749553.902888536 1785749553.940481186 0.037592649 -0.003325690163 0.006797536752 0.005712495764 -0.040865353653 -0.004944958112 0.001478615398 0.024137077063 0.048673543752
637 638 1785749553.932907581 1785749553.973950624 0.041043043 -0.003183553362 0.006836685220 0.004597920185 -0.040804283334 -0.004949485486 0.001490277511 0.024007448153 0.048436366356
638 639 1785749553.972893953 1785749554.007230520 0.034336567 -0.003143499560 0.006812716770 0.003456586403 -0.040865353653 -0.004919391766 0.001516701417 0.024521893974 0.048641997293
639 640 1785749554.002905607 1785749554.040564537 0.037658930 -0.003730968570 0.006828429421 0.003190985313 -0.040831797823 -0.004944958112 0.001501919465 0.024792543311 0.048778522448
640 641 1785749554.032908916 1785749554.073972464 0.041063547 -0.004049351383 0.006806591500 0.003125471550 -0.040854701008 -0.004918859134 0.001514799227 0.024510909779 0.048671106331
641 642 1785749554.072905064 1785749554.107169390 0.034264326 -0.004117498776 0.006914799769 0.002991374823 -0.040798957012 -0.004951083383 0.001503065843 0.024311591847 0.048539647716
642 643 1785749554.102886200 1785749554.140499830 0.037613630 -0.003947868547 0.007709935742 0.002969536902 -0.040822925462 -0.004947887590 0.001556542401 0.024116022501 0.048567943389
643 644 1785749554.143050432 1785749554.173852682 0.030802250 -0.003690983696 0.008253753236 0.002454887588 -0.040804815967 -0.004886284639 0.001522240603 0.023985104673 0.048520980230
644 645 1785749554.172893286 1785749554.207215071 0.034321785 -0.003611815618 0.008271596416 0.000669977964 -0.040814935979 -0.004913981515 0.001503400613 0.025099336065 0.049032198476
645 646 1785749554.202983618 1785749554.240491629 0.037508011 -0.003852674178 0.007320862908 -0.000313853657 -0.040848842054 -0.004928895217 0.001514281596 0.025058046163 0.048904573075
646 647 1785749554.242908478 1785749554.273965597 0.031057119 -0.003726506004 0.005544519459 -0.001250216747 -0.040856298905 -0.005089217514 0.001553513993 0.025498354222 0.048927582750
647 648 1785749554.272893906 1785749554.307264090 0.034370184 -0.003361564343 0.004941579789 -0.000500460357 -0.040838904429 -0.005686830863 0.001496933072 0.025820620475 0.049041525228
648 649 1785749554.302888155 1785749554.340543270 0.037655115 -0.003094862400 0.004939730578 0.000980388151 -0.040793757282 -0.005814256555 0.001497318479 0.025261711911 0.048716245095
649 650 1785749554.342907667 1785749554.373899937 0.030992270 -0.002636004948 0.004956044788 0.001775189422 -0.040763523837 -0.005781499674 0.001514718113 0.026087349445 0.049118194039
650 651 1785749554.372883558 1785749554.407200336 0.034316778 -0.002497059278 0.004955161910 0.002344396081 -0.040773517258 -0.005798543905 0.001516716419 0.025484859781 0.048827927002
651 652 1785749554.412905693 1785749554.440596819 0.027691126 -0.001666559601 0.005209242480 0.003533860885 -0.040796953075 -0.005766572839 0.001550597175 0.024682202105 0.048493937722
652 653 1785749554.442883015 1785749554.473994732 0.031111717 -0.002178566502 0.005868892480 0.004047977567 -0.040760328044 -0.005773370466 0.001515407814 0.024951697967 0.048735982748
653 654 1785749554.472904921 1785749554.507184982 0.034280062 -0.002785230479 0.006007658175 0.004611938025 -0.040800022277 -0.005712426740 0.001492047952 0.024858989865 0.048811767630
654 655 1785749554.512893677 1785749554.540678263 0.027784586 -0.002810082348 0.006110707507 0.005596804526 -0.040774709114 -0.005704170941 0.001521094225 0.024829370594 0.048892610598
655 656 1785749554.542911053 1785749554.573862076 0.030951023 -0.003078728313 0.006469183992 0.005787516391 -0.040761925941 -0.005715482809 0.001504861601 0.024636154010 0.048869523207
656 657 1785749554.572907925 1785749554.607414961 0.034507036 -0.003062223788 0.006828429421 0.005828808520 -0.040785894391 -0.005624039322 0.001471270137 0.024588233486 0.048906487637
657 658 1785749554.612903595 1785749554.640663385 0.027759790 -0.003164553439 0.006801265178 0.005803368766 -0.040751273296 -0.005321719406 0.001494340707 0.024590000614 0.048845049417
658 659 1785749554.642905712 1785749554.673829079 0.030923367 -0.003290838408 0.006808988345 0.005742745754 -0.040793351242 -0.005118845591 0.001527120564 0.024436464207 0.048784670076
659 660 1785749554.682901621 1785749554.707182884 0.024281263 -0.003515801930 0.006934438234 0.005179529846 -0.040751273296 -0.004977293410 0.001524467720 0.024290724580 0.048632066106
660 661 1785749554.712896109 1785749554.740506649 0.027610540 -0.003710391811 0.007015649646 0.004200551830 -0.040777372275 -0.004930535234 0.001545103468 0.024218965510 0.048545657741
661 662 1785749554.742908955 1785749554.773826361 0.030917406 -0.003778188959 0.007009524375 0.003264184390 -0.040790155448 -0.005088237033 0.001545884599 0.024125099859 0.048458231329
662 663 1785749554.782910824 1785749554.807193518 0.024282694 -0.003823574761 0.007005544635 0.003152022646 -0.040789622816 -0.005150288687 0.001523305867 0.024077319555 0.048435412738
663 664 1785749554.812907696 1785749554.840502977 0.027595282 -0.003876990839 0.007292367085 0.003194380039 -0.040788024920 -0.005261273577 0.001513926666 0.024030934601 0.048472007465
664 665 1785749554.842900515 1785749554.873878002 0.030977488 -0.003891904541 0.009156579848 0.003234677701 -0.040764056470 -0.005187868789 0.001528581553 0.023990474239 0.048743765894
665 666 1785749554.882908583 1785749554.907155991 0.024247408 -0.003921871670 0.009648031527 0.003297681159 -0.040737018818 -0.005126070319 0.001513733962 0.023896953676 0.048769635793
666 667 1785749554.912913322 1785749554.940501690 0.027588367 -0.003962953278 0.009645033122 0.003229224787 -0.040778970172 -0.005136456647 0.001493483621 0.023918172693 0.048813693046
667 668 1785749554.943175316 1785749554.973845243 0.030669928 -0.003948039576 0.009571628334 0.003072504323 -0.040758856739 -0.005115544266 0.001483972197 0.023946980784 0.048782749269
668 669 1785749554.982892513 1785749555.007211685 0.024319172 -0.004020645416 0.009518562501 0.002714575472 -0.040782698597 -0.005102410848 0.001510857464 0.023921003239 0.048763692736
669 670 1785749555.012912989 1785749555.040496111 0.027583122 -0.003990818012 0.009485511169 0.002379017175 -0.040769382792 -0.005092823468 0.001496430916 0.023863737302 0.048696590855
670 671 1785749555.052881002 1785749555.073832750 0.020951748 -0.003996004610 0.009315461767 0.002102804707 -0.040758730148 -0.005084848987 0.001547573926 0.023855225030 0.048639121982
671 672 1785749555.082893610 1785749555.107225180 0.024331570 -0.003992948541 0.009351414442 0.002150894463 -0.040758856739 -0.005094702683 0.001491875408 0.023839606152 0.048639611933
672 673 1785749555.112888098 1785749555.140497684 0.027609587 -0.004023841209 0.009347686016 0.002074571934 -0.040782165965 -0.005042687112 0.001528759254 0.023850096569 0.048658527988
673 674 1785749555.152899027 1785749555.173834801 0.020935774 -0.004014786461 0.009290344124 0.001605111032 -0.040750867256 -0.005029104991 0.001508305893 0.023821572612 0.048586755121
674 675 1785749555.182890415 1785749555.207184315 0.024293900 -0.004027919880 0.009307654671 0.001617738083 -0.040727431439 -0.005072514516 0.001548355056 0.023833990538 0.048583785711
675 676 1785749555.212895632 1785749555.240490675 0.027595043 -0.004047079638 0.009301795717 0.001711228170 -0.040778437540 -0.005020498946 0.001531493212 0.023757098322 0.048586645583
676 677 1785749555.252896070 1785749555.273874998 0.020978928 -0.004031100671 0.009302328349 0.001689152067 -0.040503725907 -0.005037809493 0.001580992374 0.023793068814 0.048375379248
677 678 1785749555.282912254 1785749555.307227850 0.024315596 -0.004064123869 0.009300197820 0.001819490838 -0.040471235342 -0.005006566579 0.001636467711 0.023816281451 0.048365289381
678 679 1785749555.322922230 1785749555.340468884 0.017546654 -0.004052139644 0.009302454941 0.001837529537 -0.040449397421 -0.005039141074 0.001593942932 0.023812740571 0.048347347191
679 680 1785749555.352895737 1785749555.373898983 0.021003246 -0.004031100671 0.009254112001 0.002012371232 -0.040467380324 -0.004988723400 0.001616881752 0.023780934548 0.048338197997
680 681 1785749555.382911921 1785749555.423878193 0.040966272 -0.004096376252 0.009306982315 0.002047622020 -0.040443132426 -0.004984994974 0.001645689844 0.023787209386 0.048338698109
681 682 1785749555.422905684 1785749555.457216501 0.034310818 -0.004090517298 0.009277154910 0.001987840619 -0.040473898503 -0.004990321297 0.001577999600 0.023760861909 0.048341057636
682 683 1785749555.452887774 1785749555.490497112 0.037609339 -0.004063619371 0.009297394935 0.002029791973 -0.040483891923 -0.004981393141 0.001580206084 0.023790937812 0.048366725820
683 684 1785749555.482887268 1785749555.523963690 0.041076422 -0.004103173879 0.009289139135 0.001989438516 -0.040451121909 -0.004976865767 0.001621077172 0.023785692603 0.048337682275
684 685 1785749555.522883892 1785749555.557219267 0.034335375 -0.004115690736 0.009255443581 0.001899226282 -0.040443538466 -0.004979795244 0.001609506015 0.023943904532 0.048400293850
685 686 1785749555.552900791 1785749555.590478420 0.037577629 -0.004090517298 0.009250383575 0.001898734917 -0.040441407937 -0.004996180251 0.001597012133 0.024115919420 0.048482001120
686 687 1785749555.582898140 1785749555.623838425 0.040940285 -0.004090517298 0.009261568852 0.002039949985 -0.040471235342 -0.004961153116 0.001611073435 0.024302208946 0.048604498073
687 688 1785749555.622893810 1785749555.657206774 0.034312963 -0.004068679377 0.009250916207 0.002136732927 -0.040476561664 -0.004985920515 0.001629066655 0.024595253254 0.048759522336
688 689 1785749555.652897358 1785749555.690481901 0.037584543 -0.004067347796 0.009240656471 0.002154183198 -0.040457386904 -0.004994049722 0.001603728174 0.024647167078 0.048768525015
689 690 1785749555.692893028 1785749555.723841906 0.030948877 -0.004080537010 0.009286868882 0.002149739753 -0.040444603731 -0.004961153116 0.001599269254 0.024870710383 0.048877469300
690 691 1785749555.722893000 1785749555.757275343 0.034382343 -0.004092521235 0.009254644633 0.002202876383 -0.040449397421 -0.004998703688 0.001598970119 0.024829624540 0.048861616758
691 692 1785749555.752939463 1785749555.790502071 0.037562609 -0.004065749900 0.009274225433 0.001982772685 -0.040441940570 -0.004938642839 0.001632739285 0.025061024631 0.048960540340
692 693 1785749555.792872906 1785749555.823884964 0.031012058 -0.004100777034 0.009284738353 0.001879315443 -0.040485083779 -0.004985793923 0.001592720599 0.025226129356 0.049085120719
693 694 1785749555.822872162 1785749555.857212305 0.034340143 -0.004087993861 0.009245183845 0.001869068839 -0.040464717163 -0.004963283645 0.001623329134 0.024958973955 0.048921279976
694 695 1785749555.852880478 1785749555.890485764 0.037605286 -0.004149064179 0.009278080451 0.001899340284 -0.040454723743 -0.004974735238 0.001622416253 0.025174866759 0.049037167726
695 696 1785749555.892883539 1785749555.923962355 0.031078815 -0.004120218110 0.009260769904 0.001724901836 -0.040463778491 -0.004957424691 0.001574321812 0.026193753719 0.049560044342
696 697 1785749555.922878504 1785749555.957277298 0.034398794 -0.004091189654 0.009234797517 0.001738594152 -0.040481887986 -0.004944768110 0.001602622589 0.025911918540 0.049419347788
697 698 1785749555.962888002 1785749555.990540028 0.027652025 -0.004142406276 0.009281009928 0.001784903624 -0.040500403522 -0.005003763694 0.001612367038 0.025299004617 0.049136974414
698 699 1785749555.992889404 1785749556.023847580 0.030958176 -0.004099978086 0.009328946827 0.001832110503 -0.040461115330 -0.004970867088 0.001568488176 0.025085330460 0.048997357387
699 700 1785749556.022892237 1785749556.057283163 0.034390926 -0.004115690736 0.009569556866 0.001923287674 -0.040477626928 -0.004959681812 0.001622781500 0.024910366858 0.048973573349
700 701 1785749556.062890768 1785749556.090499640 0.027608871 -0.004136281006 0.009590329522 0.001914765558 -0.040452060582 -0.004986453147 0.001617008817 0.025104492065 0.049059491719
701 702 1785749556.092876434 1785749556.124190569 0.031314135 -0.004109383079 0.009569556866 0.001841262312 -0.040454191111 -0.004964209186 0.001594059680 0.025288358931 0.049143471283
702 703 1785749556.122885704 1785749556.157197237 0.034311533 -0.004054564623 0.009702588328 0.001557410606 -0.040457919536 -0.004955953386 0.001622461731 0.025395703514 0.049213657744
703 704 1785749556.162883043 1785749556.190469742 0.027586699 -0.004132552580 0.009712568616 0.000764388765 -0.040427153460 -0.004970207864 0.001604996458 0.025811583226 0.049395018124
704 705 1785749556.192890406 1785749556.223910570 0.031020164 -0.004139476799 0.009725351790 0.000657270628 -0.040441534529 -0.004941039684 0.001575305963 0.025068383961 0.049020269194
705 706 1785749556.232914209 1785749556.257236719 0.024322510 -0.004118886530 0.009728281267 0.000790340091 -0.040463245858 -0.004934914414 0.001630213033 0.024684679120 0.048845142477
706 707 1785749556.262925625 1785749556.290490627 0.027565002 -0.004133351529 0.009964686042 0.001129326305 -0.040460050065 -0.004955953386 0.001613655482 0.024541037180 0.048827230679
707 708 1785749556.292895555 1785749556.323858500 0.030962944 -0.004140808380 0.010004367143 0.001260223973 -0.040439404001 -0.004945567058 0.001602470206 0.024285203964 0.048692554792
708 709 1785749556.332909346 1785749556.357369423 0.024460077 -0.004067753837 0.010492874816 0.001238900890 -0.040463245858 -0.004957551283 0.001618824736 0.024349261424 0.048841996521
709 710 1785749556.362904787 1785749556.390463114 0.027558327 -0.004067571450 0.010548717269 0.001370122539 -0.040463778491 -0.004955154438 0.001636685733 0.024184620854 0.048776463183
710 711 1785749556.392890692 1785749556.423835278 0.030944586 -0.004094469377 0.010545914384 0.001167189663 -0.040437679512 -0.004963410237 0.001619915319 0.024443738454 0.048880519250
711 712 1785749556.432895899 1785749556.457255602 0.024359703 -0.004013509280 0.010502504858 0.000650506882 -0.040427153460 -0.004932111528 0.001607583664 0.025713831851 0.049490402695
712 713 1785749556.462893248 1785749556.490462542 0.027569294 -0.003872095426 0.010350311768 0.000489369237 -0.040458452168 -0.004948496535 0.001621888779 0.026528681251 0.049901272338
713 714 1785749556.502892971 1785749556.523803473 0.020910501 -0.003901123882 0.010215682409 0.000355522428 -0.040441407937 -0.004915599930 0.001638729990 0.026002187817 0.049579987260
714 715 1785749556.532892942 1785749556.557183504 0.024290562 -0.003939220217 0.010199969759 0.000585560486 -0.040452593214 -0.004941166276 0.001622218391 0.025302293989 0.049229714763
715 716 1785749556.562895536 1785749556.590466261 0.027570724 -0.003900324933 0.010198371862 0.000766063747 -0.040437273472 -0.004940367328 0.001578892321 0.024867096367 0.048992365474
716 717 1785749556.602898121 1785749556.623843670 0.020945549 -0.003883280702 0.010217812938 0.000921533293 -0.040454317703 -0.004950893380 0.001610338255 0.024311264574 0.048734246013
717 718 1785749556.632904768 1785749556.657301426 0.024396658 -0.003897114138 0.010175202360 0.001160626098 -0.040428218724 -0.004934508373 0.001600446109 0.024133526175 0.048619420503
718 719 1785749556.662890434 1785749556.690540075 0.027649641 -0.003930936284 0.010159616302 0.001123874475 -0.040440875305 -0.004950221024 0.001581413416 0.024018147485 0.048572363726
719 720 1785749556.702877045 1785749556.723877430 0.021000385 -0.003873427006 0.010170002630 0.001182337428 -0.040458046128 -0.004974062882 0.001605001617 0.023847358150 0.048504614533
720 721 1785749556.732901812 1785749556.757243395 0.024341583 -0.003840949573 0.010185182648 0.001194349786 -0.040460176657 -0.004915599930 0.001630740507 0.023452758744 0.048309393866
721 722 1785749556.762898207 1785749556.790480614 0.027582407 -0.003680599142 0.010229124806 0.000999406395 -0.040481355354 -0.004955281030 0.001622994364 0.023225335530 0.048213337159
722 723 1785749556.802886963 1785749556.823827744 0.020940781 -0.003688055993 0.010236847973 0.000481028655 -0.040443132426 -0.004975394462 0.001597965808 0.023157092022 0.048143868957
723 724 1785749556.832910538 1785749556.857268810 0.024358273 -0.003680627276 0.010214211104 0.000230099819 -0.040272157484 -0.004970867088 0.001631192025 0.023157741402 0.047994041650
724 725 1785749556.872891188 1785749556.890484810 0.017593622 -0.003591649561 0.010214211104 0.000441872259 -0.040011700329 -0.004914268349 0.001594840811 0.023014476918 0.047694037026
725 726 1785749556.902879238 1785749556.940493822 0.037614584 -0.003572769251 0.010388242115 0.000757199002 -0.040019157181 -0.004967138663 0.001584279597 0.022746951112 0.047617147535
726 727 1785749556.932895899 1785749556.973877430 0.040981531 -0.003472507803 0.011270353262 0.000902730923 -0.040037672716 -0.004921725200 0.001630486850 0.022783718210 0.047842334961
727 728 1785749556.972887039 1785749557.007310867 0.034423828 -0.003495677304 0.011291372028 0.001003901514 -0.040005841375 -0.004916398878 0.001624069945 0.022773943285 0.047818940581
728 729 1785749557.002879143 1785749557.040489197 0.037610054 -0.003468513061 0.010457649208 0.001076309966 -0.040009975841 -0.004955281030 0.001582620747 0.022735405747 0.047616255551
729 730 1785749557.032919407 1785749557.073848009 0.040928602 -0.003502685452 0.009707406657 0.001212396101 -0.039988264512 -0.004938236799 0.001611636544 0.022764649882 0.047457840149
730 731 1785749557.072894096 1785749557.107200861 0.034306765 -0.003522126528 0.008578704046 0.001235634530 -0.039984536086 -0.004948623127 0.001568376586 0.022660947880 0.047188522883
731 732 1785749557.102899551 1785749557.140505314 0.037605762 -0.003528531247 0.008184996437 0.001297587725 -0.040015302163 -0.004923056781 0.001608207727 0.022658675285 0.047144365797
732 733 1785749557.132967949 1785749557.173898220 0.040930271 -0.003521046262 0.008182515663 0.001341669608 -0.039929857355 -0.004939568379 0.001613569211 0.022687452899 0.047087879284
733 734 1785749557.172895193 1785749557.207219362 0.034324169 -0.003555695490 0.008120479012 0.001325158009 -0.039531139477 -0.004776316604 0.001580216401 0.022588443314 0.046675477902
734 735 1785749557.202895403 1785749557.240511417 0.037616014 -0.003543711265 0.008157230635 0.001376219905 -0.039370943771 -0.004651148033 0.001600710082 0.022617180135 0.046548853733
735 736 1785749557.242989540 1785749557.273926497 0.030936956 -0.003549570220 0.008149492466 0.001394091218 -0.039063614981 -0.004679517265 0.001579343840 0.023209634547 0.046583285914
736 737 1785749557.272897005 1785749557.307351589 0.034454584 -0.003590722625 0.008086923182 0.001413139386 -0.039001170420 -0.004642359602 0.001626200474 0.023257585029 0.046545581580
737 738 1785749557.302884579 1785749557.340504169 0.037619591 -0.003464222473 0.008091450556 0.001410476225 -0.039003427541 -0.004651820390 0.001603783969 0.023563275602 0.046692276937
738 739 1785749557.342904091 1785749557.373874187 0.030970097 -0.003491919348 0.008089852659 0.001403019374 -0.038962288268 -0.004653544878 0.001611672179 0.023634473883 0.046695919630
739 740 1785749557.372900248 1785749557.407227039 0.034326792 -0.003484013794 0.008179867504 0.001396627787 -0.038845235772 -0.004653544878 0.001586658624 0.023220939318 0.046404056765
740 741 1785749557.402887583 1785749557.440506220 0.037618637 -0.003504253818 0.008417603860 0.001408345696 -0.038873997912 -0.004660202781 0.001605239799 0.023213415883 0.046470032952
741 742 1785749557.442879915 1785749557.473915815 0.031035900 -0.003510112773 0.008387776456 0.001404084639 -0.038856294457 -0.004635435383 0.001575052306 0.023305195536 0.046492568740
742 743 1785749557.472882509 1785749557.507372379 0.034489870 -0.003510785129 0.008397812539 0.001397160420 -0.038871867383 -0.004663931206 0.001603576264 0.023408348012 0.046562833532
743 744 1785749557.512886286 1785749557.540505886 0.027619600 -0.003556997540 0.008383431469 0.001420469645 -0.038833517863 -0.004610584056 0.001613802707 0.023736401614 0.046693389301
744 745 1785749557.542884827 1785749557.573880672 0.030995846 -0.003556870948 0.008388309088 0.001466737852 -0.038791313326 -0.004625848003 0.001592208127 0.023599809538 0.046592026963
745 746 1785749557.573104143 1785749557.607218981 0.034114838 -0.003562323862 0.008399943068 0.001424659906 -0.038667210019 -0.004625848003 0.001605894338 0.023726181182 0.046554709979
746 747 1785749557.612882376 1785749557.640503407 0.027621031 -0.003599299139 0.008370914612 0.001452356782 -0.038697570056 -0.004644490131 0.001597382539 0.024700630383 0.047083781656
747 748 1785749557.642898321 1785749557.673843384 0.030945063 -0.003644179969 0.008335943273 0.001439040976 -0.038653488174 -0.004625848003 0.001615816488 0.024303892924 0.046836092159
748 749 1785749557.672916889 1785749557.707204103 0.034287214 -0.003634199681 0.008393285165 0.001441774934 -0.038652955541 -0.004623451158 0.001598746939 0.023874718375 0.046623157337
749 750 1785749557.713006258 1785749557.740470409 0.027464151 -0.003604778317 0.008358131439 0.001473423888 -0.038664140818 -0.004651820390 0.001627823689 0.024257354594 0.046825719918
750 751 1785749557.742891073 1785749557.773873091 0.030982018 -0.003683831539 0.008371895947 0.001686823755 -0.038677330031 -0.004621769332 0.001590818409 0.024524469155 0.046987035782
751 752 1785749557.773036242 1785749557.807236910 0.034200668 -0.003715003656 0.008364439096 0.001816097262 -0.038644433426 -0.004622918526 0.001623364769 0.024313870258 0.046857512881
752 753 1785749557.812906504 1785749557.840471506 0.027565002 -0.003914022453 0.008395682010 0.001788400386 -0.038710353229 -0.004667659632 0.001601597645 0.024722028245 0.047148994827
753 754 1785749557.842911005 1785749557.873889208 0.030978203 -0.004021850947 0.008363990393 0.001770011442 -0.038647629219 -0.004620970384 0.001593780705 0.024752126582 0.047111199089
754 755 1785749557.882897139 1785749557.907230139 0.024333000 -0.004103440737 0.008372246192 0.001489593712 -0.038663608186 -0.005768876743 0.001616607935 0.024157494651 0.046941496860
755 756 1785749557.912913322 1785749557.940467596 0.027554274 -0.004089549637 0.008374643037 0.000474028665 -0.038702363746 -0.006877792152 0.001615872283 0.024065191644 0.047053217126
756 757 1785749557.942916155 1785749557.973897934 0.030981779 -0.003976813994 0.008204116799 -0.000602936740 -0.038688515308 -0.006500299754 0.001586044879 0.024231084458 0.047034053841
757 758 1785749557.982885122 1785749558.007156372 0.024271250 -0.004017545830 0.007767107065 -0.001081662368 -0.038645498690 -0.006476555812 0.001589971166 0.024667484162 0.047160065177
758 759 1785749558.012893677 1785749558.040506363 0.027612686 -0.004020992937 0.007514358076 -0.000763740849 -0.038681185049 -0.005967168012 0.001619296415 0.024923476719 0.047210806444
759 760 1785749558.042898655 1785749558.073944330 0.031045675 -0.004053889543 0.006982524807 0.000193268535 -0.038665738715 -0.006437553912 0.001601694233 0.024720750084 0.047067923108
760 761 1785749558.082890272 1785749558.107211828 0.024321556 -0.004008083172 0.006639790976 0.000614936069 -0.038658281863 -0.006573941410 0.001591680653 0.024412158595 0.046868924653
761 762 1785749558.112906456 1785749558.140475273 0.027568817 -0.004010031314 0.006634464654 0.000164281887 -0.038645498690 -0.005841475903 0.001613610004 0.025295365460 0.047224782918
762 763 1785749558.142887831 1785749558.173898220 0.031010389 -0.004073708998 0.006715493678 0.000123439003 -0.038741905122 -0.005327256955 0.001564648160 0.025015839885 0.047109059062
763 764 1785749558.182894230 1785749558.207280874 0.024386644 -0.004070779521 0.006567604309 0.000733531751 -0.039795984281 -0.005310486968 0.001603621742 0.024737988681 0.047819494608
764 765 1785749558.212884665 1785749558.240500689 0.027616024 -0.004072250826 0.006316734534 0.000890640461 -0.040495203792 -0.004969146572 0.001584893343 0.024904485917 0.048420830805
765 766 1785749558.252919197 1785749558.273889303 0.020970106 -0.004055739227 0.005856007665 0.000908187793 -0.041305996619 -0.004917821626 0.001626149837 0.024965159092 0.049069751472
766 767 1785749558.282898903 1785749558.307223320 0.024324417 -0.004085285313 0.005867991890 0.000978465716 -0.041684165494 -0.004822008284 0.001614107001 0.024902672791 0.049352306435
767 768 1785749558.313061237 1785749558.340490341 0.027429104 -0.004079510288 0.005846952918 0.001074309984 -0.042505949475 -0.004790895227 0.001585618678 0.024738341673 0.049961901062
768 769 1785749558.352911711 1785749558.373884439 0.020972729 -0.003927261403 0.006029113136 0.001233284303 -0.043014060405 -0.004619852754 0.001589915371 0.024516059602 0.050283317500
769 770 1785749558.382901669 1785749558.407248974 0.024347305 -0.003913748209 0.006054413167 0.001306351979 -0.043127029026 -0.004535460078 0.001628331002 0.024529456521 0.050383892557
770 771 1785749558.412937403 1785749558.440492868 0.027555466 -0.003833868378 0.006041896310 0.001284514058 -0.043410807997 -0.004473717404 0.001600451267 0.024437437266 0.050567926761
771 772 1785749558.452878475 1785749558.473890543 0.021012068 -0.002382149737 0.006061337385 0.001362375423 -0.045056501284 -0.004382750754 0.001620483586 0.024421067261 0.051890093664
772 773 1785749558.482880831 1785749558.507242918 0.024362087 -0.001802592027 0.006074120559 0.001385684649 -0.045142533435 -0.004379471032 0.001619600709 0.024339046112 0.051904766295
773 774 1785749558.522932053 1785749558.557264805 0.034332752 -0.002833568904 0.006096841357 0.001474731291 -0.044457441581 -0.004317406246 0.001635899444 0.024393090464 0.051382667872
774 775 1785749558.552883387 1785749558.590497017 0.037613630 -0.003236729373 0.006075802385 0.001777051207 -0.043596712891 -0.004313005464 0.001618687827 0.024385658932 0.050666612335
775 776 1785749558.582932711 1785749558.623900890 0.040968180 -0.003269913897 0.006097640305 0.001954429472 -0.043087859120 -0.004289962554 0.001587018713 0.024384360170 0.050237201159
776 777 1785749558.622927666 1785749558.657268763 0.034341097 -0.003259887680 0.006058940540 0.001916444726 -0.041915501728 -0.004264844911 0.001600045700 0.024382994824 0.049226000839
777 778 1785749558.652904749 1785749558.690478086 0.037573338 -0.003382209307 0.006064266863 0.001926032106 -0.042013594647 -0.004258985957 0.001609470853 0.024231223699 0.049243760691
778 779 1785749558.682890177 1785749558.723849297 0.040959120 -0.003372717119 0.006064266863 0.001890878379 -0.042025971780 -0.004264844911 0.001622502525 0.024326062711 0.049299969798
779 780 1785749558.722894430 1785749558.757242203 0.034347773 -0.003323447243 0.006032042613 0.001897802598 -0.042137545098 -0.004273100710 0.001608978541 0.024425999706 0.049437666455
780 781 1785749558.752910137 1785749558.790480137 0.037570000 -0.003463373394 0.006072872907 0.002165698809 -0.042010219733 -0.004228864102 0.001624709009 0.024448821778 0.049362854569
781 782 1785749558.792890549 1785749558.823926210 0.031035662 -0.003574481610 0.006063019211 0.002267331236 -0.041965437360 -0.004198265884 0.001593608162 0.024466713252 0.049341270000
782 783 1785749558.822922468 1785749558.857229471 0.034307003 -0.003582357634 0.006043227890 0.002260604406 -0.041929218369 -0.003716753226 0.001603814446 0.024435201679 0.049254331092
783 784 1785749558.852934361 1785749558.890480042 0.037545681 -0.003684187449 0.006067995288 0.002245690704 -0.041934012059 -0.003395575999 0.001587754366 0.024467697402 0.049260708628
784 785 1785749558.892904758 1785749558.923919201 0.031014442 -0.003506791390 0.006052282638 0.002494794723 -0.040686181364 -0.003396626262 0.001622948885 0.024414438866 0.048174193547
785 786 1785749558.922914982 1785749558.957215548 0.034300566 -0.002836917784 0.006047755264 0.002770165580 -0.039502322331 -0.003117541981 0.001604722641 0.024365811792 0.047103266555
786 787 1785749558.952943563 1785749558.990475893 0.037532330 -0.002360186226 0.006075452139 0.003143175991 -0.038526666699 -0.002897564875 0.001597057612 0.024404886648 0.046294817933
787 788 1785749558.992920876 1785749559.023867130 0.030946255 -0.001530819344 0.006073671856 0.003776040127 -0.036991494055 -0.002922583587 0.001586039721 0.024391971724 0.045032069801
788 789 1785749559.022903919 1785749559.057256460 0.034352541 -0.002260771281 0.007970557571 0.003722679844 -0.036696766051 -0.002927110961 0.001642712072 0.024361114218 0.045098583415
789 790 1785749559.052921295 1785749559.090492487 0.037571192 -0.002904469594 0.011163230545 0.003693090622 -0.036714342915 -0.002931638335 0.001588652245 0.024392017203 0.045833659862
790 791 1785749559.092991590 1785749559.123868465 0.030876875 -0.003395001410 0.011661422971 0.004247855211 -0.036741913198 -0.002953209940 0.001593730068 0.024353966819 0.046042419614
791 792 1785749559.122918606 1785749559.157237530 0.034318924 -0.003505351472 0.010074072346 0.005004963775 -0.036691089484 -0.002909549100 0.001575133419 0.024374120571 0.045717659688
792 793 1785749559.162880421 1785749559.190491676 0.027611256 -0.003573556530 0.009326561883 0.005112022851 -0.036678306311 -0.002958536262 0.001594475564 0.024360591902 0.045562262029
793 794 1785749559.192877054 1785749559.223881006 0.031003952 -0.003591217322 0.008178015964 0.005182862936 -0.036316999280 -0.002744027072 0.001631831089 0.024334421653 0.045032431939
794 795 1785749559.222911119 1785749559.257191181 0.034280062 -0.003611204162 0.007322608621 0.005164753440 -0.035220309543 -0.002769466827 0.001647820373 0.024326700829 0.043999771666
795 796 1785749559.262882710 1785749559.290482759 0.027600050 -0.003617833931 0.007193711625 0.005208961915 -0.034069164728 -0.002746423917 0.001595013355 0.024353951344 0.043079941234
796 797 1785749559.292877197 1785749559.323859453 0.030982256 -0.003564598843 0.007196108470 0.005178069246 -0.033469953483 -0.002815524512 0.001649950901 0.024340752287 0.042598852888
797 798 1785749559.322921515 1785749559.357230186 0.034308672 -0.003572728051 0.007182526348 0.005170079763 -0.032155991067 -0.002770798407 0.001610662709 0.024382257279 0.041591544633
798 799 1785749559.362873316 1785749559.390491247 0.027617931 -0.003548226969 0.007024600895 0.005161151607 -0.030167351017 -0.002756683653 0.001647211312 0.024323794327 0.040007512619
799 800 1785749559.392873764 1785749559.423974514 0.031100750 -0.003584935929 0.006260539979 0.005177663206 -0.029542108324 -0.002772396304 0.001660770931 0.024343212428 0.039428756252
800 801 1785749559.432879686 1785749559.457245350 0.024365664 -0.003584403297 0.005979043851 0.005157423181 -0.029302770805 -0.002783581580 0.001624921872 0.024246343688 0.039142332363
801 802 1785749559.462875605 1785749559.490473032 0.027597427 -0.003642599933 0.005842339758 0.005171145027 -0.029126033970 -0.002752955228 0.001636026036 0.024256509178 0.039001303120
802 803 1785749559.492893696 1785749559.523846388 0.030952692 -0.003627686231 0.005883702684 0.005181924263 -0.028485780514 -0.002699818598 0.001669500752 0.024259375359 0.038531333240
803 804 1785749559.532947302 1785749559.557276011 0.024328709 -0.003622486500 0.005912071916 0.005166477929 -0.026939404798 -0.002205127990 0.001673351084 0.024228026014 0.037351826805
804 805 1785749559.562896729 1785749559.590487003 0.027590275 -0.003617832535 0.005886898478 0.005190852419 -0.026281397296 -0.001983567989 0.001635067203 0.024292977141 0.036907422068
805 806 1785749559.592896700 1785749559.623955488 0.031058788 -0.003667240739 0.005894355329 0.005277265430 -0.025671524082 -0.001583687785 0.001637618774 0.024267654135 0.036457888830
806 807 1785749559.632898808 1785749559.657242775 0.024343967 -0.003635942030 0.005897284806 0.005348806006 -0.026059767583 -0.000812309742 0.001661511269 0.024232211116 0.036692503009
807 808 1785749559.662901878 1785749559.690563440 0.027661562 -0.003667114147 0.005930181412 0.005300168616 -0.025940195458 -0.000824826599 0.001659299626 0.024246891322 0.036618924867
808 809 1785749559.702879190 1785749559.723948717 0.021069527 -0.003670170216 0.005884501633 0.005399770840 -0.025853731856 -0.000646661122 0.001653881874 0.024213766377 0.036539437091
809 810 1785749559.732967615 1785749559.757136106 0.024168491 -0.003631288064 0.005932311940 0.005554640224 -0.026567573029 -0.000033335123 0.001655327860 0.024222217696 0.037074594999
810 811 1785749559.762898445 1785749559.790500879 0.027602434 -0.003677500475 0.005862930028 0.006115095909 -0.026763522625 0.001040185113 0.001683186963 0.024260455626 0.037337157231
811 812 1785749559.802886724 1785749559.823918343 0.021031618 -0.003681579146 0.005895154277 0.007983264017 -0.026794232906 0.001837002911 0.001647657673 0.024541518052 0.037925529056
812 813 1785749559.832878590 1785749559.857157469 0.024278879 -0.003686106520 0.005885972938 0.008636880604 -0.026815411603 0.001966698856 0.001692561479 0.024502914875 0.038065989687
813 814 1785749559.862883329 1785749559.890493870 0.027610540 -0.003679448617 0.006231118615 0.009198296022 -0.026782921038 0.002618374375 0.001675116366 0.024677855478 0.038379123760
814 815 1785749559.902873278 1785749559.923962116 0.021088839 -0.003702618119 0.007161360784 0.010446721676 -0.026785051567 0.003496433588 0.001664823810 0.025020956898 0.039148594109
815 816 1785749559.932883263 1785749559.957174540 0.024291277 -0.003683849399 0.007384127643 0.010924184651 -0.026800903941 0.003599482920 0.001679854261 0.025471876946 0.039627226153
816 817 1785749559.962880850 1785749559.990540266 0.027659416 -0.003023245725 0.007536194141 0.011103947482 -0.026847116353 0.003556354712 0.001655936448 0.025396353296 0.039627819623
817 818 1785749560.002885342 1785749560.023923635 0.021038294 0.000819475341 0.008162303313 0.010905123663 -0.026777594716 0.003588578962 0.001635950080 0.024292397900 0.038844959305
818 819 1785749560.032883883 1785749560.073917150 0.041033268 0.000140243295 0.008528936666 0.010506680883 -0.026823274495 0.003559284190 0.001626717631 0.022902879419 0.037980224150
819 820 1785749560.072871447 1785749560.107227325 0.034355879 0.000614922819 0.010340901735 0.010655636371 -0.026887414014 0.003555555764 0.001661673495 0.022841494018 0.038482788129
820 821 1785749560.102881193 1785749560.140534878 0.037653685 -0.000766441816 0.010872323218 0.011327656904 -0.026915516930 0.003626662165 0.001634910134 0.022733094914 0.038783694019
821 822 1785749560.132893085 1785749560.173956871 0.041063786 -0.001459864929 0.010472506195 0.011135757303 -0.026966396439 0.003709220159 0.001671783664 0.022724374937 0.038677469027
822 823 1785749560.172874928 1785749560.207265139 0.034390211 -0.000973446748 0.010038923364 0.010678345204 -0.026983258283 0.003829566906 0.001657534344 0.022630016974 0.038384652347
823 824 1785749560.202875376 1785749560.240537405 0.037662029 -0.001011427916 0.009900595109 0.009430015527 -0.027059044914 0.004563029604 0.001644923715 0.022586254388 0.038129093550
824 825 1785749560.232897758 1785749560.273951530 0.041053772 -0.001477628447 0.009871875632 0.008880545791 -0.027057264631 0.005282054965 0.001668968120 0.022560388433 0.038082196138
825 826 1785749560.272878408 1785749560.307269812 0.034391403 -0.001762220582 0.009806881370 0.008996854592 -0.027067384643 0.006634830605 0.001668587871 0.022566034524 0.038326206756
826 827 1785749560.302885771 1785749560.340539455 0.037653685 -0.002459384169 0.009821262439 0.009105444034 -0.027046611986 0.007689501457 0.001669708930 0.022630036661 0.038613067960
827 828 1785749560.342884064 1785749560.373925686 0.031041622 -0.002638036349 0.009813805588 0.009318247003 -0.027045014090 0.008210208511 0.001644015519 0.022668929130 0.038801072008
828 829 1785749560.372896194 1785749560.407306910 0.034410715 -0.002683716128 0.009816735066 0.009302956791 -0.027061525689 0.008132013299 0.001660431002 0.022626607371 0.038772307512
829 830 1785749560.402882099 1785749560.440533876 0.037651777 -0.002724419830 0.009799873222 0.009059729520 -0.027077378063 0.008022979817 0.001652537634 0.022631325106 0.038703992587
830 831 1785749560.442924500 1785749560.473902225 0.030977726 -0.002554117244 0.009773634519 0.008926909975 -0.027075906758 0.007910946060 0.001667654357 0.022632862049 0.038632272497
831 832 1785749560.472880602 1785749560.507186890 0.034306288 -0.002102318532 0.009781231094 0.008939693148 -0.027087498075 0.007862940233 0.001651624753 0.022850480288 0.038735526759
832 833 1785749560.502951860 1785749560.540599108 0.037647247 -0.001802247808 0.009380425350 0.008910931008 -0.026989620339 0.007889838160 0.001669612342 0.022977982408 0.038627834543
833 834 1785749560.542968512 1785749560.574180126 0.031211615 -0.001431054285 0.009013441752 0.008784853295 -0.026731826346 0.007834220756 0.001665676211 0.023084346625 0.038367835318
834 835 1785749560.572945356 1785749560.607313871 0.034368515 -0.001583297111 0.008988800945 0.008608611092 -0.026388431422 0.007821437583 0.001655490087 0.023116385672 0.038105717285
835 836 1785749560.612978458 1785749560.640524864 0.027546406 -0.001588046269 0.009041138627 0.008525549996 -0.025459994405 0.007802767321 0.001644670058 0.023196547744 0.037507710422
836 837 1785749560.642900229 1785749560.673963308 0.031063080 -0.001567357542 0.008295313798 0.008565370821 -0.024974698069 0.007755111739 0.001635407132 0.023643799846 0.037285594367
837 838 1785749560.673009634 1785749560.707164526 0.034154892 -0.001666047359 0.007558024216 0.008592337675 -0.025299341214 0.007785456774 0.001659010334 0.024160757391 0.037694724121
838 839 1785749560.712883711 1785749560.740529776 0.027646065 -0.001665248410 0.007288512314 0.008527553933 -0.025728368537 0.007768693861 0.001675760588 0.024848077506 0.038355590482
839 840 1785749560.742922544 1785749560.773934364 0.031011820 -0.001698621853 0.007277986261 0.008569028449 -0.026519370586 0.007793194943 0.001651066803 0.024796085834 0.038869852672
840 841 1785749560.773075819 1785749560.807231426 0.034155607 -0.001731280277 0.007563350538 0.008496493406 -0.027076524092 0.007749785417 0.001650493377 0.025090032234 0.039469268802
841 842 1785749560.812883615 1785749560.840527534 0.027643919 -0.001735526333 0.007724598376 0.008384796763 -0.027181364048 0.007776683344 0.001690851992 0.025356186116 0.039725115464
842 843 1785749560.842887163 1785749560.873899460 0.031012297 -0.001761891627 0.007730330738 0.008321849099 -0.026686616248 0.007752182262 0.001641920625 0.025358564197 0.039371816645
843 844 1785749560.872890711 1785749560.907232523 0.034341812 -0.001758569242 0.007752701292 0.008328996972 -0.026736400962 0.007744375166 0.001648479597 0.025601390540 0.039566757503
844 845 1785749560.912933350 1785749560.940499306 0.027565956 -0.001813458495 0.007730330738 0.008515135534 -0.026632228701 0.007748986469 0.001696005771 0.026582721228 0.040179523124
845 846 1785749560.942901611 1785749560.973906279 0.031004667 -0.001826591913 0.007747641286 0.008400999383 -0.026670325037 0.007770474145 0.001661349042 0.026645554889 0.040228986516
846 847 1785749560.982901812 1785749561.007161140 0.024259329 -0.001805202695 0.007695303604 0.008306753010 -0.026625457339 0.007749435172 0.001678170092 0.025962138917 0.039715188982
847 848 1785749561.012935162 1785749561.040534496 0.027599335 -0.001854540103 0.007708492817 0.008282966948 -0.026332074048 0.007772954919 0.001685353126 0.025068317271 0.038942593901
848 849 1785749561.042903900 1785749561.073900461 0.030996561 -0.001853741155 0.007714618088 0.008297348017 -0.026337903472 0.007764615190 0.001658878584 0.024856995404 0.038812294182
849 850 1785749561.082885265 1785749561.107269049 0.024383783 -0.001857764030 0.007728200210 0.008346167795 -0.026432555884 0.007726265671 0.001646876542 0.024945936041 0.038938695428
850 851 1785749561.112886190 1785749561.140524864 0.027638674 -0.001856166134 0.007749771814 0.008388525188 -0.026534791740 0.007770474145 0.001641190131 0.025135577437 0.039151473407
851 852 1785749561.142898083 1785749561.173967123 0.031069040 -0.001873476681 0.007728732842 0.008332725397 -0.026564969389 0.007729195148 0.001644081630 0.024953081410 0.039031716223
852 853 1785749561.183039904 1785749561.207152367 0.024112463 -0.001844952723 0.007774090509 0.008344037266 -0.026599869932 0.007740646740 0.001673376402 0.024408291408 0.038723363259
853 854 1785749561.212886810 1785749561.240519285 0.027632475 -0.001869720121 0.007874141437 0.008335515150 -0.026651941297 0.007753163598 0.001659994485 0.024432297339 0.038795734626
854 855 1785749561.252898455 1785749561.273906469 0.021008015 -0.001896519590 0.008089857486 0.008270310366 -0.026699513423 0.007728844902 0.001637197732 0.024294363863 0.038767721196
855 856 1785749561.283019304 1785749561.307250023 0.024230719 -0.001911433292 0.008128739638 0.008277234585 -0.026701040523 0.007735769121 0.001696792060 0.024092118323 0.038656688363
856 857 1785749561.312903881 1785749561.340513468 0.027609587 -0.001820086867 0.008125011212 0.008340308840 -0.026709030006 0.007746155450 0.001620153501 0.024042618688 0.038638541559
857 858 1785749561.352899790 1785749561.373889208 0.020989418 -0.001821236061 0.008147648081 0.008345635162 -0.026704642356 0.007726714374 0.001649174456 0.024930250730 0.039197294709
858 859 1785749561.383063078 1785749561.407250643 0.024187565 -0.001869046368 0.008164692312 0.007758856845 -0.026769917937 0.007747304643 0.001671306827 0.024886233021 0.039103995838
859 860 1785749561.412915945 1785749561.440504551 0.027588606 -0.001837621067 0.008169569931 0.007157332684 -0.026734764211 0.007706474349 0.001679245673 0.024701404910 0.038838933688
860 861 1785749561.452918768 1785749561.473899364 0.020980597 -0.001808452887 0.008139924914 0.007047792834 -0.025820037304 0.007745356501 0.001673102585 0.024157404036 0.037845007319
861 862 1785749561.482891321 1785749561.507240772 0.024349451 -0.001890757697 0.009265909423 0.007055249685 -0.025334258926 0.007720589103 0.001655266907 0.023605657966 0.037424694497
862 863 1785749561.512894154 1785749561.540505409 0.027611256 -0.001857734500 0.010762466231 0.007077437851 -0.025471995488 0.007752364649 0.001652573269 0.023361603612 0.037772863499
863 864 1785749561.552898645 1785749561.573928595 0.021029949 -0.001885431375 0.011009890295 0.006931902664 -0.025622671344 0.007725915425 0.001632464995 0.023452313316 0.037969867107
864 865 1785749561.582886696 1785749561.607160807 0.024274111 -0.001925658240 0.010664736147 0.006957748459 -0.025771749305 0.007737100702 0.001656712420 0.023389233903 0.037943402173
865 866 1785749561.622894764 1785749561.640499115 0.017604351 -0.001936394813 0.010194176643 0.006856395481 -0.026012313414 0.007759288868 0.001689948955 0.023263399530 0.037888912882
866 867 1785749561.652902365 1785749561.690490484 0.037588120 -0.001952107464 0.009770095866 0.006802782014 -0.026382501276 0.007690411454 0.001697492077 0.023205230555 0.037974811998
867 868 1785749561.683126688 1785749561.723932505 0.040805817 -0.001949051395 0.009591989450 0.006855736257 -0.026528580832 0.007725466722 0.001671301669 0.023133263306 0.038002575439
868 869 1785749561.722890377 1785749561.757153511 0.034263134 -0.001970623000 0.009524387821 0.006866794941 -0.026433210134 0.007730442799 0.001690035226 0.023570350864 0.038192174511
869 870 1785749561.752897263 1785749561.790490389 0.037593126 -0.002010976456 0.009227838267 0.006848279406 -0.026378852117 0.007737899650 0.001641672126 0.023853541453 0.038255737001
870 871 1785749561.783152342 1785749561.823946476 0.040794134 -0.002007121439 0.009086424414 0.006704468707 -0.025950053651 0.007728844902 0.001678925905 0.023445077661 0.037645349414
871 872 1785749561.822921276 1785749561.857147694 0.034226418 -0.001979424564 0.009078701246 0.006698077120 -0.025465046088 0.007743225972 0.001683506731 0.023274325380 0.037204296964
872 873 1785749561.852892876 1785749561.890461922 0.037569046 -0.002010667477 0.009054200164 0.006737491904 -0.025424883489 0.007703544872 0.001636923915 0.023145613090 0.037088857501
873 874 1785749561.892916441 1785749561.923943520 0.031027079 -0.001973915854 0.009063787544 0.006677963688 -0.025704426812 0.007731591993 0.001684561679 0.023585169213 0.037553119907
874 875 1785749561.922907591 1785749561.957172394 0.034264803 -0.002002285086 0.009084027569 0.006723643467 -0.026152952876 0.007746155450 0.001656834327 0.024337404346 0.038350623236
875 876 1785749561.952899218 1785749561.990502357 0.037603140 -0.002046100652 0.009056457285 0.006738557169 -0.026220820821 0.007713132252 0.001651345778 0.024419613422 0.038440634951
876 877 1785749561.992919445 1785749562.023939848 0.031020403 -0.002031186950 0.009046070957 0.006732165582 -0.026200986837 0.007711001723 0.001640292252 0.024468522218 0.038452952691
877 878 1785749562.022889137 1785749562.057173967 0.034284830 -0.002014548759 0.009072043344 0.006754942176 -0.026294476924 0.007704876453 0.001672564795 0.023976054919 0.038215218713
878 879 1785749562.052897692 1785749562.090496540 0.037598848 -0.002054047473 0.009065385441 0.006706599236 -0.026228303937 0.007707273298 0.001675573043 0.023694335116 0.037985969096
879 880 1785749562.092903376 1785749562.123942375 0.031039000 -0.002059906427 0.009036217261 0.006648948364 -0.026198476533 0.007723784896 0.001672701703 0.023549888145 0.037861816380
880 881 1785749562.122938156 1785749562.157168388 0.034230232 -0.002044067185 0.009032488835 0.006448146018 -0.026176638612 0.007706923052 0.001646227161 0.024242398620 0.038240811693
881 882 1785749562.162877321 1785749562.190504789 0.027627468 -0.002105459614 0.009047402537 0.006368910409 -0.026190487049 0.007737899650 0.001636026036 0.024737141215 0.038565151526
882 883 1785749562.192896366 1785749562.223944664 0.031048298 -0.002064979566 0.009082695988 0.006332032194 -0.026178236508 0.007734970173 0.001645486824 0.025063496120 0.038766872890
883 884 1785749562.222879648 1785749562.257169008 0.034289360 -0.002092676441 0.009025031984 0.006330840338 -0.026269007639 0.007679226177 0.001663687749 0.025074872208 0.038813121320
884 885 1785749562.262878418 1785749562.290480375 0.027601957 -0.002082290113 0.009063914136 0.006270373449 -0.026267942374 0.007585482907 0.001662322876 0.024870445030 0.038660765067
885 886 1785749562.292910576 1785749562.323813200 0.030902624 -0.002129301472 0.009063914136 0.006290613473 -0.026239180234 0.007255601177 0.001635320860 0.024752498866 0.038506610918
886 887 1785749562.322934389 1785749562.357159138 0.034224749 -0.002064852974 0.009464369635 0.006348949833 -0.026253561304 0.006443253115 0.001660527118 0.024659825072 0.038415835135
887 888 1785749562.362890720 1785749562.390478373 0.027587652 -0.000178226995 0.011180750693 0.006313390067 -0.026224925756 0.005958025165 0.001687483655 0.024608230071 0.038685361937
888 889 1785749562.392928839 1785749562.423931599 0.031002760 0.001574285317 0.010695476272 0.006326173240 -0.026572201963 0.005093114372 0.001682806714 0.024342505182 0.038526655486
889 890 1785749562.422924995 1785749562.457151175 0.034226179 0.000966280748 0.010431435078 0.006310194273 -0.027518030190 0.004429454628 0.001661638334 0.024010383180 0.038803204562
890 891 1785749562.462883949 1785749562.490477085 0.027593136 -0.000586646172 0.010423978227 0.006317524533 -0.028654008119 0.004084841583 0.001648758572 0.023894765407 0.039501024325
891 892 1785749562.492884159 1785749562.523954868 0.031070709 -0.002319903291 0.010376966867 0.006290486881 -0.029013940907 0.003801214927 0.001670439424 0.023891462709 0.039780447181
892 893 1785749562.532895088 1785749562.557250977 0.024355888 -0.002461174154 0.010394011098 0.006322977447 -0.029367455843 0.002192931945 0.001651583960 0.023908963617 0.039946158423
893 894 1785749562.562909365 1785749562.590542555 0.027633190 -0.002464103632 0.009738074522 0.006137312456 -0.029869068800 0.000565025499 0.001653075425 0.023613791572 0.039892265439
894 895 1785749562.592906237 1785749562.623958826 0.031052589 -0.002467832057 0.009623964635 0.004311039906 -0.030954167220 -0.001062629632 0.001659908214 0.023368895135 0.040316822303
895 896 1785749562.632989407 1785749562.657176256 0.024186850 -0.002509461299 0.009150048553 0.002619014148 -0.033110571418 -0.003182717777 0.001651502847 0.023415330726 0.041884660991
896 897 1785749562.662881374 1785749562.690506697 0.027625322 -0.002478218385 0.008388790522 0.001907075729 -0.034017517493 -0.005450433638 0.001626803903 0.023230805063 0.042536641013
897 898 1785749562.692893982 1785749562.723936319 0.031042337 -0.002374887735 0.007719398416 0.001952231346 -0.034172766652 -0.007008048486 0.001659446851 0.023221379910 0.042754150487
898 899 1785749562.733033180 1785749562.757160664 0.024127483 -0.001584727840 0.007042156550 0.001323462821 -0.034936155213 -0.007538816803 0.001698389957 0.023192739203 0.043266745488
899 900 1785749562.762897015 1785749562.790477514 0.027580500 -0.000775223930 0.007028041797 0.001093188520 -0.035267187532 -0.007701412932 0.001665244852 0.023231352697 0.043551629945
900 901 1785749562.802894592 1785749562.824005365 0.021110773 0.000720762246 0.006541215949 0.000132213613 -0.036291133575 -0.007342798905 0.001678844791 0.023174791935 0.044206074896
901 902 1785749562.832898617 1785749562.857154846 0.024256229 0.000648519241 0.005517230510 0.000386863488 -0.037119897570 -0.006289243365 0.001655353179 0.023190837013 0.044598279858
902 903 1785749562.862901688 1785749562.890481710 0.027580023 -0.000531840767 0.005004039368 0.000607584289 -0.038555035684 -0.006616420126 0.001681594224 0.023090381441 0.045737880246
903 904 1785749562.902970076 1785749562.923969507 0.020999432 -0.001827911824 0.004709633476 0.001419862096 -0.038733299619 -0.007614157308 0.001902388096 0.022856388512 0.045954492541
904 905 1785749562.933027029 1785749562.957167149 0.024140120 -0.002263597050 0.004717889275 0.001954112417 -0.038697684057 -0.006121789676 0.001979944222 0.022579967866 0.045606612397
905 906 1785749562.962878704 1785749562.990461349 0.027582645 -0.002433490329 0.004696317670 0.002143137794 -0.039185575169 -0.005241124424 0.001968500130 0.022112935683 0.045699080059
906 907 1785749563.002891302 1785749563.023911238 0.021019936 -0.002358262595 0.003678990134 0.002327369480 -0.040485088984 -0.007013623576 0.002144385510 0.021753322664 0.046803331093
907 908 1785749563.033078194 1785749563.057166100 0.024087906 -0.002030960097 0.002272055262 0.002345885016 -0.040542946568 -0.007022516455 0.002162910889 0.021572135807 0.046667672870
908 909 1785749563.072889090 1785749563.090480566 0.017591476 0.000501918017 0.001896016917 0.002427068766 -0.041541294322 -0.006789727500 0.002396548888 0.018909421077 0.046312273213
909 910 1785749563.102946520 1785749563.140506029 0.037559509 0.001511284517 0.001942046941 0.002539298042 -0.040720630316 -0.006037054765 0.002392399420 0.017044808332 0.044759003467
910 911 1785749563.133325100 1785749563.173897028 0.040571928 0.000904050762 0.001921007968 0.002545689629 -0.039986955158 -0.005606459075 0.002444932148 0.015038867036 0.043284203772
911 912 1785749563.172910690 1785749563.207180023 0.034269333 0.000451758042 0.001948200345 0.002505209580 -0.039703683409 -0.005652891331 0.002413425734 0.010973492410 0.041771467069
912 913 1785749563.202909946 1785749563.240517855 0.037607908 -0.000652562693 0.001999066722 0.002006509702 -0.039683569977 -0.005421327571 0.002497906078 0.008428908977 0.041108524020
913 914 1785749563.232933283 1785749563.273977280 0.041043997 -0.002164410798 0.002074419179 0.001250289220 -0.039698230495 -0.005244902980 0.002572763880 0.008411362637 0.041126387627
914 915 1785749563.272887468 1785749563.307179451 0.034291983 -0.002353896613 0.002070173123 0.000959350641 -0.039693563397 -0.005330449512 0.002848895708 0.010786473993 0.041703761159
915 916 1785749563.302910805 1785749563.340542316 0.037631512 -0.002481432499 0.002047003622 0.001039106292 -0.039660666792 -0.005245597793 0.002963573861 0.012307357609 0.042097102998
916 917 1785749563.342903852 1785749563.373954296 0.031050444 -0.002490220930 0.002065364431 0.000370022310 -0.039665993114 -0.005029297980 0.002934867517 0.013072001390 0.042293963666
917 918 1785749563.372952223 1785749563.407183170 0.034230947 -0.002469630661 0.002286688120 0.000032735404 -0.039670254172 -0.004823481556 0.002921262419 0.013231128093 0.042331083790
918 919 1785749563.402911901 1785749563.440520525 0.037608624 -0.002453119062 0.002282959694 -0.000795511815 -0.039650014147 -0.004630334846 0.003078399240 0.013424657867 0.042368905350
919 920 1785749563.442902803 1785749563.473920584 0.031017780 -0.002461725107 0.001814494657 -0.002214681142 -0.037310160813 -0.004577227747 0.003376673282 0.013558304022 0.040280093571
920 921 1785749563.473046303 1785749563.507246733 0.034200430 -0.002467850377 0.000757303633 -0.001455599880 -0.035726716026 -0.005018825784 0.003451185998 0.013525229714 0.038797060960
921 922 1785749563.502908945 1785749563.540540218 0.037631273 -0.002445129579 0.000608331205 0.000078246076 -0.034271240826 -0.005530702598 0.003679203224 0.013566633434 0.037537335361
922 923 1785749563.542904377 1785749563.573895216 0.030990839 -0.002515660685 0.000698176795 0.001164714619 -0.031195554687 -0.006310988049 0.003689632688 0.013582643350 0.034917980351
923 924 1785749563.573052168 1785749563.607161522 0.034109354 -0.002451338779 0.001989417015 0.001804985016 -0.030156989393 -0.005445167572 0.003849245125 0.013663821942 0.033968152584
924 925 1785749563.612908840 1785749563.640549898 0.027641058 -0.002457996681 0.003373854742 0.002282020036 -0.029347597073 -0.004890187258 0.004106049809 0.011816875690 0.032624007118
925 926 1785749563.642962694 1785749563.674024343 0.031061649 -0.002479834602 0.006007987376 0.002524182042 -0.029338050959 -0.004635228946 0.004243636306 0.009879382953 0.032348635598
926 927 1785749563.673147917 1785749563.707174540 0.034026623 -0.002497018557 0.008540388653 0.002626291306 -0.029111555675 -0.004490775421 0.005595162426 0.009120125258 0.032683375147
927 928 1785749563.712908268 1785749563.740555048 0.027646780 -0.002488889350 0.009621832710 0.000139157236 -0.029074621665 -0.006549006890 0.011654035924 0.008770908709 0.034637582317
928 929 1785749563.742901325 1785749563.773849964 0.030948639 -0.002492491184 0.009954491061 0.000864001299 -0.029144675934 -0.007156663707 0.009368712875 0.008954563554 0.034272990282
929 930 1785749563.772896528 1785749563.807148218 0.034251690 -0.002433677986 0.012247575879 0.001433740590 -0.029236665185 -0.005759548651 0.007567631397 0.012526434003 0.035498128136
930 931 1785749563.812904119 1785749563.840559006 0.027654886 -0.002544184643 0.012277739854 0.001863736117 -0.029301337337 -0.005095646918 0.009488506531 0.013849099167 0.036428732820
931 932 1785749563.842910767 1785749563.873930454 0.031019688 -0.002505274357 0.011489081648 0.003091465115 -0.029279093375 -0.003622542325 0.007651068681 0.014244726783 0.035772500166
932 933 1785749563.882904768 1785749563.907181263 0.024276495 -0.002538325688 0.011531066652 0.006260753404 -0.029244472281 -0.001273760835 0.006693488237 0.014252112837 0.035824471516
933 934 1785749563.912881136 1785749563.940510988 0.027629852 -0.002521015141 0.011139260715 0.007588720380 -0.030015191101 0.000526802378 0.006193781636 0.014262313963 0.036482777741
934 935 1785749563.942867517 1785749563.973914623 0.031047106 -0.002499177220 0.010633800668 0.007949583370 -0.031051566805 0.002137342481 0.005726682349 0.014286292729 0.037258295234
935 936 1785749563.982907295 1785749564.007186174 0.024278879 -0.002478110114 0.009293283497 0.007739535419 -0.032580221271 0.003014070113 0.005559918728 0.014269228338 0.038177029307
936 937 1785749564.012896538 1785749564.040511370 0.027614832 -0.002502877512 0.009022145564 0.007656194875 -0.032874360847 0.002978117439 0.005303364862 0.014305619872 0.038322970263
937 938 1785749564.042901754 1785749564.073833704 0.030931950 -0.002525542515 0.009041586640 0.008043165313 -0.033131089576 0.003022325913 0.005304328853 0.014288651596 0.038625460278
938 939 1785749564.083091259 1785749564.107159853 0.024068594 -0.002538325688 0.009056528476 0.008232249751 -0.033171569625 0.003118199712 0.005428807723 0.014291984771 0.038730385024
939 940 1785749564.112901449 1785749564.140593767 0.027692318 -0.002473582740 0.009002438172 0.008180837609 -0.033162514877 0.003144298691 0.005291625847 0.014339054268 0.038695444141
940 941 1785749564.153051376 1785749564.173848629 0.020797253 -0.002510362497 0.008850120359 0.008168054436 -0.033164645406 0.003208747189 0.005311419511 0.014555852949 0.038750709145
941 942 1785749564.182915688 1785749564.207161903 0.024246216 -0.002509030916 0.008635203260 0.007551295858 -0.033164645406 0.003165309529 0.005060725072 0.014517624862 0.038524917908
942 943 1785749564.212885857 1785749564.240509510 0.027623653 -0.002531919100 0.008235447778 0.006746361985 -0.033155464066 0.003176494806 0.004808802669 0.014530007627 0.038253983269
943 944 1785749564.252965450 1785749564.273888588 0.020923138 -0.002534848577 0.007740366131 0.006310471442 -0.033173040929 0.003185577688 0.004818111074 0.014558658176 0.038104173615
944 945 1785749564.282949686 1785749564.307158470 0.024208784 -0.002542054114 0.006802667112 0.006277210062 -0.033154525394 0.003156254781 0.004739311509 0.014553189787 0.037889082729
945 946 1785749564.312890291 1785749564.340569973 0.027679682 -0.002495420661 0.006234082219 0.006235005525 -0.033180497781 0.003183180843 0.004728247666 0.014517269932 0.037790894734
946 947 1785749564.352876663 1785749564.373836756 0.020960093 -0.002514889871 0.006233549587 0.004772524046 -0.033167714607 0.003149596879 0.004639170548 0.014524889010 0.037556229233
947 948 1785749564.382872820 1785749564.407164574 0.024291754 -0.002562545453 0.006148062116 0.004389028849 -0.033136065653 0.003159184259 0.004592293281 0.014717940528 0.037540845813
948 949 1785749564.422908306 1785749564.440598965 0.017690659 -0.002504503543 0.005495587649 0.004253207634 -0.033158786451 0.003147998982 0.004533409287 0.014970250658 0.037531840054
949 950 1785749564.452907324 1785749564.490508080 0.037600756 -0.002552958073 0.005474016044 0.004324859799 -0.033144055136 0.003188479031 0.004549494685 0.015034770426 0.037558273016
950 951 1785749564.482892752 1785749564.523834229 0.040941477 -0.002524994881 0.005520383181 0.004371422456 -0.033132687473 0.003157852678 0.004532054730 0.014987918951 0.037535101054
951 952 1785749564.522925138 1785749564.557168245 0.034243107 -0.002561564117 0.005426079144 0.004314668990 -0.033128959047 0.003177293754 0.004543803116 0.014974176945 0.037511539014
952 953 1785749564.553220034 1785749564.590500355 0.037280321 -0.002528471992 0.005135556403 0.004263536297 -0.033127361151 0.003171196618 0.004531760280 0.015445307959 0.037649937396
953 954 1785749564.582870960 1785749564.623839855 0.040968895 -0.002525542515 0.004572830465 0.004104882693 -0.033187954632 0.003169037955 0.004541845131 0.015606325116 0.037680340768
954 955 1785749564.622922659 1785749564.657183170 0.034260511 -0.002551360176 0.004480656957 0.004062201319 -0.033149731704 0.003166108477 0.004449242133 0.015922968415 0.037753845350
955 956 1785749564.653021812 1785749564.690509081 0.037487268 -0.002553490705 0.004478526428 0.003801282329 -0.033158127227 0.003183951657 0.004427282306 0.016343296349 0.037912140201
956 957 1785749564.692918539 1785749564.723942757 0.031024218 -0.002543104377 0.004393866040 0.003761529036 -0.033183160942 0.003150129511 0.004449353724 0.016637223061 0.038046839095
957 958 1785749564.722895861 1785749564.757178307 0.034282446 -0.002507433020 0.004231413213 0.003953932592 -0.033164645406 0.003182353760 0.004412125263 0.016802046018 0.038100161957
958 959 1785749564.752950191 1785749564.790472984 0.037522793 -0.002542054114 0.004251653238 0.003983451018 -0.033139079059 0.003151727408 0.004400960147 0.016920204099 0.038133976712
959 960 1785749564.792907238 1785749564.823829651 0.030922413 -0.002583934670 0.004182649231 0.003911981239 -0.033173167521 0.003231117742 0.004437478746 0.016962119344 0.038180868844
960 961 1785749564.823080301 1785749564.857173920 0.034093618 -0.002524462249 0.004186405791 0.003960856811 -0.033149731704 0.003556261577 0.004287579335 0.017042384582 0.038209491059
961 962 1785749564.852917671 1785749564.890496254 0.037578583 -0.002535647525 0.004199188964 0.005507341324 -0.033163580141 0.004492489292 0.004246089344 0.017066500257 0.038518745026
962 963 1785749564.892914295 1785749564.923834085 0.030919790 -0.002553490705 0.004219428988 0.007237989992 -0.033156655923 0.005401062795 0.004244034770 0.017070893065 0.038918824845
963 964 1785749564.922912359 1785749564.957162380 0.034250021 -0.002519934875 0.004764045431 0.007232004446 -0.033143340117 0.006481298597 0.004244973443 0.017083184399 0.039136827967
964 965 1785749564.952889681 1785749564.990517139 0.037627459 -0.002526592778 0.005297210282 0.007254781039 -0.033129491679 0.006571750409 0.004285570240 0.017114939312 0.039231547740
965 966 1785749564.992896795 1785749565.023828745 0.030931950 -0.002529522255 0.005742224500 0.007265686867 -0.033153460129 0.006517408791 0.004213588462 0.017391339798 0.039420849741
966 967 1785749565.022901535 1785749565.057167530 0.034265995 -0.002560765169 0.005999724043 0.007160255219 -0.033167308567 0.006885403255 0.004234904067 0.019249277723 0.040370431042
967 968 1785749565.062903643 1785749565.090490580 0.027586937 -0.002581888071 0.005990669295 0.007194343681 -0.033173573562 0.006878452771 0.004207896893 0.021796055904 0.041651967423
968 969 1785749565.092894316 1785749565.123911858 0.031017542 -0.002565292543 0.005444749406 0.007197539474 -0.033161982245 0.006803394291 0.004222470666 0.022151338960 0.041743800893
969 970 1785749565.122884035 1785749565.157168388 0.034284353 -0.002593339663 0.005464190482 0.007265869254 -0.033161982245 0.006787808233 0.004237886524 0.022306645807 0.041841524597
970 971 1785749565.163103819 1785749565.190541983 0.027438164 -0.002572300691 0.006239436675 0.007224983166 -0.033174765418 0.006943379503 0.004201210856 0.022481249321 0.042066376190
971 972 1785749565.192911148 1785749565.223830700 0.030919552 -0.002562895698 0.006547298097 0.007157241812 -0.033114045345 0.006928592393 0.004211609844 0.022641299220 0.042137550197
972 973 1785749565.222897291 1785749565.257158041 0.034260750 -0.002553840950 0.006573635258 0.007077432305 -0.032963310427 0.007225773037 0.004167619391 0.022653306421 0.042061357630
973 974 1785749565.262910366 1785749565.290492535 0.027582169 -0.002552159124 0.006611746596 0.006987208809 -0.032978097538 0.007918298513 0.004174853062 0.022730893969 0.042230641760
974 975 1785749565.292901278 1785749565.323823452 0.030922174 -0.002549313576 0.006652997458 0.006975729082 -0.032962777795 0.007838002302 0.004181417192 0.022773393430 0.042231657193
975 976 1785749565.332909107 1785749565.357168674 0.024259567 -0.002555088601 0.006945706996 0.007021703311 -0.032795713666 0.007876060638 0.004171510044 0.022762537765 0.042156866919
976 977 1785749565.362918377 1785749565.390498400 0.027580023 -0.002564942297 0.007001899695 0.007013054604 -0.032838141856 0.007822758019 0.004172352128 0.022737265396 0.042174866055
977 978 1785749565.392904282 1785749565.423841238 0.030936956 -0.002562895698 0.007020681547 0.006993600395 -0.032788256815 0.008244367346 0.004195011973 0.022819707114 0.042262813280
978 979 1785749565.432910919 1785749565.457177401 0.024266481 -0.002563694646 0.006976571531 0.007036490421 -0.032832282902 0.008700587901 0.004175547921 0.022920710320 0.042440670004
979 980 1785749565.462911844 1785749565.490506172 0.027594328 -0.002581888071 0.006921459098 0.007014905684 -0.032826956580 0.008900477297 0.004198841672 0.022928537577 0.042473018788
980 981 1785749565.492904425 1785749565.523832560 0.030928135 -0.002600796514 0.007255937129 0.007557434261 -0.032251181152 0.008368275446 0.004166716354 0.022939306969 0.042074548456
981 982 1785749565.532913208 1785749565.557180166 0.024266958 -0.002570352549 0.007879943907 0.007783199524 -0.032061564082 0.008040137395 0.004183547721 0.022955448163 0.042027619439
982 983 1785749565.562913895 1785749565.590506792 0.027592897 -0.002577627013 0.007940537388 0.007890959091 -0.032052382743 0.007835414370 0.004186058499 0.023007271030 0.042042479639
983 984 1785749565.592909575 1785749565.623837471 0.030927896 -0.002569903846 0.007875416533 0.008388031542 -0.032067423037 0.007713176673 0.004200809974 0.023207433839 0.042225941895
984 985 1785749565.632887840 1785749565.657150030 0.024262190 -0.002565825175 0.007883672332 0.008934977299 -0.032082210147 0.007619855841 0.004133814590 0.023993711056 0.042763145018
985 986 1785749565.663090229 1785749565.690494537 0.027404308 -0.002524994881 0.007876215481 0.009126686897 -0.032085938572 0.007523086032 0.004123354649 0.024328231300 0.042972967694
986 987 1785749565.703090191 1785749565.723830700 0.020740509 -0.002614911268 0.008085007311 0.008909390746 -0.032067296445 0.007503099191 0.004144142780 0.024492587263 0.043049402976
987 988 1785749565.732899666 1785749565.757155418 0.024255753 -0.002545585151 0.008322533146 0.008818340168 -0.032026410356 0.007443753362 0.004191410139 0.024606282212 0.043100407802
988 989 1785749565.762907982 1785749565.790513754 0.027605772 -0.002565292543 0.008609383729 0.008906448137 -0.032026410356 0.007402600957 0.004140145223 0.024659961790 0.043194571553
989 990 1785749565.803159237 1785749565.823849440 0.020690203 -0.002612780739 0.008680461996 0.008994865085 -0.032056237760 0.007390743324 0.004157869311 0.024789681657 0.043325815649
990 991 1785749565.832924604 1785749565.857175827 0.024251223 -0.002580556490 0.008674603042 0.008906224484 -0.032069553566 0.007358168829 0.004146430378 0.024864073412 0.043350234027
991 992 1785749565.862910271 1785749565.890504122 0.027593851 -0.002590143870 0.008696973595 0.008924460571 -0.032025345092 0.007385066756 0.004134504291 0.025578972281 0.043743937630
992 993 1785749565.902902603 1785749565.923848629 0.020946026 -0.002588013341 0.008680461996 0.008826359181 -0.032064633284 0.007339526701 0.004161293443 0.026404521742 0.044232084976
993 994 1785749565.932919979 1785749565.957179546 0.024259567 -0.002586864148 0.008697001729 0.008784407828 -0.032053041967 0.007322342746 0.004127047440 0.026472490488 0.044253079010
994 995 1785749565.972906351 1785749566.007172585 0.034266233 -0.002592540715 0.008709784902 0.008849135775 -0.032076477784 0.007317016424 0.004182801752 0.026202488593 0.044129289817
995 996 1785749566.002900124 1785749566.040575266 0.037675142 -0.002611981791 0.008702299917 0.008808908910 -0.032090858854 0.007337256448 0.004139146070 0.025098453030 0.043484166978
996 997 1785749566.032920122 1785749566.073832273 0.040912151 -0.002556237795 0.008687119899 0.009052195242 -0.032161166307 0.007300897733 0.004107426319 0.024714888409 0.043350698132
997 998 1785749566.072893620 1785749566.107272625 0.034379005 -0.002576828065 0.008675135674 0.009161105398 -0.032164362100 0.007306883280 0.004170571371 0.025201895224 0.043661078720
998 999 1785749566.102899551 1785749566.140625238 0.037725687 -0.002602927043 0.008708158872 0.009105081954 -0.032360903389 0.007331524086 0.004185099666 0.025051912334 0.043721876239
999 1000 1785749566.132916451 1785749566.173841953 0.040925503 -0.002572749394 0.008706827291 0.009029883750 -0.032488917508 0.007309280125 0.004156834524 0.024783265469 0.043639563916
1000 1001 1785749566.172900438 1785749566.207161903 0.034261465 -0.002569903846 0.008670075668 0.008991128190 -0.032710310124 0.007303154854 0.004182431347 0.025008755969 0.043918630105
1001 1002 1785749566.202897072 1785749566.240515232 0.037618160 -0.002629642583 0.008664231715 0.009000715569 -0.032727886987 0.007286643255 0.004131344132 0.024986430421 0.043915786207
1002 1003 1785749566.242911339 1785749566.273843050 0.030931711 -0.002578958593 0.008667427509 0.008447969919 -0.032736941735 0.007295698003 0.004158959894 0.024833391012 0.043727249432
1003 1004 1785749566.272898197 1785749566.307230473 0.034332275 -0.002596269141 0.008667678823 0.007750095122 -0.032709244859 0.007298627480 0.004176541916 0.024960527885 0.043652827641
1004 1005 1785749566.302891016 1785749566.340514421 0.037623405 -0.002604524940 0.008702299917 0.007363404131 -0.032702503028 0.007265254037 0.004182355392 0.024825836626 0.043506151010
1005 1006 1785749566.342918873 1785749566.373841524 0.030922651 -0.002587663096 0.008706827291 0.006429699853 -0.032711908021 0.007259395083 0.004037792619 0.024805256673 0.043338414290
1006 1007 1785749566.372904778 1785749566.407172680 0.034267902 -0.002607454417 0.008692446221 0.006258065687 -0.032709244859 0.007309280125 0.004035586135 0.024739660851 0.043280224996
1007 1008 1785749566.402972937 1785749566.440572262 0.037599325 -0.002580556490 0.008204821426 0.006192902169 -0.032739604896 0.007065250640 0.004057505170 0.024814437067 0.043201267738
1008 1009 1785749566.442909956 1785749566.473905325 0.030995369 -0.002544253570 0.007902567644 0.006144615025 -0.033300872662 0.006653077232 0.004061243912 0.024813599668 0.043498276778
1009 1010 1785749566.472879410 1785749566.507199049 0.034319639 -0.002581005193 0.007920129505 0.006013714091 -0.034360278143 0.006602393242 0.004063450396 0.024806954424 0.044290763415
1010 1011 1785749566.512912035 1785749566.540507078 0.027595043 -0.002611182843 0.007920129505 0.005866581007 -0.035084966939 0.006574696367 0.004071023995 0.024627765399 0.044735278051
1011 1012 1785749566.542896748 1785749566.573829412 0.030932665 -0.002599198618 0.007413862582 0.005853265201 -0.035344582482 0.006619703789 0.004052452664 0.024652028299 0.044868549858
1012 1013 1785749566.572895527 1785749566.607167959 0.034272432 -0.002610383894 0.006913454613 0.005842079925 -0.035260202939 0.006589077437 0.004032973611 0.024639630533 0.044708097458
1013 1014 1785749566.612909794 1785749566.640587330 0.027677536 -0.002589793625 0.006712918583 0.005875635754 -0.035295174278 0.006582153218 0.004059260608 0.024982948556 0.044899808307
1014 1015 1785749566.642876863 1785749566.673822641 0.030945778 -0.002597068089 0.006715848060 0.005815042273 -0.035288782691 0.006592805862 0.004032643999 0.025701223239 0.045290622220
1015 1016 1785749566.672904968 1785749566.707160473 0.034255505 -0.002575230168 0.006710803056 0.005815042273 -0.035313816406 0.006598664817 0.004051326920 0.026480884224 0.045757402574
1016 1017 1785749566.712909460 1785749566.740587473 0.027678013 -0.002610383894 0.006739816510 0.006580840811 -0.035264463996 0.006581620586 0.004017638867 0.026122048505 0.045617427449
1017 1018 1785749566.742906809 1785749566.773843288 0.030936480 -0.002611182843 0.007765414848 0.006572318696 -0.035303878780 0.006575495315 0.004064627250 0.025366185654 0.045385910606
1018 1019 1785749566.772904634 1785749566.807159662 0.034255028 -0.002573099639 0.008454892252 0.006626241142 -0.035317544831 0.006609850093 0.004038137706 0.024652462602 0.045134052289
1019 1020 1785749566.812902212 1785749566.840560198 0.027657986 -0.002634169957 0.008637080605 0.006727441263 -0.035285054266 0.006608518513 0.004084344959 0.025386641670 0.045570467401
1020 1021 1785749566.842907429 1785749566.873818874 0.030911446 -0.002596269141 0.008654895650 0.007161942561 -0.035267127157 0.006580821637 0.004018901993 0.025600607819 0.045733591797
1021 1022 1785749566.882891178 1785749566.907197475 0.024306297 -0.002606655469 0.008826669540 0.008109621869 -0.035702287679 0.006604790087 0.004020332505 0.025318280328 0.046107761870
1022 1023 1785749566.912888765 1785749566.940608025 0.027719259 -0.002553308318 0.008968083394 0.009047181164 -0.036338600793 0.006571766890 0.004041475566 0.024524147179 0.046370753039
1023 1024 1785749566.942886353 1785749566.973812819 0.030926466 -0.002581355438 0.009384601788 0.009333513644 -0.036739322608 0.006554456343 0.004047887313 0.024401042078 0.046758780923
1024 1025 1785749566.982887983 1785749567.007153988 0.024266005 -0.002611182843 0.009548134881 0.009503832628 -0.037731434043 0.006522358685 0.004040988413 0.024074742922 0.047438729979
1025 1026 1785749567.012923241 1785749567.040505171 0.027581930 -0.002607454417 0.009522834851 0.009369009146 -0.038914145280 0.006532884738 0.004035104140 0.023842172981 0.048238802827
1026 1027 1785749567.042895794 1785749567.073835850 0.030940056 -0.002606206766 0.009487863511 0.009179451137 -0.039941413707 0.006549396336 0.004040912457 0.023566434512 0.048897761925
1027 1028 1785749567.082887650 1785749567.107159376 0.024271727 -0.002614112320 0.009504725355 0.008607392399 -0.040445018866 0.006342468720 0.004022402080 0.023510212259 0.049154825304
1028 1029 1785749567.112901688 1785749567.140507221 0.027605534 -0.002603277289 0.009513780103 0.007965108741 -0.040581473041 0.006130481097 0.004053781902 0.023416630743 0.049091165370
1029 1030 1785749567.142882824 1785749567.173834562 0.030951738 -0.002607804662 0.009549732778 0.007741403209 -0.040531435143 0.005695320575 0.004055694409 0.023304436629 0.048915301285
1030 1031 1785749567.182898760 1785749567.207246780 0.024348021 -0.002571501742 0.008621621138 0.007203906504 -0.040696915904 0.005230332649 0.004019880986 0.023836531056 0.048997716690
1031 1032 1785749567.212877512 1785749567.240553141 0.027675629 -0.002598399669 0.007276458471 0.007088731353 -0.041441565275 0.004314205234 0.004042393606 0.024132231948 0.049443603277
1032 1033 1785749567.252882957 1785749567.273831367 0.020948410 -0.002604524940 0.006770724180 0.007118026125 -0.041934747974 0.003960803757 0.004060812553 0.024075516910 0.049735543821
1033 1034 1785749567.282958031 1785749567.307166815 0.024208784 -0.002626446790 0.006683106181 0.007008963113 -0.042288690011 0.003936036359 0.004050098955 0.023917748503 0.049929704335
1034 1035 1785749567.312897205 1785749567.340572596 0.027675390 -0.002613130985 0.006646073240 0.006999781773 -0.042927760936 0.003962135337 0.004085780629 0.023540382293 0.050292445408
1035 1036 1785749567.352915287 1785749567.373832703 0.020917416 -0.002622718364 0.006591759755 0.007002977566 -0.042059604071 0.003969059556 0.004042008199 0.023139245967 0.049354816438
1036 1037 1785749567.382876873 1785749567.407251596 0.024374723 -0.002621919416 0.006598683974 0.006992984146 -0.041919098817 0.003923379777 0.004078313461 0.022786102337 0.049068949182
1037 1038 1785749567.412905931 1785749567.440681219 0.027775288 -0.002582687019 0.005632222814 0.007813111170 -0.042143379102 0.003979445885 0.004065281789 0.022711654787 0.049230915927
1038 1039 1785749567.452897549 1785749567.473828316 0.020930767 -0.002606206766 0.005030599722 0.009391497821 -0.042427043216 0.003979796130 0.004019683124 0.022985097662 0.049806272886
1039 1040 1785749567.482878447 1785749567.507156134 0.024277687 -0.002637099434 0.004886271393 0.010485553927 -0.042164997489 0.003974918511 0.004035586135 0.023280930304 0.049927461826
1040 1041 1785749567.522890091 1785749567.540526152 0.017636061 -0.002607005714 0.004946738282 0.012265814247 -0.041213858796 0.003981926659 0.004054481920 0.023483892709 0.049639569244
1041 1042 1785749567.552895784 1785749567.590759516 0.037863731 -0.002604875185 0.004863900840 0.011323168993 -0.041182101044 0.003941096365 0.004081428141 0.023792348144 0.049526645707
1042 1043 1785749567.582904577 1785749567.623807669 0.040903091 -0.002593689909 0.004890798767 0.010709424675 -0.041516188037 0.003977315356 0.004030173541 0.023938146312 0.049739611689
1043 1044 1785749567.622882843 1785749567.657154322 0.034271479 -0.002571501742 0.004884392178 0.010585113571 -0.042116255895 0.003947348227 0.004060340874 0.023753700343 0.050125839186
1044 1045 1785749567.652871847 1785749567.690532684 0.037660837 -0.002604875185 0.004872156639 0.010642879299 -0.043166624423 0.003964532182 0.004037884049 0.023536363872 0.050922824708
1045 1046 1785749567.682883024 1785749567.723797560 0.040914536 -0.002615261513 0.004905431151 0.010429002595 -0.043436855465 0.003981576413 0.004083563828 0.023346953089 0.051029756203
1046 1047 1785749567.722878218 1785749567.757122993 0.034244776 -0.002605674133 0.004868428214 0.010248316947 -0.043979691082 0.003975717459 0.004091274336 0.023204871090 0.051388162608
1047 1048 1785749567.752872705 1785749567.790513039 0.037640333 -0.002578958593 0.003937387097 0.010012546527 -0.042972352616 0.003999013552 0.004067797725 0.022992921895 0.050301508594
1048 1049 1785749567.792869329 1785749567.823797703 0.030928373 -0.002621386784 0.003191686990 0.009932148592 -0.042593660433 0.004019925933 0.004048698921 0.022895581003 0.049866676410
1049 1050 1785749567.822877884 1785749567.857142210 0.034264326 -0.002631773112 0.003049474187 0.010492004114 -0.041730503117 0.003991430109 0.004080286921 0.022822787145 0.049205715441
1050 1051 1785749567.852890968 1785749567.890808821 0.037917852 -0.002638431015 0.003037489963 0.011420670843 -0.041382085645 0.004047973054 0.004036534651 0.022576399716 0.049004794871
1051 1052 1785749567.892901182 1785749567.924002409 0.031101227 -0.002636019168 0.003055333142 0.014204446324 -0.041331976950 0.004600495051 0.004051615739 0.022603868253 0.049748339434
1052 1053 1785749567.922896862 1785749567.957163334 0.034266472 -0.002620587836 0.003206096194 0.014447242998 -0.041320791674 0.004769605780 0.004072337758 0.022500886901 0.049788554645
1053 1054 1785749567.952889919 1785749567.990665436 0.037775517 -0.002592890960 0.003534730272 0.012665765182 -0.041343694859 0.005096908278 0.004066737619 0.022560308686 0.049400652534
1054 1055 1785749567.992893934 1785749568.023970366 0.031076431 -0.002628044687 0.003536328169 0.011828863821 -0.041341031698 0.005428738150 0.004046868000 0.022542062282 0.049217964885
1055 1056 1785749568.022886038 1785749568.057284117 0.034398079 -0.002661319198 0.003500347360 0.010949483679 -0.041285708744 0.005451235295 0.004040344190 0.022480352427 0.048940193947
1056 1057 1785749568.052882433 1785749568.090538025 0.037655592 -0.002625914158 0.003523516861 0.010489822929 -0.041336238008 0.005517954046 0.004062425925 0.022528411233 0.048913310948
1057 1058 1785749568.092883825 1785749568.123810530 0.030926704 -0.002613130985 0.003537926065 0.010276223735 -0.041278784526 0.005539119611 0.004029889408 0.022523084911 0.048816958213
1058 1059 1785749568.122879982 1785749568.157285213 0.034405231 -0.002638431015 0.003525114758 0.009887132092 -0.041277186629 0.005540324599 0.004025882007 0.022474630381 0.048713049613
1059 1060 1785749568.162893295 1785749568.190543652 0.027650356 -0.002630175216 0.003551241871 0.009411065275 -0.041276653997 0.005560564624 0.004081960773 0.022501718669 0.048639172290
1060 1061 1785749568.192903280 1785749568.223894596 0.030991316 -0.002603277289 0.003529642132 0.009111002479 -0.041282512951 0.005521682472 0.004073809063 0.022449175152 0.048554526365
1061 1062 1785749568.222916603 1785749568.257380009 0.034463406 -0.002614112320 0.002666007125 0.008978056342 -0.041347423285 0.005552308824 0.004031046102 0.022472788671 0.048541320355
1062 1063 1785749568.262897968 1785749568.290546179 0.027648211 -0.002617658358 0.002372932813 0.010393948900 -0.041267837431 0.005560564624 0.004052067257 0.022402354153 0.048710944612
1063 1064 1785749568.292887926 1785749568.323790550 0.030902624 -0.002630974164 0.002249362138 0.011071013040 -0.041388506762 0.005528466966 0.004043296643 0.022439988654 0.048969610601
1064 1065 1785749568.322884798 1785749568.357187033 0.034302235 -0.002618989939 0.001933244917 0.011227969748 -0.041385016519 0.005693190046 0.004026866158 0.022473017009 0.049020893490
1065 1066 1785749568.362911224 1785749568.390562296 0.027651072 -0.002660786566 0.000785506416 0.011946368138 -0.041393538634 0.005642982893 0.004052026937 0.022436513885 0.049147704844
1066 1067 1785749568.392894506 1785749568.423827887 0.030933380 -0.002616578092 0.000812093495 0.011086171226 -0.041417268902 0.005949512735 0.004060406986 0.022384979837 0.048977242282
1067 1068 1785749568.432900667 1785749568.457177162 0.024276495 -0.002616060462 0.000854605614 0.011958188083 -0.041389572027 0.007657930574 0.004070780655 0.022363780980 0.049386464881
1068 1069 1785749568.462898016 1785749568.490515947 0.027617931 -0.002595820437 0.000914750392 0.012474274822 -0.041375429139 0.008990732506 0.004089336511 0.022373951629 0.049731864799
1069 1070 1785749568.492899656 1785749568.523821592 0.030921936 -0.002608603611 0.000955902797 0.013724999717 -0.041382885990 0.009217334176 0.004038198660 0.022389078668 0.050111621151
1070 1071 1785749568.532904148 1785749568.557168245 0.024264097 -0.002569371214 0.000944717521 0.013720117205 -0.041407148890 0.009831792429 0.004081352186 0.022394075378 0.050250412387
1071 1072 1785749568.562894344 1785749568.590535641 0.027641296 -0.002644274968 0.000975217281 0.012444468018 -0.041387679680 0.009826703746 0.004038218820 0.022383290510 0.049896202904
1072 1073 1785749568.592902660 1785749568.623823166 0.030920506 -0.002630692846 0.000957906734 0.011801073479 -0.041387679680 0.010045618312 0.004060467939 0.022385882875 0.049785269849
1073 1074 1785749568.632900953 1785749568.657172203 0.024271250 -0.002610734140 0.001045524734 0.012013639120 -0.041379690197 0.010588387794 0.004018171499 0.022371415533 0.049932506763
1074 1075 1785749568.662898779 1785749568.690482378 0.027583599 -0.002595820437 0.001113042434 0.011925997106 -0.041398094142 0.010062320538 0.004053787061 0.022405164066 0.049836569041
1075 1076 1785749568.692891359 1785749568.723818302 0.030926943 -0.002621386784 0.001105319267 0.012440252971 -0.041392473370 0.009564665175 0.004049956889 0.022385537788 0.049851654113
1076 1077 1785749568.732908010 1785749568.757159472 0.024251461 -0.002613130985 0.001099460312 0.012721360310 -0.041381288093 0.009618057713 0.004033536720 0.022424070167 0.049938929248
1077 1078 1785749568.762901545 1785749568.790493727 0.027592182 -0.002616060462 0.001130436910 0.012229439180 -0.041374896507 0.009318046904 0.004022356128 0.022410013551 0.049747130147
1078 1079 1785749568.802895784 1785749568.823826075 0.020930290 -0.002602128095 0.001096530835 0.012050981976 -0.041383951254 0.008736467775 0.003975200360 0.022390514338 0.049591271993
1079 1080 1785749568.832904816 1785749568.857157946 0.024253130 -0.002616578092 0.001109846641 0.011158465150 -0.041388212312 0.008526128640 0.003980607795 0.022394115698 0.049351901982
1080 1081 1785749568.862910509 1785749568.890482903 0.027572393 -0.002649334974 0.001106917163 0.011378154338 -0.041382885990 0.008387412139 0.004027997061 0.022403033537 0.049383390374
1081 1082 1785749568.902889013 1785749568.923820496 0.020931482 -0.002613130985 0.001077622391 0.012243702752 -0.041385016519 0.008431189705 0.004004855220 0.022373571380 0.049581428927
1082 1083 1785749568.932940960 1785749568.957144737 0.024203777 -0.002657590773 0.001103987686 0.012997422727 -0.041384483887 0.008907436971 0.004047461113 0.022401572549 0.049874291064
1083 1084 1785749568.962892532 1785749568.990476370 0.027583838 -0.002643476019 0.000904334534 0.013756833798 -0.041353058586 0.009170478019 0.003979461417 0.022320469912 0.050052661012
1084 1085 1785749569.002879381 1785749569.023810863 0.020931482 -0.002601146760 0.000734830896 0.013925297351 -0.041362113334 0.010270711383 0.003994826638 0.022371846419 0.050338751782
1085 1086 1785749569.032896996 1785749569.057163715 0.024266720 -0.002617658358 0.000601672842 0.014225494979 -0.041364903087 0.010338159613 0.004016157245 0.022320469912 0.050416708546
1086 1087 1785749569.062896490 1785749569.090510130 0.027613640 -0.002598749915 0.000648684201 0.013539114207 -0.041360109397 0.009878654986 0.004011404349 0.022331178352 0.050134830915
1087 1088 1785749569.102887869 1785749569.123824120 0.020936251 -0.002628562317 0.000641633390 0.013314798958 -0.041357319644 0.010769121717 0.004009821454 0.022311019441 0.050248055005
1088 1089 1785749569.132897139 1785749569.157158613 0.024261475 -0.002634169957 0.000694447909 0.012193148012 -0.041379690197 0.010349260189 0.004034221262 0.022289034295 0.049885427791
1089 1090 1785749569.172888279 1785749569.207148075 0.034259796 -0.002656259192 0.000494414981 0.010365077155 -0.041379690197 0.008996062422 0.004001416087 0.022332938475 0.049221076329
1090 1091 1785749569.203008652 1785749569.240486622 0.037477970 -0.002627763369 -0.000682481833 0.010094055947 -0.041327086199 0.008514866672 0.003993142470 0.022309249001 0.049023868402
1091 1092 1785749569.232905626 1785749569.273811340 0.040905714 -0.002657058141 -0.000736747451 0.009996613781 -0.041383951254 0.008457164668 0.004042048519 0.022267378761 0.049029219967
1092 1093 1785749569.272882223 1785749569.307165861 0.034283638 -0.002620587836 -0.001410924777 0.010406207957 -0.041451595546 0.008296102483 0.004001984354 0.022295106113 0.049165995143
1093 1094 1785749569.302883148 1785749569.340564489 0.037681341 -0.002633089691 -0.001703791833 0.011082583343 -0.041446928448 0.008488328315 0.004005793893 0.022576863398 0.049480505883
1094 1095 1785749569.332899809 1785749569.373822451 0.040922642 -0.002619507569 -0.001749754326 0.011075609388 -0.041488473761 0.008934258206 0.003999331036 0.022540106616 0.049575781014
1095 1096 1785749569.372885942 1785749569.407148838 0.034262896 -0.002621638098 -0.001723165378 0.011687754724 -0.041474625323 0.009171606317 0.004011576892 0.022770711048 0.049852851821
1096 1097 1785749569.402897835 1785749569.440629721 0.037731886 -0.002602478340 -0.001690408497 0.012135987192 -0.041497401917 0.009448921508 0.004018774928 0.022845716076 0.050063023660
1097 1098 1785749569.432890415 1785749569.473807573 0.040917158 -0.002622718364 -0.001689736140 0.011568640939 -0.041493267451 0.009630984123 0.004002471035 0.022815289928 0.049945686909
1098 1099 1785749569.472889900 1785749569.507168055 0.034278154 -0.002641079174 -0.001656040587 0.012054793887 -0.041506583257 0.009349569513 0.003978669970 0.022778979507 0.049999584509
1099 1100 1785749569.502906561 1785749569.540679216 0.037772655 -0.002653862347 -0.001679882444 0.010897388198 -0.041514040108 0.009178712693 0.003998306565 0.022891152041 0.049762170871
1100 1101 1785749569.542901516 1785749569.573816061 0.030914545 -0.002606206766 -0.001684409818 0.010628091479 -0.041474625323 0.009434354555 0.004020880139 0.022885069907 0.049715504342
1101 1102 1785749569.572881699 1785749569.607145786 0.034264088 -0.002607005714 -0.001670421656 0.010536255084 -0.041491669554 0.009803307355 0.004019530740 0.022849205846 0.049764503124
1102 1103 1785749569.602878571 1785749569.640555620 0.037677050 -0.002610201507 -0.001708378268 0.010582594087 -0.041523500896 0.010321338970 0.004015995019 0.022854364783 0.049908960881
1103 1104 1785749569.642892838 1785749569.673804522 0.030911684 -0.002660337863 -0.001680009036 0.010635983901 -0.041502854831 0.010596603753 0.004007193928 0.022795688494 0.049934957382
1104 1105 1785749569.672967196 1785749569.707156897 0.034189701 -0.002631491794 -0.001509972767 0.010689500306 -0.041508181153 0.010467487223 0.003977158345 0.022813463220 0.049922334356
1105 1106 1785749569.702895641 1785749569.740498066 0.037602425 -0.002625366524 -0.001312226490 0.010759807759 -0.041504452728 0.010325332940 0.004017197191 0.022837700801 0.049913109485
1106 1107 1785749569.742906094 1785749569.773819447 0.030913353 -0.002601945708 -0.001349777061 0.010999730439 -0.041383951254 0.009647191257 0.004001603632 0.023826610812 0.050189700381
1107 1108 1785749569.772888422 1785749569.807151556 0.034263134 -0.002610201507 -0.001635394522 0.011003220683 -0.041384483887 0.009417059404 0.004013945603 0.026214211561 0.051334313028
1108 1109 1785749569.812892199 1785749569.840535879 0.027643681 -0.002602478340 -0.001727945936 0.010973098828 -0.041326020935 0.009274514151 0.003977802567 0.026951203289 0.051635399481
1109 1110 1785749569.842895985 1785749569.873883486 0.030987501 -0.002581956998 -0.001889992722 0.011005589393 -0.041292338513 0.009167543666 0.004016329789 0.026062620747 0.051145417725
1110 1111 1785749569.872889996 1785749569.907161951 0.034271955 -0.002601398074 -0.001868154801 0.010974767522 -0.040414687210 0.009203555402 0.004032760274 0.024586632041 0.049694273325
1111 1112 1785749569.912895679 1785749569.940503836 0.027608156 -0.002600865442 -0.001316081507 0.010911875654 -0.038842889534 0.009082537695 0.004023482346 0.023846509028 0.047996589079
1112 1113 1785749569.942890167 1785749569.973824263 0.030934095 -0.002559867763 -0.000441233089 0.010864009551 -0.037736079785 0.009293882491 0.004044767475 0.023676121094 0.047032766625
1113 1114 1785749569.972890854 1785749570.007165909 0.034275055 -0.002600865442 0.001298610051 0.010879455885 -0.037272689756 0.010586728537 0.004003429867 0.023602206176 0.046917344973
1114 1115 1785749570.012893915 1785749570.040506601 0.027612686 -0.002572650936 0.003208629185 0.010761241063 -0.035623533817 0.010196393904 0.003963756268 0.023602982149 0.045590929839
1115 1116 1785749570.042883635 1785749570.073804617 0.030920982 -0.002547084590 0.003974947222 0.011007879310 -0.034464526110 0.009642899896 0.004029366619 0.023524877443 0.044653174408
1116 1117 1785749570.072875261 1785749570.107154608 0.034279346 -0.002609653873 0.004097718949 0.010807191820 -0.033935748910 0.009510042351 0.003974079300 0.023564748904 0.044199136256
1117 1118 1785749570.112892866 1785749570.140511274 0.027618408 -0.002606724396 0.004109703174 0.010598235398 -0.032927882161 0.009643487782 0.003969701494 0.023487470808 0.043366684920
1118 1119 1785749570.142901659 1785749570.173814058 0.030912399 -0.002593941223 0.003969088268 0.010550551682 -0.032003359223 0.009348498124 0.003992883655 0.023354225535 0.042506102180
1119 1120 1785749570.182886124 1785749570.207150936 0.024264812 -0.002571570670 0.003440983424 0.010494934278 -0.031244231720 0.009150810908 0.003988429893 0.023350085911 0.041829062018
1120 1121 1785749570.212904215 1785749570.240517855 0.027613640 -0.002581956998 0.003466283454 0.010506119555 -0.030901749204 0.009047831899 0.004011744277 0.023329714137 0.041547697780
1121 1122 1785749570.242909431 1785749570.273831129 0.030921698 -0.002558269866 0.003482262421 0.010441924240 -0.030769880067 0.008985711319 0.004009801294 0.023335704841 0.041423022973
1122 1123 1785749570.282901049 1785749570.307151318 0.024250269 -0.002573982517 0.003472408725 0.010351279702 -0.030751308736 0.009508238053 0.004013874806 0.023359374156 0.041516901758
1123 1124 1785749570.312899828 1785749570.340509415 0.027609587 -0.002624385188 0.003450570804 0.010513985712 -0.030828637470 0.009447156472 0.004008878096 0.024219458440 0.042090909427
1124 1125 1785749570.342886209 1785749570.373808384 0.030922174 -0.002612849667 0.003459625551 0.010657923003 -0.030802538491 0.010012841418 0.004001776176 0.026084977869 0.043334523983
1125 1126 1785749570.382884026 1785749570.407171488 0.024287462 -0.002602995971 0.003833406777 0.010666977751 -0.031154313937 0.012717700990 0.003990108903 0.025396064878 0.043914317546
1126 1127 1785749570.412909269 1785749570.440656424 0.027747154 -0.002603794919 0.004443929890 0.010569535585 -0.031240067724 0.012769509617 0.004018287774 0.024815449762 0.043694378748
1127 1128 1785749570.452883720 1785749570.473817110 0.020933390 -0.002609653873 0.006402418556 0.010469612646 -0.027774930372 0.014912843035 0.003991078053 0.024405486555 0.041985832946
1128 1129 1785749570.482892752 1785749570.507151842 0.024259090 -0.002555340389 0.007103755463 0.011623323560 -0.022081105636 0.012780957484 0.004139164811 0.023602553734 0.037646196158
1129 1130 1785749570.512898922 1785749570.540546894 0.027647972 -0.002551611963 0.008176210434 0.016402294798 -0.018521156713 0.010942382176 0.004147139293 0.022776996230 0.036621792836
1130 1131 1785749570.552889824 1785749570.573841810 0.020951986 -0.002609471486 0.009923768271 0.015508498851 -0.021017249783 0.010274752017 0.004117636342 0.022715748210 0.037763203227
1131 1132 1785749570.582905531 1785749570.607189417 0.024283886 -0.002647456232 0.009643692316 0.013580154808 -0.024203911718 0.012192309520 0.004135745838 0.022766104930 0.039424765209
1132 1133 1785749570.612907171 1785749570.640583992 0.027676821 -0.002621988344 0.009626830472 0.012995979507 -0.025992642709 0.012555221291 0.004064301377 0.022691404196 0.040411824976
1133 1134 1785749570.652894020 1785749570.673842669 0.020948648 -0.002633972568 0.009128020400 0.013498903297 -0.027524598499 0.011568811604 0.004050716440 0.022746559765 0.041203569838
1134 1135 1785749570.682896376 1785749570.707229853 0.024333477 -0.002628113614 0.009090736144 0.013657906062 -0.027527794293 0.010153687379 0.004039145756 0.022729474741 0.040864500600
1135 1136 1785749570.712899685 1785749570.740519524 0.027619839 -0.002630244143 0.009104051950 0.013814060013 -0.027649640479 0.009436270637 0.004062789752 0.022724148418 0.040829758807
1136 1137 1785749570.752890587 1785749570.773820639 0.020930052 -0.002601748319 0.009116835123 0.013333477016 -0.027775341682 0.008964478009 0.004067126765 0.022725645042 0.040650895692
1137 1138 1785749570.782907248 1785749570.807174921 0.024267673 -0.002629445195 0.009098725628 0.012104292569 -0.028648325887 0.009463688918 0.004027828256 0.022710198707 0.040969246985
1138 1139 1785749570.822908878 1785749570.857176542 0.034267664 -0.002630594388 0.009073425597 0.011185193868 -0.029424903661 0.008927594048 0.004037953427 0.022728840835 0.041143502589
1139 1140 1785749570.852898836 1785749570.890543222 0.037644386 -0.002638051239 0.009110177220 0.010618482513 -0.029626112048 0.008750695887 0.003990006211 0.022726111562 0.041102120433
1140 1141 1785749570.882917166 1785749570.923834085 0.040916920 -0.002598818842 0.009137425392 0.010435722131 -0.029559126980 0.008635048561 0.004010337665 0.022745976496 0.040999012244
1141 1142 1785749570.922903776 1785749570.957169056 0.034265280 -0.002653763890 0.009132898019 0.010294324675 -0.029867521034 0.008661852692 0.004005011343 0.022726339901 0.041183110075
1142 1143 1785749570.952887535 1785749570.990566969 0.037679434 -0.002606275693 0.009011906576 0.010209133051 -0.029880710248 0.008427203332 0.004000374721 0.022690871564 0.041072944646
1143 1144 1785749570.982908726 1785749571.023832560 0.040923834 -0.002619058866 0.008487530157 0.010432741521 -0.029881902104 0.008835503385 0.003983969554 0.022688710558 0.041102110978
1144 1145 1785749571.022887230 1785749571.057179451 0.034292221 -0.002620208060 0.008361380251 0.012241146023 -0.029857933654 0.009062654086 0.004040114432 0.022710863090 0.041621599609
1145 1146 1785749571.052893639 1785749571.090539932 0.037646294 -0.002630244143 0.008307234152 0.012598013729 -0.029880177616 0.008655647070 0.004016262731 0.022733426346 0.041657202903
1146 1147 1785749571.092912674 1785749571.123836517 0.030923843 -0.002617811215 0.008336262607 0.013105798740 -0.029859531551 0.009471326841 0.003995170306 0.022736997703 0.041980212926
1147 1148 1785749571.122882843 1785749571.157174349 0.034291506 -0.002637700994 0.008313892054 0.012370452950 -0.029862194712 0.009258556126 0.003942464562 0.022721485257 0.041693966320
1148 1149 1785749571.152888775 1785749571.190621138 0.037732363 -0.002594291468 0.008362179199 0.012036864709 -0.029880710248 0.008769474013 0.003875874745 0.022744657575 0.041516802307
1149 1150 1785749571.193005323 1785749571.223829508 0.030824184 -0.002625534382 0.008601513452 0.012297367250 -0.029861662080 0.008395812306 0.003903536458 0.022721850504 0.041543150090
1150 1151 1785749571.222890377 1785749571.257173300 0.034282923 -0.002624735434 0.009083811925 0.011619368557 -0.029874977885 0.008201602201 0.003911079581 0.022745885066 0.041435093992
1151 1152 1785749571.252895832 1785749571.290607452 0.037711620 -0.002658291263 0.009665179991 0.011290066785 -0.029899352376 0.008033152092 0.003930299819 0.022739716659 0.041460735644
1152 1153 1785749571.292893410 1785749571.323828220 0.030934811 -0.002658291263 0.010030915938 0.011000403449 -0.029885630530 0.008004853657 0.003902486195 0.022762036576 0.041463996007
1153 1154 1785749571.323011637 1785749571.357151270 0.034139633 -0.002631842040 0.010004466714 0.010727054324 -0.029848878907 0.007952094933 0.003924633568 0.022733492458 0.041333902006
1154 1155 1785749571.362959146 1785749571.390496254 0.027537107 -0.002603346216 0.010022309894 0.008998957227 -0.029858466287 0.007919647031 0.003943174422 0.022731732334 0.040923519348
1155 1156 1785749571.393062115 1785749571.423824787 0.030762672 -0.002662818637 0.009806243600 0.008502782182 -0.029838352854 0.007920445979 0.003896749148 0.022809288460 0.040792883950
1156 1157 1785749571.422888041 1785749571.457172155 0.034284115 -0.002623137537 0.009769309590 0.008049076593 -0.029863792609 0.007885418845 0.003934733420 0.022773561308 0.040684776704
1157 1158 1785749571.462889194 1785749571.490541220 0.027652025 -0.002597220945 0.009761852739 0.007617111865 -0.029847281010 0.007870505142 0.003912484774 0.022791980255 0.040591214008
1158 1159 1785749571.493033409 1785749571.523816347 0.030782938 -0.002658641509 0.009763983268 0.007414752888 -0.029886163162 0.007875831465 0.003883509297 0.022793101315 0.040585722688
1159 1160 1785749571.522880793 1785749571.557148218 0.034267426 -0.002625716769 0.009744542192 0.006564768930 -0.029878579719 0.007875032516 0.003920291397 0.022745732209 0.040403333572
1160 1161 1785749571.562893629 1785749571.590636492 0.027742863 -0.002600416739 0.009743743244 0.005981871894 -0.029888293691 0.007902729392 0.003926743937 0.022773637263 0.040339888382
1161 1162 1785749571.593013525 1785749571.623829603 0.030816078 -0.002645508090 0.009624699943 0.005462287769 -0.029880836840 0.007881817011 0.003919601696 0.022766327637 0.040225943754
1162 1163 1785749571.622892618 1785749571.657172441 0.034279823 -0.002615330441 0.009608637047 0.004966377644 -0.029873379989 0.007844266440 0.003851007942 0.022780272190 0.040144154958
1163 1164 1785749571.662904024 1785749571.690548420 0.027644396 -0.002600416739 0.009632955742 0.004562233117 -0.029878173679 0.007860904630 0.003798520693 0.022760874250 0.040091834762
1164 1165 1785749571.692974806 1785749571.723829031 0.030854225 -0.002625534382 0.009581472804 0.004510761914 -0.029863792609 0.007838534077 0.003815321584 0.022803216169 0.040085871536
1165 1166 1785749571.732903004 1785749571.757171392 0.024268389 -0.002644975458 0.009632955742 0.004755993122 -0.029868992339 0.007819891949 0.003814210368 0.022778451113 0.040113871060
1166 1167 1785749571.762902498 1785749571.790597916 0.027695417 -0.002653763890 0.009617243092 0.004900403984 -0.029866988402 0.007824951955 0.003772183059 0.022766753364 0.040116942553
1167 1168 1785749571.792963982 1785749571.823804140 0.030840158 -0.002629795440 0.009606590447 0.004990389299 -0.029900950272 0.007848121457 0.003859783715 0.022780054168 0.040169578355
1168 1169 1785749571.832895279 1785749571.857152700 0.024257421 -0.002641247033 0.009623900994 0.005066596972 -0.029753005108 0.007820074336 0.003833390286 0.022767717355 0.040059016105
1169 1170 1785749571.862966537 1785749571.890571117 0.027604580 -0.002604145164 0.009614047298 0.005068727501 -0.029787626202 0.007841912257 0.003804993393 0.022771572846 0.040083964913
1170 1171 1785749571.892908335 1785749571.923837423 0.030929089 -0.002639298891 0.009613514666 0.005109669385 -0.029693756339 0.007834006703 0.003824584037 0.022777466962 0.040025311428
1171 1172 1785749571.932889462 1785749571.957175493 0.024286032 -0.002644975458 0.009629759949 0.005079309349 -0.029716659525 0.007848121457 0.003837204983 0.022758515383 0.040035916169
1172 1173 1785749571.962908506 1785749571.990681410 0.027772903 -0.002652432309 0.009631357846 0.005109542793 -0.029695354236 0.007852648831 0.003796019759 0.022739792141 0.040011147799
1173 1174 1785749571.992916584 1785749572.023840189 0.030923605 -0.002591011746 0.009617243092 0.005135641772 -0.029692817667 0.007800633260 0.003826841631 0.022780115121 0.040020884361
1174 1175 1785749572.032911062 1785749572.057188749 0.024277687 -0.002601748319 0.009608637047 0.005102085942 -0.029134086470 0.007823270130 0.003828145077 0.022737118664 0.039582269907
1175 1176 1785749572.063127995 1785749572.090497732 0.027369738 -0.002641247033 0.009681873977 0.005127652288 -0.029033951613 0.007811285905 0.003810370352 0.022711851453 0.039513812015
1176 1177 1785749572.102885008 1785749572.123813391 0.020928383 -0.002652432309 0.009687200299 0.005072917762 -0.029029157923 0.007806086174 0.003853392128 0.022723883972 0.039515342162
1177 1178 1785749572.132890940 1785749572.157159567 0.024268627 -0.002660688108 0.009700333718 0.005158950997 -0.029002526312 0.007803030105 0.003835982650 0.022733151583 0.039513735156
1178 1179 1785749572.163115740 1785749572.190609217 0.027493477 -0.002646307039 0.009681873977 0.005100488045 -0.028976300742 0.007823270130 0.003777260883 0.022709710607 0.039466249110
1179 1180 1785749572.202904940 1785749572.223817110 0.020912170 -0.002593492520 0.009713565594 0.005105814368 -0.028788940793 0.007808889060 0.003778858780 0.022725714892 0.039340420076
1180 1181 1785749572.232899666 1785749572.257160664 0.024260998 -0.002632192285 0.009695806344 0.005115934380 -0.028790538690 0.007974664271 0.003833111311 0.022732192750 0.039383316256
1181 1182 1785749572.272913933 1785749572.290661335 0.017747402 -0.002656959683 0.009701132666 0.005093690418 -0.028514102568 0.008128861299 0.003807210194 0.022708899000 0.039197429334
1182 1183 1785749572.302911997 1785749572.323818922 0.020906925 -0.002669826785 0.009678944500 0.005103151206 -0.028532085472 0.008143775001 0.003854371121 0.022767478700 0.039248787620
1183 1184 1785749572.332904816 1785749572.373813152 0.040908337 -0.002644176510 0.009706192672 0.005098484108 -0.028416630873 0.008150699220 0.003766313788 0.022683525357 0.039113458501
1184 1185 1785749572.372908831 1785749572.407213449 0.034304619 -0.002653231257 0.009708239272 0.005109542793 -0.028248851724 0.008122203396 0.003734649832 0.022705906227 0.038998340632
1185 1186 1785749572.402891874 1785749572.440583229 0.037691355 -0.002613199912 0.010380154815 0.005109542793 -0.028237666447 0.008125931821 0.003770098009 0.022708965111 0.039166199268
1186 1187 1785749572.432908535 1785749572.473834991 0.040926456 -0.002652432309 0.010943694703 0.005494509295 -0.028253518822 0.008146970794 0.003782089735 0.022726917538 0.039401026964
1187 1188 1785749572.472946405 1785749572.507214546 0.034268141 -0.002626067014 0.011154084429 0.007418097418 -0.028259377776 0.008107822326 0.003735466598 0.022706519972 0.039751817214
1188 1189 1785749572.502906561 1785749572.540677547 0.037770987 -0.002662818637 0.011459144363 0.007829162898 -0.028248319092 0.008135519201 0.003750578162 0.022701832714 0.039916069867
1189 1190 1785749572.542905092 1785749572.573831081 0.030925989 -0.002680479430 0.011603323101 0.007805321040 -0.028240735649 0.008117802614 0.003722226748 0.022703065364 0.039943298958
1190 1191 1785749572.572910309 1785749572.607403755 0.034493446 -0.002651633361 0.011536324901 0.007785684445 -0.028264704098 0.008212750873 0.003768703132 0.022697663086 0.039955783581
1191 1192 1785749572.602890491 1785749572.640570402 0.037679911 -0.002667696256 0.010904889407 0.007833550548 -0.027971756379 0.008247904599 0.003765050662 0.022733643895 0.039608572139
1192 1193 1785749572.642889977 1785749572.673832655 0.030942678 -0.002641597278 0.010824601666 0.007824033965 -0.027828478312 0.008200094292 0.003744429916 0.022722940141 0.039463705610
1193 1194 1785749572.672883749 1785749572.707163095 0.034279346 -0.002650035464 0.010789574532 0.007837278973 -0.027592522239 0.008191305860 0.003768616861 0.022735510451 0.039298997849
1194 1195 1785749572.702916145 1785749572.740750074 0.037833929 -0.002636719659 0.010814341930 0.007810423709 -0.027511029510 0.008357360520 0.003805987388 0.022761279817 0.039295910969
1195 1196 1785749572.742929697 1785749572.773848534 0.030918837 -0.002619058866 0.010800759808 0.008803011982 -0.027457892880 0.009564194932 0.003735461440 0.022722991251 0.039707765127
1196 1197 1785749572.772916079 1785749572.807176352 0.034260273 -0.002626067014 0.010783715577 0.009468507804 -0.026759485450 0.009450867054 0.003754113884 0.022718385106 0.039350282492
1197 1198 1785749572.812934637 1785749572.840653658 0.027719021 -0.002661837302 0.011479249325 0.009889320052 -0.026015465773 0.009010794178 0.003754392859 0.022725370278 0.039053732025
1198 1199 1785749572.842890024 1785749572.873847723 0.030957699 -0.002685805752 0.012897678452 0.009734662586 -0.026216865016 0.008745505333 0.003761930824 0.022686300108 0.039508929732
1199 1200 1785749572.872907162 1785749572.907259941 0.034352779 -0.002662019689 0.012912461754 0.009786018933 -0.026522898830 0.008515061235 0.003785990704 0.022731782025 0.039706702882
1200 1201 1785749572.912883520 1785749572.940767765 0.027884245 -0.002655361786 0.012061398857 0.009721346781 -0.026719086607 0.008410961167 0.003783525405 0.022709548380 0.039518671294
1201 1202 1785749572.942893267 1785749572.973833799 0.030940533 -0.002661487057 0.011063373526 0.009755841283 -0.026794690852 0.008319644272 0.003774516135 0.022696678935 0.039258328182
1202 1203 1785749572.972896814 1785749573.007169485 0.034272671 -0.002623936485 0.010612731935 0.010133101016 -0.026852915622 0.008256430293 0.003748173816 0.022742444986 0.039277349547
1203 1204 1785749573.012889624 1785749573.040770531 0.027880907 -0.002659889160 0.011115216034 0.011302790897 -0.026887410124 0.008219777128 0.003738743505 0.022725781004 0.039740571263
1204 1205 1785749573.042890310 1785749573.073859930 0.030969620 -0.002660688108 0.011143039501 0.012468237515 -0.026884620371 0.008168393120 0.003789632858 0.022798442166 0.040129032860
1205 1206 1785749573.082910061 1785749573.107208252 0.024298191 -0.002638051239 0.011908685182 0.012070783144 -0.026875032991 0.008172570249 0.003786640084 0.022802672747 0.040222366080
1206 1207 1785749573.112893105 1785749573.140699387 0.027806282 -0.002649502832 0.011890871534 0.011849876690 -0.026917643569 0.008118872853 0.003712152214 0.023055150735 0.040306673763
1207 1208 1785749573.142901659 1785749573.173824072 0.030922413 -0.002682077326 0.011886470752 0.011580047339 -0.026908056189 0.008116476008 0.003745738521 0.023585282019 0.040531419636
1208 1209 1785749573.182896614 1785749573.207181454 0.024284840 -0.002662019689 0.010900568516 0.011110819415 -0.026936635941 0.008088779132 0.003689857616 0.024619187265 0.040744192045
1209 1210 1785749573.212923050 1785749573.240518808 0.027595758 -0.002620208060 0.010572383141 0.010726853913 -0.026923193544 0.008057284904 0.003742431137 0.025740593741 0.041231884725
1210 1211 1785749573.242955446 1785749573.273836136 0.030880690 -0.002678881533 0.010560398916 0.010634078845 -0.026957814638 0.008049029105 0.003755665829 0.025700514528 0.041205754172
1211 1212 1785749573.282907248 1785749573.307176590 0.024269342 -0.002642129910 0.010604957635 0.010672428365 -0.026940237775 0.008076193348 0.003714399491 0.025232889659 0.040924851846
1212 1213 1785749573.312911510 1785749573.340680599 0.027769089 -0.002651983606 0.010543887317 0.010644858082 -0.026926389337 0.007996214586 0.003729226922 0.025003723690 0.040737977400
1213 1214 1785749573.352952242 1785749573.373831511 0.020879269 -0.002671424682 0.010569187347 0.010636335966 -0.026964206225 0.007235349463 0.003702397449 0.025025728996 0.040637291145
1214 1215 1785749573.382993221 1785749573.407170057 0.024176836 -0.002663617586 0.010541490472 0.010258476070 -0.026965271489 0.005903502601 0.003712522620 0.024923437345 0.040254092637
1215 1216 1785749573.412981272 1785749573.440738678 0.027757406 -0.002617278583 0.010569187347 0.009135911008 -0.027237852593 0.005722940280 0.003696781835 0.024862092737 0.040105676018
1216 1217 1785749573.452944040 1785749573.473825455 0.020881414 -0.002647105987 0.010579839992 0.008313526863 -0.027614956203 0.005699770778 0.003737921581 0.024842075893 0.040177467550
1217 1218 1785749573.482898712 1785749573.507159948 0.024261236 -0.002644526755 0.010569986296 0.008351876383 -0.027979809273 0.005349298779 0.003721282917 0.024830134804 0.040377471893
1218 1219 1785749573.512986660 1785749573.540738344 0.027751684 -0.002646657284 0.010543088369 0.008342695043 -0.028382073189 0.005275795533 0.003724564982 0.024831996201 0.040640356598
1219 1220 1785749573.552950382 1785749573.573835611 0.020885229 -0.002657758631 0.010580638940 0.008354945584 -0.029148404359 0.005274463952 0.003718041645 0.024843760061 0.041198354474
1220 1221 1785749573.582906008 1785749573.607181072 0.024275064 -0.002646657284 0.010541490472 0.008366663493 -0.029747209564 0.005269936578 0.003729566850 0.024811254021 0.041596941925
1221 1222 1785749573.622896910 1785749573.640641689 0.017744780 -0.002650385709 0.010561281793 0.008497031795 -0.030379850047 0.005237712329 0.003696746200 0.024853910550 0.042101264687
1222 1223 1785749573.652898073 1785749573.673795938 0.020897865 -0.002650385709 0.010545218898 0.009392107105 -0.030971604441 0.005234965239 0.003691419878 0.024846042501 0.042708727601
1223 1224 1785749573.682902336 1785749573.723820686 0.040918350 -0.002679680481 0.010559599967 0.009450443465 -0.032243530178 0.005263811308 0.003698384890 0.024753079888 0.043608974801
1224 1225 1785749573.722879648 1785749573.757148504 0.034268856 -0.002645325703 0.010553474697 0.009423405814 -0.032570692952 0.005217921008 0.003704766160 0.024820689018 0.043875309549
1225 1226 1785749573.752875090 1785749573.790557861 0.037682772 -0.002680198112 0.010390349514 0.009418612124 -0.032674023602 0.005243571283 0.003704152414 0.024781451462 0.043895113841
1226 1227 1785749573.782879829 1785749573.823829174 0.040949345 -0.002649502832 0.010355069196 0.009381987093 -0.032785749776 0.005252626031 0.003730373300 0.024795198626 0.043971377436
1227 1228 1785749573.822958231 1785749573.857151985 0.034193754 -0.002680479430 0.009962645843 0.009359083907 -0.032767234240 0.005231587058 0.003731681904 0.024779077593 0.043852263486
1228 1229 1785749573.852888823 1785749573.890573978 0.037685156 -0.002672223630 0.009823235926 0.009390509208 -0.032749530785 0.005276594481 0.003721531416 0.024766461805 0.043811186343
1229 1230 1785749573.882944584 1785749573.923815727 0.040871143 -0.002645858336 0.009618172522 0.009402759749 -0.032756455004 0.005255555508 0.003713212320 0.024774131520 0.043772976210
1230 1231 1785749573.922892094 1785749573.957170010 0.034277916 -0.002664766779 0.009620303051 0.009396900795 -0.032734743675 0.005277393429 0.003716737726 0.024768587176 0.043756877542
1231 1232 1785749573.952883005 1785749573.990543842 0.037660837 -0.002673821527 0.009594204072 0.009386248150 -0.032732613146 0.005467543131 0.003690471362 0.024808996427 0.043791821172
1232 1233 1785749573.992892981 1785749574.023797274 0.030904293 -0.002632991233 0.009587279853 0.009378258667 -0.032739537365 0.005849356502 0.003707398844 0.024816656299 0.043846366187
1233 1234 1785749574.022877455 1785749574.057147980 0.034270525 -0.002662818637 0.009619504103 0.009372932345 -0.032765509752 0.006071281750 0.003695437595 0.024773218639 0.043878070094
1234 1235 1785749574.052880526 1785749574.090515614 0.037635088 -0.002654114135 0.009620653296 0.009363877597 -0.032782553983 0.006340709723 0.003689857616 0.024811289183 0.043947685501
1235 1236 1785749574.092877626 1785749574.123809814 0.030932188 -0.002703367613 0.009645420694 0.009365475494 -0.032780956086 0.007020432363 0.003685510287 0.024781456621 0.044041294246
1236 1237 1785749574.122878313 1785749574.157176971 0.034298658 -0.002703367613 0.009605921981 0.009423405814 -0.032725688927 0.007026740020 0.003715997388 0.024798191400 0.044016897154
1237 1238 1785749574.152874470 1785749574.190487623 0.037613153 -0.002662369934 0.009586074865 0.009395302898 -0.032785146347 0.007011377615 0.003734472131 0.024792028152 0.044043943290
1238 1239 1785749574.192884207 1785749574.223807573 0.030923367 -0.002682077326 0.009560508518 0.009365475494 -0.032791076098 0.007215908387 0.003728826040 0.024656210675 0.043993929890
1239 1240 1785749574.222881079 1785749574.257154226 0.034273148 -0.002685006804 0.009585948273 0.009368138655 -0.032762313958 0.007210231819 0.003733406866 0.024676237836 0.043989469047
1240 1241 1785749574.262883663 1785749574.290552139 0.027668476 -0.002680479430 0.009617723819 0.009843246593 -0.032751255274 0.007280006640 0.003703543827 0.024645091510 0.044083047490
1241 1242 1785749574.292890310 1785749574.323810101 0.030919790 -0.002654114135 0.009618705154 0.010275211322 -0.032660707797 0.007314361418 0.003735704780 0.024642296126 0.044119879235
1242 1243 1785749574.322881222 1785749574.357242107 0.034360886 -0.002649853077 0.009012037058 0.010296516611 -0.032652185681 0.007304507722 0.003703954552 0.024645598824 0.043987528586
1243 1244 1785749574.362905741 1785749574.390555143 0.027649403 -0.002669826785 0.009000052833 0.010408902009 -0.032668038056 0.007300779296 0.003704771318 0.024623009776 0.044011296241
1244 1245 1785749574.392912865 1785749574.423835039 0.030922174 -0.002662369934 0.008969426481 0.010365758799 -0.032662305693 0.007335750636 0.003695630299 0.024678368364 0.044026205600
1245 1246 1785749574.422894478 1785749574.457177401 0.034282923 -0.002707096039 0.008839857127 0.010357951703 -0.032662179101 0.007292523497 0.003705106089 0.024705760473 0.044009770060
1246 1247 1785749574.462908745 1785749574.490709543 0.027800798 -0.002688453911 0.008541274106 0.010320794040 -0.032649928560 0.007330424313 0.003717108131 0.024744460238 0.043960870082
1247 1248 1785749574.492990494 1785749574.523828506 0.030838013 -0.002663967831 0.008511629089 0.010359143559 -0.032484000492 0.007301578245 0.003719679862 0.024722931769 0.043822815017
1248 1249 1785749574.522925854 1785749574.557154655 0.034228802 -0.002675153108 0.007889248342 0.010344103265 -0.032454579128 0.007293322445 0.003736242571 0.024700697651 0.043668906416
1249 1250 1785749574.562891722 1785749574.590709448 0.027817726 -0.002686856015 0.006530321167 0.010362745393 -0.032199448296 0.007304325335 0.003725696358 0.024752926085 0.043289682191
1250 1251 1785749574.593004942 1785749574.623831034 0.030826092 -0.002654913083 0.005878295403 0.010355947766 -0.032240867017 0.007280539272 0.003707358524 0.024740893566 0.043210932115
1251 1252 1785749574.633124828 1785749574.657179594 0.024054766 -0.002706297090 0.005824359825 0.010359016967 -0.032243530178 0.007285066646 0.003748457477 0.024614065199 0.043141360865
1252 1253 1785749574.662893772 1785749574.690586567 0.027692795 -0.002721561038 0.005855125902 0.010320261407 -0.031917685852 0.007267223467 0.003721034418 0.024655899330 0.042912793726
1253 1254 1785749574.692894697 1785749574.723836660 0.030941963 -0.002704965510 0.005864713282 0.010336773006 -0.031308760635 0.007309834044 0.003709073169 0.024550229500 0.042411127490
1254 1255 1785749574.732900858 1785749574.757160425 0.024259567 -0.002707096039 0.005855658534 0.010309735355 -0.030936983347 0.007286146912 0.003699774608 0.024539515902 0.042118508962
1255 1256 1785749574.762892485 1785749574.790554762 0.027662277 -0.002694312866 0.007082128145 0.010322924568 -0.030789444223 0.007311431941 0.003763574199 0.024533732903 0.042207749123
1256 1257 1785749574.792895555 1785749574.823817968 0.030922413 -0.002654913083 0.007546583439 0.010298550078 -0.030761341307 0.007277609795 0.003726822576 0.024491776391 0.042225817452
1257 1258 1785749574.833028793 1785749574.857194662 0.024165869 -0.002698041291 0.007540724485 0.010317598246 -0.030525385235 0.007303975090 0.003747422689 0.024512640478 0.042079148066
1258 1259 1785749574.862890720 1785749574.890557766 0.027667046 -0.002733012631 0.007528390015 0.009194150307 -0.030514605998 0.007268022415 0.003724361962 0.024479241717 0.041782147985
1259 1260 1785749574.893091917 1785749574.923832417 0.030740499 -0.002670344416 0.007585465591 0.007731542236 -0.030439504856 0.007280006640 0.003752023675 0.024511209966 0.041459447911
1260 1261 1785749574.933114767 1785749574.957156181 0.024041414 -0.002697592588 0.007526792118 0.007098592774 -0.029626302051 0.007314361418 0.003748122706 0.024472784018 0.040724720531
1261 1262 1785749574.962903976 1785749574.990591526 0.027687550 -0.002695910762 0.007542504768 0.007008983969 -0.028314834938 0.007270152944 0.003708895468 0.024494282011 0.039769258574
1262 1263 1785749575.002886295 1785749575.023826838 0.020940542 -0.002700970768 0.007557418471 0.006828392117 -0.027208557821 0.007269635313 0.003743861649 0.024492593157 0.038962720539
1263 1264 1785749575.033177376 1785749575.057145596 0.023968220 -0.002687137332 0.007580405585 0.006542648064 -0.026412272655 0.007262977411 0.003728166816 0.024629647022 0.038449541317
1264 1265 1785749575.062892914 1785749575.090567112 0.027674198 -0.002685805752 0.007508149990 0.006443578472 -0.026005803476 0.007268555047 0.003697476694 0.024628216511 0.038137378799
1265 1266 1785749575.102883577 1785749575.123817682 0.020934105 -0.002681529692 0.007429320422 0.006429015015 -0.026011703697 0.007286146912 0.003740671014 0.024838737987 0.038267085438
1266 1267 1785749575.132903337 1785749575.157168150 0.024264812 -0.002696709711 0.007443701492 0.006403448669 -0.023634071476 0.007291473234 0.003732848916 0.024815550668 0.036676500957
1267 1268 1785749575.162901878 1785749575.190621376 0.027719498 -0.002710824464 0.007471748613 0.006430080279 -0.021926477996 0.007276559532 0.003686824050 0.024672114113 0.035504171182
1268 1269 1785749575.202889204 1785749575.223823786 0.020934582 -0.002732213682 0.009394550920 0.006468709248 -0.022295499411 0.007285865594 0.003729810191 0.024543854288 0.036111662614
1269 1270 1785749575.233196735 1785749575.257157087 0.023960352 -0.002668746519 0.010776647596 0.006451258976 -0.022840454051 0.007269635313 0.003732508987 0.025112061275 0.037201589582
1270 1271 1785749575.272880554 1785749575.290606737 0.017726183 -0.002678600215 0.010796887621 0.006432616849 -0.023544057091 0.007245666863 0.003711619582 0.025533195184 0.037916602297
1271 1272 1785749575.302921534 1785749575.323833942 0.020912409 -0.002672741261 0.010781174970 0.006471372409 -0.024253328228 0.007305306670 0.003710173596 0.025696256598 0.038482598241
1272 1273 1785749575.333006382 1785749575.373819828 0.040813446 -0.002674072841 0.010781973918 0.006397057082 -0.024850075640 0.007288543757 0.003728739768 0.025792279469 0.038911672751
1273 1274 1785749575.372890711 1785749575.407174349 0.034283638 -0.002667414939 0.010795556040 0.006481492421 -0.024585522020 0.007306904567 0.003712603733 0.025410924598 0.038509818741
1274 1275 1785749575.403051376 1785749575.440641165 0.037589788 -0.002677801267 0.011574530659 0.006421431572 -0.024520634685 0.007265906888 0.003722754222 0.024812920165 0.038287987639
1275 1276 1785749575.433171988 1785749575.473798513 0.040626526 -0.002694312866 0.012950349208 0.006443269493 -0.024905483065 0.007275760584 0.003702635631 0.024305961153 0.038654826673
1276 1277 1785749575.472876072 1785749575.507137060 0.034260988 -0.002690584440 0.013111139873 0.006456458707 -0.025131339331 0.007284815331 0.003754600565 0.023932308366 0.038630716439
1277 1278 1785749575.503109694 1785749575.540562868 0.037453175 -0.002710824464 0.012512204268 0.006498942692 -0.025061193205 0.007245666863 0.003745997336 0.023779643574 0.038291084063
1278 1279 1785749575.533038616 1785749575.573805094 0.040766478 -0.002689785492 0.011983168680 0.006498410060 -0.024847015993 0.007276810846 0.003720745127 0.024551602521 0.038470923064
1279 1280 1785749575.572880030 1785749575.607147217 0.034267187 -0.002707096039 0.011502194713 0.006461785029 -0.023570245975 0.007261645830 0.003740219495 0.025792598442 0.038326477659
1280 1281 1785749575.602876186 1785749575.640549183 0.037672997 -0.002663967831 0.010955975169 0.006416105250 -0.023615012492 0.007277609795 0.003749634331 0.026098693117 0.038394406916
1281 1282 1785749575.643069744 1785749575.673886061 0.030816317 -0.002686338384 0.010581259934 0.006433682113 -0.023235333458 0.007277358480 0.003698176711 0.025478086481 0.037632722600
1282 1283 1785749575.672882080 1785749575.707140684 0.034258604 -0.002706297090 0.010523638593 0.006441012372 -0.022816621353 0.007260846882 0.003725671040 0.024903388434 0.036972085973
1283 1284 1785749575.702907562 1785749575.740720034 0.037812471 -0.002701769717 0.010501128315 0.006472437673 -0.023223083147 0.007288543757 0.003707804885 0.024812587728 0.037166012601
1284 1285 1785749575.742880583 1785749575.773805857 0.030925274 -0.002687654963 0.010842012935 0.006432616849 -0.023598069903 0.007280287958 0.003725006184 0.025208739506 0.037754191921
1285 1286 1785749575.772924900 1785749575.807218075 0.034293175 -0.002724756831 0.010903785140 0.006451258976 -0.023932782469 0.007246465812 0.003709483895 0.025245856330 0.038004453010
1286 1287 1785749575.802895069 1785749575.840610743 0.037715673 -0.002729284205 0.010926155693 0.006464980822 -0.024101166985 0.007303975090 0.003720141697 0.024782316191 0.037826482782
1287 1288 1785749575.842895508 1785749575.873805046 0.030909538 -0.002695462059 0.010931131770 0.006501605853 -0.024675838294 0.007284016383 0.003751937404 0.024094014152 0.037756833535
1288 1289 1785749575.872880459 1785749575.907194376 0.034313917 -0.002671143364 0.011750040673 0.006461252397 -0.024901243987 0.007280287958 0.003681330342 0.023657510291 0.037858298645
1289 1290 1785749575.912890911 1785749575.940608263 0.027717352 -0.002695111814 0.012269151226 0.006402536261 -0.024951893785 0.007261645830 0.003711857764 0.023141780191 0.037728458120
1290 1291 1785749575.942914248 1785749575.973823547 0.030909300 -0.002709044181 0.012772128561 0.005123347796 -0.024999488909 0.007272831107 0.003726228990 0.023034629212 0.037670443645
1291 1292 1785749575.972878218 1785749576.007141113 0.034262896 -0.002671942312 0.013185133713 0.004320329268 -0.025219630608 0.006960442311 0.003697476694 0.022997699414 0.037771620420
1292 1293 1785749576.012961864 1785749576.040661097 0.027699232 -0.002673273893 0.012957733948 0.002789594010 -0.025429022600 0.006616628214 0.003681751384 0.022792461574 0.037500635386
1293 1294 1785749576.042880058 1785749576.073816299 0.030936241 -0.002701769717 0.012408430201 0.003602948817 -0.025476579724 0.006616628214 0.003730591322 0.022695755061 0.037364427369
1294 1295 1785749576.072896004 1785749576.107150555 0.034254551 -0.002710375761 0.011901638574 0.003982420284 -0.025481191027 0.005495437395 0.003716413272 0.022635643102 0.037020667247
1295 1296 1785749576.112893581 1785749576.140630960 0.027737379 -0.002677002318 0.011678807450 0.003929724430 -0.025547110830 0.004430971907 0.003709321668 0.022565106838 0.036799933650
1296 1297 1785749576.142886162 1785749576.173799276 0.030913115 -0.002707446284 0.011096817618 0.004349496824 -0.025522077116 0.004352408655 0.003712304124 0.022570392367 0.036645756155
1297 1298 1785749576.172890663 1785749576.207145691 0.034255028 -0.002693513917 0.010580760722 0.004656580900 -0.025547110830 0.004292487531 0.003724073143 0.022541924204 0.036523672446
1298 1299 1785749576.212930918 1785749576.240604639 0.027673721 -0.002680198112 0.010442488263 0.004748823335 -0.025558169515 0.003746790822 0.003712923028 0.022495671000 0.036412632803
1299 1300 1785749576.242898464 1785749576.273827314 0.030928850 -0.002717832612 0.010426103256 0.004740174628 -0.025569887424 0.003454923368 0.003685393538 0.022505664420 0.036392337017
1300 1301 1785749576.282900810 1785749576.307167292 0.024266481 -0.002707894987 0.010433027475 0.004554818616 -0.025566032407 0.002391774459 0.003719974312 0.022444563152 0.036247294412
1301 1302 1785749576.312876940 1785749576.340591669 0.027714729 -0.002666615990 0.010432228526 0.004588247854 -0.025583482678 0.001067650765 0.003716651454 0.022869761204 0.036462147370
1302 1303 1785749576.342892647 1785749576.373829842 0.030937195 -0.002688804156 0.010114640000 0.004658119736 -0.025596798483 0.000731293519 0.003746976329 0.023147469348 0.036562408855
1303 1304 1785749576.382894039 1785749576.407173634 0.024279594 -0.002703367613 0.010011309350 0.004618269381 -0.025592664017 0.000501812962 0.003674654622 0.023227891182 0.036566886749
1304 1305 1785749576.412897825 1785749576.440520525 0.027622700 -0.002725289463 0.010034478851 0.004713581018 -0.025582011373 0.000530841418 0.003730094324 0.023095522682 0.036501694271
1305 1306 1785749576.442929268 1785749576.473824739 0.030895472 -0.002704516807 0.010014238827 0.004772982642 -0.025619463487 0.000536517986 0.003704233528 0.023054028006 0.036499795451
1306 1307 1785749576.482995272 1785749576.507157326 0.024162054 -0.002680198112 0.009991195917 0.004761264733 -0.025608810842 0.000507671917 0.003700013263 0.023034218867 0.036469320807
1307 1308 1785749576.512911797 1785749576.540657043 0.027745247 -0.002728485257 0.009984538015 0.004767656320 -0.025593070058 0.000488230841 0.003723449081 0.023281314738 0.036619577705
1308 1309 1785749576.552908182 1785749576.573854685 0.020946503 -0.002733545263 0.009590390173 0.004800679518 -0.025601059541 0.000122046191 0.003688508218 0.023572481701 0.036704093893
1309 1310 1785749576.582910061 1785749576.607126951 0.024216890 -0.002702568665 0.009202507327 0.004808304227 -0.025622897462 -0.000472903997 0.003743866807 0.023961843331 0.036878893625
1310 1311 1785749576.612906694 1785749576.640594482 0.027687788 -0.002692182337 0.009044442150 0.004873620601 -0.025602124805 -0.000652667370 0.003699363883 0.023955507493 0.036827277376
1311 1312 1785749576.652886629 1785749576.673808813 0.020922184 -0.002717832612 0.009078670336 0.005079749269 -0.025596798483 -0.000653648705 0.003708332359 0.024316320319 0.037098129788
1312 1313 1785749576.682882547 1785749576.707154751 0.024272203 -0.002680997060 0.009053370306 0.006065118873 -0.025611712185 -0.000722175875 0.003748990109 0.024148316998 0.037143160956
1313 1314 1785749576.712946653 1785749576.740606546 0.027659893 -0.002665018094 0.009076539807 0.006931838083 -0.025602657438 -0.000721825629 0.003718909048 0.023775496452 0.037049397994
1314 1315 1785749576.752998114 1785749576.773810625 0.020812511 -0.002692714969 0.009094649303 0.008212818568 -0.025607212946 -0.000739486422 0.003698658707 0.023508284310 0.037148478450
1315 1316 1785749576.782957315 1785749576.807160854 0.024203539 -0.002692532582 0.009083996658 0.008920463132 -0.025623724544 -0.000756796969 0.003740214337 0.023817112516 0.037519800673
1316 1317 1785749576.812918425 1785749576.840701342 0.027782917 -0.002735143159 0.009067079019 0.008837402036 -0.025607212946 -0.000715167727 0.003748208978 0.023864980465 0.037518259390
1317 1318 1785749576.852889299 1785749576.873839617 0.020950317 -0.002672741261 0.009093850354 0.008862785996 -0.025981120763 -0.000849923678 0.003714074565 0.024466891407 0.038164836788
1318 1319 1785749576.882917643 1785749576.907291412 0.024373770 -0.002679399163 0.009074941911 0.008946941886 -0.026449837114 -0.000967285153 0.003734461814 0.024292945225 0.038395369986
1319 1320 1785749576.922917843 1785749576.957170010 0.034252167 -0.002719430509 0.009065481123 0.009229951981 -0.027184869575 -0.000983348048 0.003720750285 0.023871345222 0.038709681947
1320 1321 1785749576.953003883 1785749576.990595579 0.037591696 -0.002702568665 0.009112619074 0.009511561568 -0.028040276917 -0.001016903878 0.003723540511 0.023746347775 0.039317407302
1321 1322 1785749576.982906342 1785749577.023823977 0.040917635 -0.002731414734 0.009476546603 0.010664613258 -0.028852246600 -0.001505327622 0.003733325753 0.023680163998 0.040254261528
1322 1323 1785749577.022893429 1785749577.057150602 0.034257174 -0.002708245232 0.009788136450 0.010389554646 -0.029716176057 -0.002422717690 0.003683993503 0.023703315682 0.040931952264
1323 1324 1785749577.052878857 1785749577.090719223 0.037840366 -0.002677002318 0.009959770617 0.010283366712 -0.030538686794 -0.002458236190 0.003727512277 0.023683390268 0.041539892173
1324 1325 1785749577.082904100 1785749577.123834133 0.040930033 -0.002700438136 0.010226353042 0.010248212986 -0.031002244682 -0.002357892682 0.003717802990 0.023692947172 0.041937729672
1325 1326 1785749577.122889996 1785749577.157175303 0.034285307 -0.002708245232 0.010239136215 0.010246741681 -0.031999570376 -0.003171895832 0.003681416614 0.023646841192 0.042707488475
1326 1327 1785749577.152889252 1785749577.190677404 0.037788153 -0.002708245232 0.010239136215 0.010239944054 -0.032732598900 -0.003471560515 0.003689121964 0.023676171599 0.043297533908
1327 1328 1785749577.192954540 1785749577.223903894 0.030949354 -0.002691733634 0.008164267410 0.010085354119 -0.034159520612 -0.005702292629 0.003694986076 0.023672656037 0.044148064687
1328 1329 1785749577.222897053 1785749577.257140160 0.034243107 -0.002704965510 0.007293946365 0.009282018142 -0.035090591260 -0.006189290455 0.003754965812 0.023723474593 0.044645652410
1329 1330 1785749577.252892494 1785749577.290701628 0.037809134 -0.002705498142 0.006402459757 0.007756432878 -0.036046978336 -0.006072284742 0.003710914406 0.023688919138 0.044940700115
1330 1331 1785749577.292897940 1785749577.323851824 0.030953884 -0.002672741261 0.006102980726 0.006940440320 -0.036361163813 -0.006149555268 0.003715956595 0.023687995940 0.045027107173
1331 1332 1785749577.322909594 1785749577.357176065 0.034266472 -0.002716501032 0.006108307048 0.006429743084 -0.036305896654 -0.006784879431 0.003692886024 0.023662830475 0.044986131897
1332 1333 1785749577.352890253 1785749577.390598297 0.037708044 -0.002710025516 0.006165971052 0.006133164000 -0.036268388746 -0.007577921248 0.003722885972 0.023601313324 0.045018684134
1333 1334 1785749577.392883301 1785749577.423854113 0.030970812 -0.002699639188 0.005768094785 0.004397971560 -0.037072130763 -0.009270965259 0.003707231459 0.023611448338 0.045732251824
1334 1335 1785749577.422959328 1785749577.457160473 0.034201145 -0.002693864163 0.005198304904 0.002307212922 -0.039455003980 -0.008221201326 0.003738540485 0.023581037664 0.047264468918
1335 1336 1785749577.452886581 1785749577.490540981 0.037654400 -0.002700788381 0.005123470077 0.000865743839 -0.042118292516 -0.007468286601 0.003709027218 0.022309348691 0.048738932149
1336 1337 1785749577.492910862 1785749577.523842335 0.030931473 -0.002735143159 0.004243168745 -0.000429946670 -0.043940608637 -0.007809886552 0.003750618482 0.020381285700 0.049466207701
1337 1338 1785749577.522922516 1785749577.557151794 0.034229279 -0.002739221830 0.002213979718 -0.000073365568 -0.043765245815 -0.007972922913 0.003763969450 0.019375107805 0.048794845368
1338 1339 1785749577.562904835 1785749577.590567589 0.027662754 -0.002757331326 -0.000148345892 -0.000842609587 -0.043049746600 -0.009063934456 0.003757385159 0.017828841314 0.047704884335
1339 1340 1785749577.592894554 1785749577.623838663 0.030944109 -0.002728036554 -0.001643774567 -0.000257355347 -0.041964158522 -0.009181096916 0.003760499839 0.017358839784 0.046593607166
1340 1341 1785749577.622914553 1785749577.657153845 0.034239292 -0.002758662906 -0.002960914439 0.000637526070 -0.040736224992 -0.009706048400 0.003741938825 0.017281292555 0.045640730226
1341 1342 1785749577.662906170 1785749577.690553427 0.027647257 -0.002734344211 -0.003840053758 -0.001154562665 -0.041345415983 -0.009903581987 0.003766759676 0.017298509330 0.046308821283
1342 1343 1785749577.692882538 1785749577.723859549 0.030977011 -0.002713122851 -0.003944828364 -0.002541269018 -0.042157528114 -0.009580556173 0.003731032524 0.017254706423 0.047011386762
1343 1344 1785749577.722921133 1785749577.757149458 0.034228325 -0.002769665796 -0.003681806818 -0.002229273754 -0.042183910661 -0.009417119370 0.003772994194 0.017220526531 0.046958948951
1344 1345 1785749577.762927055 1785749577.790554047 0.027626991 -0.002715253380 -0.005651374145 -0.003065413165 -0.042549668522 -0.010099273671 0.003781064790 0.017169484322 0.047647294271
1345 1346 1785749577.792933702 1785749577.823810816 0.030877113 -0.002711973658 -0.005205887522 -0.002898047213 -0.043813786078 -0.009320750249 0.003751110321 0.017172147483 0.048562665260
1346 1347 1785749577.832909346 1785749577.857130527 0.024221182 -0.002759013151 -0.003470946639 -0.002786625438 -0.044235871159 -0.008870078897 0.003773633258 0.017184667156 0.048707993138
1347 1348 1785749577.862884521 1785749577.890533686 0.027649164 -0.002713122851 -0.002948468938 -0.002087406552 -0.043233276646 -0.008006702902 0.003797702981 0.017143816229 0.047560154063
1348 1349 1785749577.892885923 1785749577.923831701 0.030945778 -0.002736292353 -0.001858715468 -0.003267237275 -0.042352890300 -0.006564842932 0.003802937873 0.017133691058 0.046545753229
1349 1350 1785749577.932940483 1785749577.957171679 0.024231195 -0.002785629761 -0.004204436538 -0.008383731432 -0.045474482053 -0.005398979392 0.003823872284 0.016126488692 0.049673807039
1350 1351 1785749577.962915182 1785749577.990625858 0.027710676 -0.002765389736 -0.011413566054 -0.005926110123 -0.045836438754 -0.005502916737 0.005611236417 0.015075135494 0.050626500434
1351 1352 1785749577.992931843 1785749578.023794651 0.030862808 -0.002782700283 -0.013710842001 -0.003374869954 -0.046501940878 -0.009354541402 0.005285362988 0.009723409575 0.050789152999
1352 1353 1785749578.033114195 1785749578.057152271 0.024038076 -0.002800010830 -0.010718551511 -0.002644245973 -0.048375233339 -0.011460885869 0.005301367273 0.001556280328 0.051300692518
1353 1354 1785749578.062883615 1785749578.090518236 0.027634621 -0.002773926854 -0.005839023372 -0.001956309425 -0.046838893789 -0.008729240355 0.005349212742 0.003968410869 0.048580448547
1354 1355 1785749578.092883348 1785749578.123820066 0.030936718 -0.002795483457 -0.003278993918 -0.000778050728 -0.045123983264 -0.008670366470 0.005570549563 0.006918171284 0.047004394778
1355 1356 1785749578.132880449 1785749578.157170534 0.024290085 -0.000705700949 -0.001890289387 -0.002671037137 -0.045057653924 -0.007267611763 0.005744837047 0.008969990116 0.046985954076
1356 1357 1785749578.162875175 1785749578.190567732 0.027692556 0.001878952142 -0.000425420387 -0.006197071514 -0.044259308796 -0.006214851906 0.005663230835 0.009954431547 0.046591724901
1357 1358 1785749578.202882290 1785749578.223804951 0.020922661 0.005212102005 -0.000348987664 -0.016206023863 -0.046026641327 -0.004796624830 0.012138685758 0.008947310386 0.051563401612
1358 1359 1785749578.232903719 1785749578.257149458 0.024245739 0.004815619728 -0.003300864947 -0.015472306748 -0.045525443504 -0.004750861122 0.015502399348 0.008821517937 0.051833950561
1359 1360 1785749578.262891054 1785749578.290672779 0.027781725 0.004006567869 -0.004070274642 -0.010173391981 -0.044106899291 -0.005715068427 0.009580049809 0.009895134495 0.047998846229
1360 1361 1785749578.302895308 1785749578.323852301 0.020956993 0.004974330619 -0.002919850836 -0.006925742885 -0.043186286081 -0.006855811370 0.008314105269 0.011551306739 0.046859896471
1361 1362 1785749578.332922935 1785749578.357153654 0.024230719 0.003303829534 -0.000873443974 -0.002764625415 -0.042358859182 -0.006455558776 0.007886056938 0.012408000726 0.045512821425
1362 1363 1785749578.362982035 1785749578.390612841 0.027630806 0.003032052665 0.000842020014 -0.001029047765 -0.041709589833 -0.006315704276 0.007314261654 0.012836433991 0.044819769589
1363 1364 1785749578.402963638 1785749578.423843861 0.020880222 0.003315492354 0.002005737481 -0.000804022701 -0.041503717614 -0.006110095962 0.006710915424 0.013160064354 0.044651735162
1364 1365 1785749578.432944536 1785749578.457158327 0.024213791 0.001952081092 0.002287499924 -0.000505846574 -0.041484248404 -0.006444673778 0.005467009978 0.013110564720 0.044424665991
1365 1366 1785749578.462942123 1785749578.490606070 0.027663946 0.001353364249 0.002250398056 -0.000727319311 -0.041445898884 -0.007632128899 0.004831547800 0.013368675689 0.044558973836
1366 1367 1785749578.502973557 1785749578.523845434 0.020871878 0.002553460407 0.002247202263 -0.002195062847 -0.041381830162 -0.007956431435 0.004351266350 0.013568800071 0.044667604613
1367 1368 1785749578.532992363 1785749578.557169676 0.024177313 0.002542955727 0.002252528585 -0.001958130956 -0.041452979226 -0.007497386705 0.004288371170 0.013675190552 0.044669184498
1368 1369 1785749578.572899342 1785749578.607171059 0.034271717 0.004239227243 0.002260784384 -0.000659810706 -0.042608909260 -0.006573032791 0.004829752896 0.013805356779 0.045783794525
1369 1370 1785749578.603003025 1785749578.640650511 0.037647486 0.003677892570 0.002253327533 0.000130755772 -0.041714941335 -0.006516615354 0.005515371048 0.013872388272 0.044989849480
1370 1371 1785749578.633015394 1785749578.673837423 0.040822029 0.002391623846 0.002256257010 0.000917217315 -0.041232650790 -0.007193240428 0.005770066691 0.013918778385 0.044615603866
1371 1372 1785749578.672881126 1785749578.707262278 0.034381151 0.002051601126 0.005329827623 0.000684950813 -0.041190166805 -0.006514205459 0.006524323891 0.013667507728 0.044738323294
1372 1373 1785749578.702874899 1785749578.740604639 0.037729740 0.000914549232 0.006494710682 0.000533468080 -0.041182836545 -0.005365196689 0.007289353277 0.012662791813 0.044515105127
1373 1374 1785749578.732900858 1785749578.773926497 0.041025639 0.000258760078 0.007537426840 0.000655255205 -0.041197217615 -0.005920591826 0.006924033884 0.009781038788 0.043967990986
1374 1375 1785749578.772931576 1785749578.807152271 0.034220695 -0.000102309855 0.009795420259 -0.000186980718 -0.041178448896 -0.005351063057 0.006713489606 0.009592948575 0.044242398460
1375 1376 1785749578.802941799 1785749578.840516329 0.037574530 -0.000907158945 0.009142155625 -0.001232280229 -0.038827689734 -0.004974327486 0.011156621921 0.012091791933 0.043461885949
1376 1377 1785749578.842939138 1785749578.873823643 0.030884504 -0.001000606369 0.008291697553 -0.000383268593 -0.034645994190 -0.004812816598 0.010360573012 0.013132692761 0.039663806746
1377 1378 1785749578.872890949 1785749578.907255411 0.034364462 -0.001002204265 0.009102817155 0.000062523513 -0.032748981883 -0.004538525534 0.008598202852 0.013365094844 0.037808973585
1378 1379 1785749578.902916431 1785749578.940583944 0.037667513 -0.000993276109 0.010616551318 0.000453357439 -0.031333816080 -0.003454101340 0.010354581664 0.013675409402 0.037441638883
1379 1380 1785749578.942889452 1785749578.973810911 0.030921459 -0.000450004379 0.011743103505 0.001089366778 -0.028025139477 -0.003223190272 0.012126938450 0.013788952440 0.035669103544
1380 1381 1785749578.972921133 1785749579.007234573 0.034313440 0.000950175528 0.011738495780 0.001561131271 -0.025844310198 -0.003117462777 0.012414020697 0.013928721523 0.034159865112
1381 1382 1785749579.002930164 1785749579.040615082 0.037684917 0.002611553332 0.011272810942 0.001587230250 -0.026142221405 -0.003152882819 0.011943632964 0.013978343064 0.034173332153
1382 1383 1785749579.042882919 1785749579.073792696 0.030909777 0.005751309291 0.013545305734 0.001547942058 -0.026208067619 -0.003131044898 0.009204854198 0.013882825141 0.034540952734
1383 1384 1785749579.072879076 1785749579.107227325 0.034348249 0.006026104935 0.014883502143 -0.000194698763 -0.026128490235 -0.001846883622 0.010242822746 0.013776527036 0.035194993684
1384 1385 1785749579.102955103 1785749579.140634775 0.037679672 0.003436527294 0.011359915053 -0.005374826302 -0.026664982675 -0.001877509975 0.011440186852 0.014118525711 0.034849722177
1385 1386 1785749579.142961264 1785749579.173834801 0.030873537 0.000512506899 0.008552888636 -0.006368484583 -0.027556917132 -0.001866324698 0.011113046052 0.014653918670 0.034857942250
1386 1387 1785749579.173166037 1785749579.207183838 0.034017801 -0.001191496713 0.007663402156 -0.005578641365 -0.028261632762 -0.001929692930 0.007024824706 0.014291950661 0.033872116165
1387 1388 1785749579.213060379 1785749579.240672827 0.027612448 -0.001547232708 0.006638899086 -0.005923528424 -0.028308601458 -0.001943807684 0.007735320174 0.012521012893 0.033216311445
1388 1389 1785749579.242929935 1785749579.273838520 0.030908585 -0.001532319006 0.005883542672 -0.006612179301 -0.027729939216 -0.001926245823 0.011537769994 0.011442088222 0.033427331066
1389 1390 1785749579.272965908 1785749579.307156086 0.034190178 -0.001556287456 0.005719309562 -0.005633104617 -0.026084370582 -0.001922236079 0.011899969621 0.011057996831 0.031856590389
1390 1391 1785749579.313046932 1785749579.340633869 0.027586937 -0.001513131114 0.005730494838 -0.006504955567 -0.025228115097 -0.001951264535 0.014677321632 0.010621608528 0.032341152522
1391 1392 1785749579.342900753 1785749579.373826504 0.030925751 -0.001544303231 0.006737968679 -0.008550904254 -0.025827101835 -0.001890293148 0.016631825817 0.011611039619 0.034683559886
1392 1393 1785749579.372892380 1785749579.407171249 0.034278870 -0.001434314678 0.008827040829 -0.008278682260 -0.026165622948 -0.001923316346 0.017055080668 0.013283463228 0.036113371904
1393 1394 1785749579.412934065 1785749579.440590858 0.027656794 -0.001426058879 0.011061522429 -0.011243723740 -0.026112300665 -0.000530468094 0.021574232986 0.013871327489 0.039884923763
1394 1395 1785749579.443009615 1785749579.473935843 0.030926228 -0.001435240218 0.010618444929 -0.007933730410 -0.025865979867 0.002912481092 0.014953716289 0.013097387130 0.035361589423
1395 1396 1785749579.482977629 1785749579.507174492 0.024196863 -0.001450377574 0.010650414368 -0.005409894848 -0.025014588869 0.009990567226 0.011604603190 0.010258473021 0.033320355000
1396 1397 1785749579.513014793 1785749579.540536642 0.027521849 -0.001483933404 0.010021907267 -0.004161650267 -0.024553476166 0.010516177934 0.011497617336 0.008897969805 0.032323246709
1397 1398 1785749579.542909145 1785749579.573830843 0.030921698 -0.001376777266 0.009170554582 -0.001737352894 -0.022958539062 0.008667549603 0.010045570158 0.009911895538 0.029839454871
1398 1399 1785749579.582929611 1785749579.607166290 0.024236679 -0.001454554702 0.009671956476 -0.000146532231 -0.020558840292 0.008876514808 0.009889648481 0.011234607599 0.028655957974
1399 1400 1785749579.612908125 1785749579.640595675 0.027687550 -0.001441099173 0.009259238158 -0.001585040056 -0.020536846479 0.007967839894 0.008315561513 0.012389372180 0.028252721148
1400 1401 1785749579.642951250 1785749579.673901320 0.030950069 -0.001459614708 0.010117819691 -0.004082827624 -0.022200730697 0.007263260181 0.007313818317 0.011482926506 0.029191559795
1401 1402 1785749579.682921886 1785749579.707154274 0.024232388 -0.001421531505 0.011347438625 -0.006235228922 -0.022686339508 0.008110065598 0.008589561222 0.008342370675 0.029891170429
1402 1403 1785749579.712934732 1785749579.740601778 0.027667046 -0.001422330453 0.011871781163 -0.008118166970 -0.023806566474 0.008831684108 0.010492152332 0.008380363786 0.032154841875
1403 1404 1785749579.752890587 1785749579.773869276 0.020978689 -0.001423662034 0.013294180475 -0.012749717829 -0.023256635987 0.009640956206 0.017230634964 0.006425358254 0.036239709115
1404 1405 1785749579.782914877 1785749579.807165861 0.024250984 -0.001459082076 0.012499328384 -0.014764803147 -0.021205453459 0.009348133452 0.020538179594 0.006100820062 0.037046689790
1405 1406 1785749579.812922001 1785749579.840528727 0.027606726 -0.001994727701 0.011615689908 -0.012486201829 -0.020206095382 0.009245894101 0.014915909988 0.008058312309 0.032802470076
1406 1407 1785749579.852911949 1785749579.873908997 0.020997047 -0.004990027641 0.009779520769 -0.006995295603 -0.020417161502 0.007645465852 0.010961686796 0.008317701255 0.028881307561
1407 1408 1785749579.882920265 1785749579.907180071 0.024259806 -0.008304487740 0.009640572146 -0.003049230837 -0.020659915432 0.006729857395 0.008830041366 0.010277779104 0.028756363064
1408 1409 1785749579.912905216 1785749579.940527439 0.027622223 -0.010417005033 0.009471684528 -0.002871791343 -0.022260336295 0.005929996118 0.010478757765 0.011717955806 0.031373177487
1409 1410 1785749579.952900648 1785749579.973812580 0.020911932 -0.012305612262 0.008142716865 -0.008525023738 -0.022268546396 0.005465016119 0.015008316779 0.013781189397 0.035090358709
1410 1411 1785749579.982906103 1785749580.007174969 0.024268866 -0.010555615541 0.007937418072 -0.009598450260 -0.024017054871 0.005115208006 0.014676717303 0.014245968717 0.035887209499
1411 1412 1785749580.012966871 1785749580.040576220 0.027609348 -0.008791333958 0.008095667505 -0.009289188724 -0.024038009060 0.004843583369 0.014099958269 0.014253923039 0.035105351970
1412 1413 1785749580.052957535 1785749580.073892117 0.020934582 -0.007401705283 0.010088387623 -0.007978883477 -0.022468781835 0.004714198273 0.015073899742 0.014297269269 0.034335514732
1413 1414 1785749580.083077431 1785749580.123818398 0.040740967 -0.006969718952 0.009757856847 -0.003214648070 -0.022777941729 0.004660683263 0.011700351535 0.014305933451 0.032190701617
1414 1415 1785749580.122951031 1785749580.157142639 0.034191608 -0.006970517900 0.008610135057 -0.001849300402 -0.023421091554 0.004583172143 0.012670212674 0.014378275790 0.032603137240
1415 1416 1785749580.152969122 1785749580.190595627 0.037626505 -0.006934537092 0.008048288188 -0.001899143093 -0.024293859722 0.004564040046 0.011262448460 0.014584629531 0.032665666035
1416 1417 1785749580.182903051 1785749580.223805904 0.040902853 -0.006954777116 0.008032325620 -0.000921852418 -0.024823283557 0.004515823698 0.007404816117 0.014717317326 0.031964915027
1417 1418 1785749580.222911119 1785749580.257152081 0.034240961 -0.007009371918 0.009028408325 -0.000126015413 -0.025187485872 0.004478848422 0.005991344996 0.014877580090 0.032285716089
1418 1419 1785749580.252922058 1785749580.290540695 0.037618637 -0.008742586686 0.009127886681 0.000308900395 -0.025369024867 0.004448348661 0.005992435441 0.014936840121 0.032897420271
1419 1420 1785749580.293019056 1785749580.323820591 0.030801535 -0.009989503035 0.009471941142 0.000575254505 -0.025324769068 0.004403467831 0.007661575717 0.014933076061 0.033649215711
1420 1421 1785749580.322897434 1785749580.357137442 0.034240007 -0.009327864480 0.008532269966 0.000967306552 -0.025298834682 0.004418381533 0.007463641261 0.014977924072 0.033171398079
1421 1422 1785749580.352941990 1785749580.390610456 0.037668467 -0.008570249007 0.008235897595 0.001055146809 -0.025269539910 0.004377229128 0.006064215631 0.014973465152 0.032574248479
1422 1423 1785749580.392993212 1785749580.423818827 0.030825615 -0.008165076674 0.007752152143 0.000841596024 -0.025314489668 0.004363045447 0.005873120587 0.015761430750 0.032714651476
1423 1424 1785749580.422933817 1785749580.457202911 0.034269094 -0.008048670269 0.007152290998 0.000573187387 -0.025396023663 0.004349463325 0.005538755428 0.017145671087 0.033238420559
1424 1425 1785749580.453035593 1785749580.490581036 0.037545443 -0.008028051866 0.006968731668 0.000495364022 -0.025480809247 0.004317210942 0.005347457409 0.017984314120 0.033663021681
1425 1426 1785749580.492942333 1785749580.523818493 0.030876160 -0.007992099191 0.008964829966 0.000629431219 -0.025518499543 0.004305353309 0.004794974740 0.019855483471 0.035094157664
1426 1427 1785749580.523031950 1785749580.557156801 0.034124851 -0.007982120772 0.009821690276 0.000738353111 -0.025520559275 0.004276507240 0.004586505472 0.020636491107 0.035738120750
1427 1428 1785749580.562958956 1785749580.590545893 0.027586937 -0.007944219956 0.010971673619 0.002348679427 -0.025535472977 0.004293817787 0.004569608466 0.023229861048 0.037683014276
1428 1429 1785749580.592997074 1785749580.623800993 0.030803919 -0.007904987559 0.011394055088 0.003366301414 -0.025575714844 0.004234149846 0.004608921977 0.026331965080 0.039878629193
1429 1430 1785749580.622985125 1785749580.657129288 0.034144163 -0.007870815168 0.010694721034 0.003897897898 -0.025586240896 0.004442535635 0.004568436770 0.030058441610 0.042311851413
1430 1431 1785749580.662987232 1785749580.690468550 0.027481318 -0.008029805885 0.010438052220 0.004721585489 -0.025659714612 0.004545642632 0.004210509293 0.034728852082 0.045810800719
