# source=dataset_raw/tienyi_prod2_dualArm-gripper-3cameras_394_back-handle-installation_20260803_pm/0803_173020/data/trajectory.hdf5
# branch=master
# dataset=/master/arm_left_position_align/data
# columns: frame_index timestamp joint_0 joint_1 joint_2 joint_3 joint_4 joint_5 joint_6
0 1785749532.452932835 0.555081600741 0.085608644821 -0.060845774057 -2.126049168794 -1.416184911814 0.005909021827 0.110457269372
1 1785749532.482908010 0.555199312461 0.093946735878 -0.061426343175 -2.126048103529 -1.405513625326 0.005916478678 0.110466856752
2 1785749532.523149014 0.555427012734 0.098787563792 -0.064672736544 -2.126052364587 -1.402303450948 0.007716775575 0.110440757773
3 1785749532.552892447 0.555436600114 0.097595799204 -0.067782776065 -2.126037983517 -1.403053929743 0.011438809514 0.110439692509
4 1785749532.592906952 0.555447785391 0.093549658560 -0.067954816271 -2.124983371726 -1.408301422355 0.011464908493 0.111056480617
5 1785749532.623393297 0.555465095938 0.094151000334 -0.068050157438 -2.124976980139 -1.408363474008 0.011468104286 0.112740663691
6 1785749532.663215637 0.555462166461 0.098055727124 -0.074680363288 -2.128452937994 -1.406029745945 0.011986355434 0.112806710086
7 1785749532.692897797 0.555444056965 0.097522295958 -0.078321969763 -2.129282778989 -1.406002848018 0.022861107429 0.112780611107
8 1785749532.732926130 0.555432871689 0.091127247232 -0.081999795228 -2.129375989627 -1.416169731795 0.027547738316 0.112803514292
9 1785749532.762910604 0.555429143263 0.090251067233 -0.082820581476 -2.129353086442 -1.418241671124 0.027593012054 0.112535600287
10 1785749532.792895555 0.555457639087 0.095169126818 -0.084879737631 -2.129370663305 -1.416515942737 0.027549868845 0.112020544932
11 1785749532.832897186 0.559771960053 0.101265368870 -0.087394294332 -2.129378120156 -1.417295716304 0.027571174133 0.111990184896
12 1785749532.862914324 0.565740903004 0.107998106422 -0.088340781783 -2.129381848582 -1.421269951599 0.027574902559 0.111999239643
13 1785749532.902904749 0.568859730956 0.111023457420 -0.091462539213 -2.129373326466 -1.422382087670 0.027562652018 0.111969412239
14 1785749532.932900429 0.571798795535 0.111070595371 -0.093203181302 -2.129347227488 -1.423402344684 0.027637220528 0.111994978586
15 1785749532.962895632 0.573466999642 0.108569620791 -0.094167245616 -2.129686514211 -1.423700352410 0.027597805744 0.111963553285
16 1785749533.002890825 0.574377001787 0.107514210051 -0.096011218355 -2.132129165562 -1.423126707511 0.027639351057 0.112000304908
17 1785749533.033322096 0.575642003305 0.107217001274 -0.096291382902 -2.134597915893 -1.421055567131 0.027615915240 0.111994978586
18 1785749533.062889576 0.578426071908 0.109517972456 -0.096248239692 -2.135291935673 -1.418596670497 0.027637220528 0.112000837540
19 1785749533.102878571 0.582893258321 0.118216122892 -0.096759033989 -2.141010275166 -1.410690011537 0.027624969987 0.111990184896
20 1785749533.133097887 0.586317018218 0.124918234091 -0.097865843738 -2.145310747694 -1.407225238958 0.027613784711 0.111971542768
21 1785749533.162898540 0.589427590371 0.132313299806 -0.098797950120 -2.148695092807 -1.404796169728 0.027622839459 0.111557154902
22 1785749533.202879906 0.593050554718 0.141435691804 -0.100576941728 -2.156352213573 -1.399690090970 0.027628698413 0.106242550631
23 1785749533.232883215 0.595796540118 0.148729557398 -0.101551658687 -2.161161882502 -1.395262585658 0.027611654182 0.100198772853
24 1785749533.272889376 0.598723087840 0.154789047826 -0.101855791683 -2.168026979160 -1.392488370750 0.027618045769 0.088780735996
25 1785749533.302879333 0.601639515550 0.159576612518 -0.101861118006 -2.171850213221 -1.392483843376 0.027610056285 0.079800024168
26 1785749533.333161831 0.604720260299 0.165228106667 -0.102318649081 -2.176043626673 -1.392480114951 0.027629763677 0.073893132870
27 1785749533.372888088 0.609368009033 0.172198398188 -0.102801213870 -2.181955844293 -1.391222303968 0.027610588918 0.061304370397
28 1785749533.402884960 0.612450884311 0.176772643676 -0.103155414295 -2.188068331627 -1.387102127446 0.027594077319 0.049377137139
29 1785749533.432939529 0.615613920738 0.183585542377 -0.103291768143 -2.193232733613 -1.380396820453 0.027600468905 0.039943687926
30 1785749533.472884178 0.616616068256 0.192992626295 -0.103277387073 -2.198749205495 -1.366862369477 0.027606860492 0.030235400488
31 1785749533.502900839 0.616628052481 0.199149322103 -0.102361792291 -2.200063209177 -1.357655288956 0.027636155264 0.023407588085
32 1785749533.542912245 0.616627519849 0.204261526132 -0.095303882770 -2.200043501785 -1.351560644802 0.027637753161 0.011065966961
33 1785749533.572908878 0.616613138779 0.204596285481 -0.087975396082 -2.200079188144 -1.350228797941 0.027636155264 -0.000722249288
34 1785749533.602907658 0.616616068256 0.204587230733 -0.079214661360 -2.200164941931 -1.348598410721 0.027606860492 -0.018685803472
35 1785749533.642900705 0.616611540882 0.204577643353 -0.071490428934 -2.202285350791 -1.335188595684 0.027040672444 -0.044070522351
36 1785749533.672891617 0.616458941752 0.206543588870 -0.067253872272 -2.208387718112 -1.321513263487 0.026935211265 -0.067766264466
37 1785749533.702899694 0.615655199735 0.207874636783 -0.063540893080 -2.213679419198 -1.310862217023 0.026743996299 -0.090259323033
38 1785749533.742908001 0.613483658182 0.208381702654 -0.060501693644 -2.219363670229 -1.296767170638 0.026721625746 -0.116666163138
39 1785749533.772922516 0.609910228631 0.208368386849 -0.059794358059 -2.222062517678 -1.291328729376 0.026483539144 -0.132846464656
40 1785749533.802882195 0.606473685560 0.208371316326 -0.058026551727 -2.224418349978 -1.290601420082 0.026400981150 -0.149092812570
41 1785749533.843251467 0.601423799501 0.208355603676 -0.054501591708 -2.227597631687 -1.286448220362 0.024916535159 -0.168871044722
42 1785749533.872907639 0.596523050464 0.208348679457 -0.053400108282 -2.231543371158 -1.280837206261 0.024938373080 -0.187450321751
43 1785749533.912902117 0.589030779369 0.208359332101 -0.053224872282 -2.235645171869 -1.274312461591 0.024862739305 -0.210679478043
44 1785749533.942926407 0.583832555237 0.206853048189 -0.053212089109 -2.236797255357 -1.267497166045 0.024906947779 -0.227364714904
45 1785749533.972921848 0.577662277307 0.202112621448 -0.053236057558 -2.236775950068 -1.265442803580 0.024898425663 -0.241600376195
46 1785749534.012924671 0.570057354499 0.192546813129 -0.052202218423 -2.236779678494 -1.265827630358 0.024862739305 -0.261390858888
47 1785749534.042920113 0.566343842675 0.188605601032 -0.052028047688 -2.236799918518 -1.267207414119 0.024870728788 -0.271412866702
48 1785749534.072909832 0.562500634906 0.185295558113 -0.052041363493 -2.236808973266 -1.269217035477 0.024904817250 -0.283102545991
49 1785749534.112920761 0.559150378254 0.181993238361 -0.050554786973 -2.236786602713 -1.274229370965 0.024897893031 -0.298291618952
50 1785749534.142925739 0.555036060686 0.181585774714 -0.050547862754 -2.236768493217 -1.274585968235 0.024895762502 -0.307658489138
51 1785749534.183302402 0.547864167871 0.179247252961 -0.050530818523 -2.236766362688 -1.277642744534 0.024966602587 -0.319388648475
52 1785749534.212889433 0.544268101451 0.174802703418 -0.049541720494 -2.236771689010 -1.282329375420 0.024979385761 -0.331569947301
53 1785749534.243257284 0.538768141167 0.168616712838 -0.048553155098 -2.237591942626 -1.283375731413 0.024990571037 -0.344590141871
54 1785749534.283142805 0.532295061822 0.163635003703 -0.046676691794 -2.242411731567 -1.283589849564 0.024996962624 -0.367286665945
55 1785749534.313213110 0.526191362919 0.160514577853 -0.045017009802 -2.245679430225 -1.283583724294 0.024986842612 -0.381420594482
56 1785749534.342923403 0.520829354381 0.158196296125 -0.043499540613 -2.246869863232 -1.283574136914 0.024961276265 -0.397116200683
57 1785749534.383389235 0.510003071917 0.156415972936 -0.042521095229 -2.246920995925 -1.283589849564 0.025320803012 -0.407979767401
58 1785749534.412922382 0.503738251769 0.154111273328 -0.040354347366 -2.246914071706 -1.285605329877 0.026766899484 -0.416621192506
59 1785749534.452938795 0.493845939900 0.150906158957 -0.035709794425 -2.243299096842 -1.291101828051 0.026904318596 -0.430038730711
60 1785749534.483925581 0.485308644393 0.150375124635 -0.035582495325 -2.239899305395 -1.291094903832 0.026967169198 -0.434280613695
61 1785749534.512919903 0.479095755886 0.149513858339 -0.035364648747 -2.238123509580 -1.291173733400 0.026974093417 -0.439557401079
62 1785749534.552900076 0.472743317738 0.147033656415 -0.035350800310 -2.237492873034 -1.291254427181 0.026985278694 -0.454654328666
63 1785749534.582904100 0.471459407777 0.144588341903 -0.035992089500 -2.237515243587 -1.294043822107 0.027016703994 -0.463362332798
64 1785749534.612907171 0.471039160957 0.142822666100 -0.037910630749 -2.237528026760 -1.296162100438 0.027016171362 -0.469366695792
65 1785749534.652909517 0.470918786075 0.139333925072 -0.042897133575 -2.237496068827 -1.296305911137 0.026996463970 -0.481968774070
66 1785749534.682900190 0.470898546051 0.136360239399 -0.043243344516 -2.240314225892 -1.297418846157 0.026814836384 -0.501445536387
67 1785749534.722913027 0.470884164981 0.134321589584 -0.044830588526 -2.241751267617 -1.297741621281 0.026721625746 -0.509337547961
68 1785749534.752911091 0.470872180756 0.134289365335 -0.046929159465 -2.241757659203 -1.297699010703 0.026707244676 -0.510842766609
69 1785749534.782881260 0.470861794428 0.134056338740 -0.047512924376 -2.241207450122 -1.297737360223 0.026728549964 -0.512744263627
70 1785749534.822903872 0.470868452331 0.132558310626 -0.047752608874 -2.241127022657 -1.297734963378 0.026729082597 -0.514175446397
71 1785749534.852906466 0.470892420781 0.132384672523 -0.047752608874 -2.241124892128 -1.297367979780 0.026594326646 -0.514182370616
72 1785749534.882880211 0.470859397583 0.132396390432 -0.047747815184 -2.241157915326 -1.297353066078 0.026237995692 -0.514167989546
73 1785749534.922904730 0.470646078380 0.132385205156 -0.047760598357 -2.241841815094 -1.297322173409 0.026037725978 -0.514149347418
74 1785749534.952909231 0.467583443126 0.132404646232 -0.048130777749 -2.242162459689 -1.298752024598 0.025825738355 -0.514170652707
75 1785749534.992899179 0.464392443508 0.132374818827 -0.048291100046 -2.242148611251 -1.300982688327 0.025867816300 -0.514189827467
76 1785749535.022908449 0.463925857685 0.132409972554 -0.048276718977 -2.242163524953 -1.303641055727 0.025858761552 -0.514260134920
77 1785749535.052905321 0.463827054409 0.136059834828 -0.048263403171 -2.242076705902 -1.303171274111 0.025848108908 -0.514272918093
78 1785749535.092898130 0.463848626013 0.137447075440 -0.049697781734 -2.241814118218 -1.302969939133 0.025855033127 -0.514243623321
79 1785749535.122896433 0.463764203807 0.134048082940 -0.049910301989 -2.241724103374 -1.310704291571 0.025849174173 -0.514247351747
80 1785749535.152904987 0.463510138239 0.131777738111 -0.051641356698 -2.241631425368 -1.312885953136 0.025836923632 -0.514288897060
81 1785749535.192911386 0.461635272832 0.128974228431 -0.054128216524 -2.241631425368 -1.312850000461 0.025823607826 -0.514260134920
82 1785749535.222915649 0.460723140158 0.127693514263 -0.054239004025 -2.241643143276 -1.315440989885 0.025821477297 -0.514256406494
83 1785749535.252897978 0.458824306301 0.127715884816 -0.054213437679 -2.241617576930 -1.317075904479 0.025849706805 -0.514280374944
84 1785749535.292901516 0.454290540861 0.129397404729 -0.054091997533 -2.239761886282 -1.317084160278 0.026020681747 -0.514647358542
85 1785749535.322921991 0.450365041414 0.129904470600 -0.051171042449 -2.236069147115 -1.317103867670 0.026293922075 -0.515137912815
86 1785749535.362894773 0.447406269443 0.130063461317 -0.048908953419 -2.230510064655 -1.317063920254 0.026258235716 -0.515295571952
87 1785749535.392891645 0.446014767774 0.130038693919 -0.047279098832 -2.228216550325 -1.317094812922 0.026251844129 -0.515296104584
88 1785749535.422923326 0.445715961099 0.130018453895 -0.046166962761 -2.227408014618 -1.317630374618 0.026287530488 -0.515251363478
89 1785749535.463117361 0.445734603227 0.130061064472 -0.045105959383 -2.227268997609 -1.317749417918 0.026271018889 -0.515260418225
90 1785749535.492993593 0.445721021106 0.130029639171 -0.043591153355 -2.227270595505 -1.318404821863 0.026259300980 -0.515282788778
91 1785749535.523349524 0.445696253707 0.130046150770 -0.040749027839 -2.227224789135 -1.318514011467 0.026279008372 -0.515269472973
92 1785749535.562941551 0.445706906352 0.130386236441 -0.035963859993 -2.226032225599 -1.317602677742 0.026279541005 -0.516534474491
93 1785749535.593019724 0.445691992650 0.132102910080 -0.034275415862 -2.224341118306 -1.315309962360 0.026297117868 -0.516613836691
94 1785749535.632904530 0.445714363203 0.132501318979 -0.031448736681 -2.222988765105 -1.312195395465 0.026259300980 -0.516636207244
95 1785749535.663788080 0.445733005330 0.131902107734 -0.029395439480 -2.222282494784 -1.310519201875 0.026259300980 -0.516623424071
96 1785749535.692926168 0.445709835829 0.129222967677 -0.026704581515 -2.220596713814 -1.309836101055 0.026282204166 -0.516610108266
97 1785749535.732920647 0.445734603227 0.125836758351 -0.025939189017 -2.220432663091 -1.307113285157 0.026263029406 -0.516595727196
98 1785749535.762898445 0.445715961099 0.123112610872 -0.025933862695 -2.220416151492 -1.306276786258 0.025987125917 -0.516607977737
99 1785749535.802888870 0.445944194005 0.122829250532 -0.025909894245 -2.220418282021 -1.306262405188 0.025812422549 -0.516631946187
100 1785749535.833171368 0.446957793116 0.127614152063 -0.025881132106 -2.220443315735 -1.304651459045 0.025780997249 -0.516625021968
101 1785749535.863258839 0.447797487807 0.134343960137 -0.025877403680 -2.220447044160 -1.298717669820 0.025775138294 -0.516631946187
102 1785749535.902967691 0.448647568827 0.138561608356 -0.026521888664 -2.220431065194 -1.293487221439 0.025804965698 -0.516626619864
103 1785749535.933006525 0.449233197951 0.138449222958 -0.028567729013 -2.218499208139 -1.293455796138 0.025974342744 -0.516594129299
104 1785749535.963508844 0.449436929775 0.135694449126 -0.030082535041 -2.216296773918 -1.293453665610 0.026009496470 -0.516610108266
105 1785749536.002955198 0.449583137318 0.133778571038 -0.031334220754 -2.215779055402 -1.293474704582 0.025982332227 -0.516631946187
106 1785749536.033088446 0.450024955743 0.133788957366 -0.031293740705 -2.215779588034 -1.293473106686 0.025992984871 -0.516639403038
107 1785749536.072909355 0.450543206891 0.134615069936 -0.031307056511 -2.215809948070 -1.293443012965 0.025998843826 -0.516625554600
108 1785749536.102886438 0.450896075736 0.136138664396 -0.031275631210 -2.215796099633 -1.293454464558 0.025985528020 -0.516621293542
109 1785749536.132894039 0.450962654763 0.138788509681 -0.029273466702 -2.215805154380 -1.293452866661 0.026002572251 -0.516615967220
110 1785749536.172892094 0.451318453085 0.143106026440 -0.028269987603 -2.215749227998 -1.293454464558 0.025987658549 -0.516597325092
111 1785749536.202883482 0.451693692482 0.144057840213 -0.028056934716 -2.214352666322 -1.293458725616 0.026140523996 -0.516629283026
112 1785749536.232893944 0.451801550506 0.144042926511 -0.028045216807 -2.212897515102 -1.293463252990 0.026466494913 -0.516597857725
113 1785749536.272892714 0.452324329028 0.141706002655 -0.028079837902 -2.211173917245 -1.293563654163 0.026445189624 -0.516639403038
114 1785749536.302899122 0.453187193222 0.141466318157 -0.028073446315 -2.210880969525 -1.293745814381 0.026459038062 -0.516609043001
115 1785749536.332907200 0.454620240204 0.141467117105 -0.027327761210 -2.210687091398 -1.293793751281 0.026483539144 -0.516636207244
116 1785749536.372906923 0.455912938597 0.142657283796 -0.025188177590 -2.210655133464 -1.293766587038 0.026454244372 -0.516606379840
117 1785749536.402924061 0.456264209545 0.143120141194 -0.022865901119 -2.210684428236 -1.293774842837 0.026470223339 -0.516635674612
118 1785749536.442903280 0.456785656486 0.143123070671 -0.019667977282 -2.210400535264 -1.293794283913 0.026452113843 -0.516595194564
119 1785749536.472882509 0.457750253433 0.143119342245 -0.017877267765 -2.210266844578 -1.293772712308 0.026464897017 -0.516636739877
120 1785749536.502913475 0.458964388574 0.143339585667 -0.016066850856 -2.209833814584 -1.293780968108 0.026476614925 -0.516602651415
121 1785749536.542937279 0.459797957995 0.145200070005 -0.015112906554 -2.209263365479 -1.287047431607 0.026088858671 -0.516632478819
122 1785749536.572884321 0.460445106140 0.145194211051 -0.014692659734 -2.209267626537 -1.284182935539 0.025840652057 -0.516601586150
123 1785749536.602893829 0.460696242231 0.143678073442 -0.013186375821 -2.209274550755 -1.284152309186 0.025823607826 -0.516628217761
124 1785749536.642891884 0.460846710833 0.143020538969 -0.012273976832 -2.209276148652 -1.284134466007 0.025848108908 -0.516610108266
125 1785749536.672882080 0.461364163033 0.143474341619 -0.012010856516 -2.208756832239 -1.284123813363 0.025827336252 -0.516619695646
126 1785749536.712896109 0.464286183381 0.147611296056 -0.012003399665 -2.208741385905 -1.282908346641 0.025839586793 -0.516613836691
127 1785749536.742895126 0.466355725864 0.149676311165 -0.012018313367 -2.208726472203 -1.280962374833 0.025711222428 -0.516639403038
128 1785749536.772899151 0.467153342610 0.150230514988 -0.011986355434 -2.208720080616 -1.279477129893 0.025510420082 -0.516181339330
129 1785749536.812877893 0.467362400756 0.150335443535 -0.012019378632 -2.208761625929 -1.277655527707 0.025511485346 -0.516048181276
130 1785749536.842893839 0.467412468184 0.150326388787 -0.011913917453 -2.208538985662 -1.276705578146 0.025514148507 -0.515924077969
131 1785749536.872877836 0.467427648202 0.150301621389 -0.011171960773 -2.207940839681 -1.276600116967 0.025514148507 -0.515955503270
132 1785749536.912880182 0.467407940810 0.151832672700 -0.009737582210 -2.206640151805 -1.276573751672 0.025511485346 -0.515858564206
133 1785749536.942881107 0.467416196610 0.154029514283 -0.009538377760 -2.206146934371 -1.274996361359 0.025495506380 -0.514983982104
134 1785749536.982897758 0.467413267133 0.155263090500 -0.009297095365 -2.205996199454 -1.269014901550 0.025501365334 -0.512352778947
135 1785749537.012910843 0.467429778731 0.155172543023 -0.008121576060 -2.205989275235 -1.268664962183 0.025490180058 -0.511667281283
136 1785749537.042880058 0.467448420859 0.154463343225 -0.007091465351 -2.206014308949 -1.268422348208 0.025486451632 -0.510804949722
137 1785749537.082894325 0.467440964008 0.153935238380 -0.006794789205 -2.206005254201 -1.267368535365 0.025524801152 -0.510428911376
138 1785749537.112877369 0.467409538707 0.153897687809 -0.006661631151 -2.206023896329 -1.266767726223 0.025511485346 -0.509239543633
139 1785749537.153269053 0.467437235582 0.154344832556 -0.006687197497 -2.205909380402 -1.265073423137 0.025228125006 -0.506213660002
140 1785749537.182909250 0.467465731406 0.155141117722 -0.006697317509 -2.205926424633 -1.265003115684 0.024930916229 -0.503288976493
141 1785749537.212898254 0.467545093607 0.157859139931 -0.006696784877 -2.205916837253 -1.264397779169 0.024953819414 -0.497204718667
142 1785749537.253482819 0.467778120202 0.160811786631 -0.006693056452 -2.205917369885 -1.262157528060 0.024942634137 -0.491377189569
143 1785749537.282916069 0.467804219181 0.163462697180 -0.006678675382 -2.205932283587 -1.260066413972 0.024741831791 -0.487484713320
144 1785749537.312895775 0.467833513953 0.165455806940 -0.006673349060 -2.205928555162 -1.258005127288 0.024046214115 -0.483111802810
145 1785749537.352977514 0.467789305478 0.169167188235 -0.006665892208 -2.205900325654 -1.255276985067 0.022316757303 -0.476033653265
146 1785749537.382887602 0.467800490755 0.172967519111 -0.006678675382 -2.205934946748 -1.253101182457 0.022078670701 -0.471138230549
147 1785749537.422900915 0.467800490755 0.178152161121 -0.004807538400 -2.206025494226 -1.250060118808 0.021445903626 -0.466766917936
148 1785749537.452903748 0.467831916056 0.181630782137 -0.001943042331 -2.206059050055 -1.246900810807 0.018159030209 -0.461206237580
149 1785749537.482901096 0.467801289703 0.185427384587 0.006354834993 -2.206038810031 -1.239768066459 0.005469067615 -0.452074258202
150 1785749537.522904396 0.471098549449 0.188531298837 0.027828968127 -2.207333638953 -1.227410732685 -0.021890118896 -0.441964898704
151 1785749537.552898407 0.473179277209 0.188635428436 0.039694416048 -2.210887893744 -1.217454238634 -0.044875329632 -0.439493485213
152 1785749537.582886696 0.475115395321 0.187579485064 0.055109857701 -2.215672528958 -1.206329149496 -0.068134845961 -0.438894273967
153 1785749537.622934818 0.475351351394 0.185572793182 0.066435216553 -2.222440686553 -1.193455695103 -0.087960482380 -0.440119328069
154 1785749537.652921200 0.475333508214 0.184893420788 0.069961241836 -2.228379003151 -1.189633526306 -0.091745899553 -0.450908858909
155 1785749537.682883978 0.475319127145 0.184684362643 0.077889472402 -2.232949520214 -1.182313295418 -0.103941046817 -0.464464881490
156 1785749537.722997904 0.475327382944 0.183312302049 0.105647067811 -2.233766045404 -1.162237588173 -0.138978126750 -0.481513373524
157 1785749537.752885818 0.474187283681 0.184039611343 0.115058679104 -2.233767110669 -1.155030541631 -0.153947222605 -0.488568619884
158 1785749537.792899132 0.465688337695 0.187880422267 0.121188210668 -2.234155399556 -1.143684410122 -0.171455376244 -0.496741861269
159 1785749537.822902679 0.455150475577 0.190964096493 0.124419690335 -2.235617474994 -1.133734573974 -0.185966941024 -0.503188309004
160 1785749537.852901459 0.445665627355 0.192906339876 0.124720094906 -2.238787169323 -1.127334997874 -0.194620084037 -0.510166856324
161 1785749537.892897367 0.428054143066 0.193504219541 0.121582358510 -2.245749205045 -1.121148208346 -0.205925735497 -0.523981205531
162 1785749537.923317432 0.419006053263 0.192999284198 0.117982829980 -2.253757863075 -1.115194978045 -0.215867315846 -0.539865896169
163 1785749537.952884436 0.407790949280 0.191257843161 0.111786719388 -2.261797413774 -1.110882254976 -0.221551034245 -0.555994532362
164 1785749537.992881060 0.393858622037 0.190074334373 0.099638443760 -2.271284126209 -1.106632382508 -0.232327249280 -0.574163682583
165 1785749538.023139477 0.380945752860 0.189843704622 0.091305945341 -2.274745170362 -1.104704253879 -0.244253417273 -0.583194461840
166 1785749538.062898636 0.363435202376 0.189753689778 0.083889574337 -2.276802728620 -1.102554017615 -0.259016917092 -0.592380237072
167 1785749538.092882156 0.341217248350 0.189745433978 0.078337416097 -2.278628591863 -1.101629634401 -0.267004269834 -0.605184715593
168 1785749538.122934103 0.322747160926 0.189545430580 0.072673937723 -2.281284296102 -1.097468844672 -0.272126061242 -0.621376735021
169 1785749538.162884951 0.293918442126 0.188484160886 0.066683423167 -2.285954948022 -1.085542277204 -0.277476884504 -0.644384316310
170 1785749538.192875862 0.279109668569 0.187417564869 0.062426093848 -2.288044464213 -1.077135343433 -0.282735029760 -0.662042139602
171 1785749538.222920179 0.263619392088 0.185364533985 0.056862217699 -2.290470071334 -1.075560882596 -0.287454683844 -0.675372326122
172 1785749538.262898445 0.241946587137 0.183271023052 0.046929159465 -2.291108697364 -1.075602827383 -0.292047571460 -0.685549862544
173 1785749538.292881966 0.230747195805 0.183048649101 0.038874162432 -2.291110295260 -1.075577394195 -0.294053464393 -0.692224809500
174 1785749538.332896709 0.215830830539 0.183047051204 0.029569077583 -2.291083663649 -1.071815146523 -0.300980346389 -0.705422370598
175 1785749538.362915039 0.209323929048 0.183080074402 0.028444158339 -2.289983778119 -1.066297076744 -0.310053203590 -0.712216627171
176 1785749538.392905474 0.202185059430 0.183569829726 0.028380242473 -2.283502709290 -1.060392715450 -0.326773061546 -0.717190879455
177 1785749538.432898283 0.190016011145 0.188654869512 0.028353078229 -2.271039648021 -1.053485274530 -0.351289057277 -0.717712859029
178 1785749538.462903261 0.184211118917 0.192333493926 0.028374916150 -2.264289599922 -1.051588704360 -0.363426147629 -0.718138432171
179 1785749538.492904186 0.171607442742 0.198805508007 0.028369057196 -2.254911011827 -1.045636273008 -0.375802389847 -0.718415400924
180 1785749538.532897949 0.157402407804 0.203957393135 0.022367357363 -2.246119917069 -1.039780514403 -0.384571114052 -0.719368812594
181 1785749538.562898874 0.143867690512 0.205742243698 0.013059076721 -2.240729679023 -1.039682376917 -0.386439055240 -0.722148620140
182 1785749538.602889061 0.125636754953 0.205891380719 0.001856223280 -2.236659836245 -1.038588882973 -0.388822584416 -0.732046524648
183 1785749538.632894278 0.113234413757 0.205866613321 -0.008002799076 -2.233691476894 -1.034807061067 -0.391299324230 -0.741721788888
184 1785749538.662901163 0.099111137864 0.205899636518 -0.021616878568 -2.229227486274 -1.033317288753 -0.392392285541 -0.744131949674
185 1785749538.702890396 0.084183321006 0.205860488050 -0.037335920586 -2.223096889445 -1.033278273443 -0.395619504150 -0.744900537965
186 1785749538.732914925 0.072409485826 0.205889782822 -0.050704989258 -2.217487739557 -1.033379473565 -0.402117084578 -0.744880830573
187 1785749538.762884855 0.062716644723 0.205897239673 -0.060411678800 -2.211655416770 -1.033391457790 -0.412570524488 -0.744880297941
188 1785749538.802900314 0.051320978419 0.205879929126 -0.064836254635 -2.200395039049 -1.033397449902 -0.435950948330 -0.744878700044
189 1785749538.832927704 0.040714939377 0.205869542798 -0.065720424117 -2.189259297267 -1.029538529482 -0.458725769341 -0.744907462184
190 1785749538.862971544 0.029944050665 0.205898038622 -0.068427261048 -2.177892393102 -1.024395033311 -0.475956421593 -0.745114123484
191 1785749538.902973652 0.018347049382 0.204311593560 -0.080929204470 -2.170746066633 -1.026551394846 -0.477447791804 -0.745222780457
192 1785749538.932991982 0.013273461189 0.197654489784 -0.090873980612 -2.166583013217 -1.028488445065 -0.477451520229 -0.745235030998
193 1785749538.972975016 0.007591340687 0.187025813873 -0.101526624973 -2.162897198268 -1.028877932374 -0.477436606527 -0.746282185939
194 1785749539.002928734 0.003511377897 0.182630000178 -0.109622634686 -2.161443112313 -1.026735685593 -0.477578819330 -0.753199480554
195 1785749539.032986641 -0.003408047247 0.182341579832 -0.115973208622 -2.157527200246 -1.021269414298 -0.484418882273 -0.758699440837
196 1785749539.072896957 -0.012571451926 0.184820716490 -0.120996995702 -2.146558704981 -1.018464306722 -0.501143533919 -0.758856034709
197 1785749539.102970362 -0.020579843640 0.186286520354 -0.124117687868 -2.136325242176 -1.017938465564 -0.513706197413 -0.758831533627
198 1785749539.142902851 -0.033045035438 0.187043124420 -0.128628017490 -2.119820035004 -1.017770686416 -0.529046537924 -0.758857632606
199 1785749539.172977209 -0.041360489626 0.187021286499 -0.132036863685 -2.108033949284 -1.016606086071 -0.537934571746 -0.758851773652
200 1785749539.202931881 -0.049989131557 0.187032738092 -0.135848379837 -2.098630327475 -1.016604488174 -0.541911203886 -0.758843251536
201 1785749539.242925644 -0.057313090871 0.187040194943 -0.143692454512 -2.086898570241 -1.015642820705 -0.547037788984 -0.758849110490
202 1785749539.272909880 -0.066422433380 0.187030341247 -0.149088018880 -2.076098386756 -1.007471044058 -0.554763619307 -0.758819283086
203 1785749539.302902222 -0.072959961224 0.187055108645 -0.153134425841 -2.071197637718 -1.006820966436 -0.557576450050 -0.758861361031
204 1785749539.342897892 -0.079491363797 0.187034069672 -0.158509750185 -2.062075245720 -1.006857584901 -0.564091607341 -0.758829935731
205 1785749539.372889996 -0.086893087415 0.187023683344 -0.161614463384 -2.053601599764 -1.006835880138 -0.572354863571 -0.758844316800
206 1785749539.412892342 -0.096603239065 0.187040194943 -0.163305038044 -2.040641060003 -1.011225169088 -0.584527107649 -0.758848045226
207 1785749539.442898989 -0.103784719261 0.187058038122 -0.163874954517 -2.030165249539 -1.011499208365 -0.594373346832 -0.758821413615
208 1785749539.472896576 -0.114921259991 0.187040194943 -0.167037724628 -2.017327747820 -1.011502936790 -0.604981250086 -0.758841121007
209 1785749539.512896299 -0.124537135739 0.187025014925 -0.172631960813 -2.006518509588 -1.014138800479 -0.610499852496 -0.758860828399
210 1785749539.542894125 -0.132394259903 0.187023683344 -0.175267425028 -1.997877084483 -1.016030843276 -0.617984400424 -0.758844849433
211 1785749539.572988510 -0.140843138462 0.187143525593 -0.176921248065 -1.991386960906 -1.016018060102 -0.623909401217 -0.758860828399
212 1785749539.612929821 -0.149627575317 0.187523292365 -0.179983350686 -1.984190034376 -1.016545365998 -0.629386990947 -0.758835794685
213 1785749539.642972469 -0.155118480853 0.187585344018 -0.183543997064 -1.979861864973 -1.017212754167 -0.629935069500 -0.758860828399
214 1785749539.682980299 -0.164122362182 0.187545662918 -0.189032239438 -1.972957886163 -1.018319830232 -0.630108174970 -0.758892253700
215 1785749539.712914705 -0.169534704466 0.187570430316 -0.192286089658 -1.967731698840 -1.018785617107 -0.631642688391 -0.759239529906
216 1785749539.742938995 -0.177147749916 0.187541934492 -0.194886400146 -1.958128872581 -1.018766176031 -0.638026285524 -0.759204908812
217 1785749539.782982349 -0.187977760805 0.187504383921 -0.197887782695 -1.948790764535 -1.018751928119 -0.642851400787 -0.759434473298
218 1785749539.812999249 -0.194177333506 0.187115828718 -0.201562412367 -1.943833023849 -1.020395231670 -0.643911871533 -0.759396656411
219 1785749539.842906952 -0.198084989774 0.186145905449 -0.204208529226 -1.941758421360 -1.021108426210 -0.644299627787 -0.759393993249
220 1785749539.882914066 -0.200000867862 0.183809514225 -0.209976403515 -1.941606088546 -1.023051335383 -0.645269018424 -0.759425951183
221 1785749539.912898064 -0.200040682120 0.182432127309 -0.213681393224 -1.941552825324 -1.023025103246 -0.646100457316 -0.759434473298
222 1785749539.952887058 -0.203681622805 0.180182022504 -0.219633025628 -1.934513025299 -1.022694072323 -0.646063705693 -0.759432342769
223 1785749539.982917547 -0.209605558333 0.179091458037 -0.222830949465 -1.926083055184 -1.022568237961 -0.646585685267 -0.759411037480
224 1785749540.012899160 -0.217548835759 0.178902906232 -0.226275482019 -1.914016272285 -1.022582485873 -0.648659755124 -0.759416896435
225 1785749540.052899599 -0.227072566133 0.178902906232 -0.230261168906 -1.897712400091 -1.022548663727 -0.651823057867 -0.759408374319
226 1785749540.082983255 -0.230140527709 0.178866953557 -0.231380761828 -1.890134108894 -1.024827930146 -0.653667030606 -0.759440332252
227 1785749540.112983465 -0.230886479130 0.178905835709 -0.231500604077 -1.884065297401 -1.025295314918 -0.657584540569 -0.759405178526
228 1785749540.152980804 -0.231632563709 0.178899710439 -0.231487288272 -1.876729353863 -1.023498480130 -0.664457094078 -0.759408374319
229 1785749540.182983875 -0.233436855348 0.178913292560 -0.231504865135 -1.872722361687 -1.022038668379 -0.668314416601 -0.759428614344
230 1785749540.222903728 -0.236632249182 0.179193457107 -0.231530431482 -1.869258121741 -1.022021357832 -0.671468131964 -0.759429679608
231 1785749540.252904415 -0.239241747576 0.179288531958 -0.231709395907 -1.864166157736 -1.021705373768 -0.675125184773 -0.759400384836
232 1785749540.282907963 -0.241691722621 0.179250981387 -0.231681166399 -1.859817748309 -1.020392302193 -0.677763312149 -0.759436071195
233 1785749540.322886944 -0.245175403643 0.179271221411 -0.231700341159 -1.854358800706 -1.019318249325 -0.680914364350 -0.759416896435
234 1785749540.352901459 -0.246688478616 0.179584409155 -0.231680101135 -1.852660236563 -1.019314520900 -0.682127167911 -0.759641134599
235 1785749540.382901430 -0.249307830706 0.180656331494 -0.231717918022 -1.849600797103 -1.019159391766 -0.684876615420 -0.759762574744
236 1785749540.422949076 -0.253844525623 0.181531712544 -0.231740288575 -1.845975169594 -1.017993992473 -0.689096660484 -0.759965507619
237 1785749540.452900887 -0.257806776693 0.181883782440 -0.231738158047 -1.844077933634 -1.017280931091 -0.689528092580 -0.761402549344
238 1785749540.482973337 -0.262179554045 0.182475536834 -0.231737092782 -1.841506917918 -1.013899115981 -0.689865248774 -0.763546926653
239 1785749540.522922277 -0.265770294143 0.183670230899 -0.231720048551 -1.836692455299 -1.011471511489 -0.690681241332 -0.764027360914
240 1785749540.552992582 -0.267358203942 0.184652937342 -0.231757332806 -1.833112101529 -1.010365234372 -0.691818943750 -0.764005522993
241 1785749540.593458652 -0.268592579108 0.185477718331 -0.231719515919 -1.829406046556 -1.006447191777 -0.692822955481 -0.764024165121
242 1785749540.622987032 -0.269590998200 0.186703837697 -0.231755202278 -1.827088563776 -1.006095121881 -0.693303922374 -0.764025763017
243 1785749540.652981281 -0.271127242675 0.188944088806 -0.231759995967 -1.824592116570 -1.006128810868 -0.693873306215 -0.764033219868
244 1785749540.692889929 -0.273103175046 0.192244278029 -0.231720581183 -1.821332407396 -1.004991774241 -0.694846957909 -0.764022567224
245 1785749540.722903728 -0.273561638228 0.194107691844 -0.231761061232 -1.819953422583 -1.003586690450 -0.696263226977 -0.764027360914
246 1785749540.752970219 -0.273581745094 0.195853127622 -0.231760528600 -1.819975260504 -1.003555265149 -0.696823556070 -0.764016708270
247 1785749540.792984486 -0.273566032443 0.198223607308 -0.231734962253 -1.818761924312 -1.002760577880 -0.697381754635 -0.764017773534
248 1785749540.822983265 -0.273590799842 0.198820688025 -0.231716320126 -1.816894515755 -1.002184536136 -0.697890951035 -0.764007653522
249 1785749540.862896204 -0.273850724364 0.199287273848 -0.231763724393 -1.814412449619 -1.002196520361 -0.698738901526 -0.764038546191
250 1785749540.892931938 -0.274888025609 0.199391403446 -0.231732299092 -1.811775920140 -1.000958416770 -0.702523786067 -0.764030556707
251 1785749540.922935486 -0.275271520806 0.199394332924 -0.231727505402 -1.810322899449 -0.998983949138 -0.705128890246 -0.764015110373
252 1785749540.962897778 -0.275338232991 0.199577025774 -0.231753604381 -1.808958828339 -0.998581811813 -0.707395772966 -0.764012979844
253 1785749540.992902517 -0.275684310774 0.200391154120 -0.231722179080 -1.805842929864 -0.997281523411 -0.711622742248 -0.764006055625
254 1785749541.032904625 -0.277632413112 0.201171726635 -0.231640153718 -1.800706224753 -0.996781115442 -0.715933334788 -0.764029491443
255 1785749541.062905788 -0.279565734905 0.201279584659 -0.231337085986 -1.797149839433 -0.996605879443 -0.716741337863 -0.764001794568
256 1785749541.092904806 -0.280633795660 0.201294498361 -0.230983950826 -1.794660316446 -0.996650087917 -0.716834548501 -0.764012447212
257 1785749541.132990360 -0.281369360753 0.201260143583 -0.230610043009 -1.791984372183 -0.995734759450 -0.718154943770 -0.764042274616
258 1785749541.162916422 -0.281543132015 0.201263872009 -0.230536007130 -1.791334560877 -0.991289410958 -0.718486773641 -0.764004990361
259 1785749541.193401337 -0.281529549893 0.201143230812 -0.229603900749 -1.791366518810 -0.988612401431 -0.718483045216 -0.764008718786
260 1785749541.232923031 -0.281540069379 0.201149356082 -0.228790038720 -1.790953196209 -0.991879567456 -0.719097702795 -0.764010316683
261 1785749541.262917995 -0.282046469461 0.203937153111 -0.228510406805 -1.785956573372 -0.994342325674 -0.722342498268 -0.763999664039
262 1785749541.293036222 -0.284450771293 0.206432801369 -0.228543430003 -1.779658197394 -0.994333404084 -0.725452537789 -0.764010316683
263 1785749541.332917690 -0.285473158835 0.208082097032 -0.228521592082 -1.774661574557 -0.994343790413 -0.726802227829 -0.764016175637
264 1785749541.362912178 -0.285497127285 0.208364658423 -0.228197219061 -1.771346471632 -0.992594093576 -0.729163919084 -0.763998066142
265 1785749541.402940750 -0.285512839935 0.208380903706 -0.225018469984 -1.769755499196 -0.992129771440 -0.732147724769 -0.764001794568
266 1785749541.432915926 -0.285531615221 0.208642426125 -0.224768665474 -1.768769064329 -0.992140290927 -0.733428172621 -0.764030556707
267 1785749541.462909698 -0.285525623109 0.208656540879 -0.224785177073 -1.767827903199 -0.992099810878 -0.733911270043 -0.764003925096
268 1785749541.503097773 -0.286750943526 0.207249859191 -0.224435770338 -1.766761040867 -0.992322983777 -0.733893693180 -0.764022567224
269 1785749541.532915831 -0.288023535053 0.206830677635 -0.224458140891 -1.764763137417 -0.993140973706 -0.733896888973 -0.764028958811
270 1785749541.562902451 -0.289290933416 0.205343035851 -0.224437900866 -1.761866150783 -0.993868283000 -0.733928314274 -0.764015110373
271 1785749541.602907896 -0.289463106780 0.202117681454 -0.224474119857 -1.759579028039 -0.997041838913 -0.733901150031 -0.763995935613
272 1785749541.632908583 -0.289460843093 0.201362675285 -0.224466663006 -1.758838669256 -0.998041722744 -0.733907541617 -0.764016175637
273 1785749541.672899246 -0.290345545208 0.199887816674 -0.225023263674 -1.758403508734 -0.997772876632 -0.734346430565 -0.764003925096
274 1785749541.702973843 -0.291707219473 0.196763129767 -0.225324200877 -1.758405639263 -0.997799774559 -0.734652694090 -0.764001794568
275 1785749541.732901335 -0.294145210293 0.193434444720 -0.225382790421 -1.758409900320 -0.997898710994 -0.734756557373 -0.764007120890
276 1785749541.772904158 -0.298571916657 0.189059403681 -0.225421672573 -1.755350460860 -1.001777072489 -0.734781591087 -0.764006055625
277 1785749541.802910805 -0.301619638208 0.185360006611 -0.225397704123 -1.752273977169 -1.014618835266 -0.734763481592 -0.764014577741
278 1785749541.832932234 -0.303314607084 0.184286752692 -0.225423270470 -1.748770322439 -1.019529438000 -0.734785319513 -0.764001794568
279 1785749541.872898102 -0.306956346717 0.184267311616 -0.225399302020 -1.739332612168 -1.017631403091 -0.734776797397 -0.764028958811
280 1785749541.902885914 -0.308535334927 0.184366913841 -0.225396106227 -1.732914926573 -1.017480135541 -0.734759753166 -0.764012447212
281 1785749541.942901611 -0.308674618252 0.186103827504 -0.225416878883 -1.730461089945 -1.017073470842 -0.734769340546 -0.764024165121
282 1785749541.972908974 -0.308287394630 0.188958203560 -0.225434988379 -1.730491449981 -1.014732019612 -0.735648183706 -0.764041741984
283 1785749542.002946377 -0.305802931649 0.191811248036 -0.225796645655 -1.731613173432 -1.007225367447 -0.738554225087 -0.764029491443
284 1785749542.042988539 -0.301156780811 0.193535644842 -0.227896281858 -1.740978445721 -1.001203294432 -0.739464493548 -0.765468663696
285 1785749542.072932959 -0.298716526304 0.193737778768 -0.227928772423 -1.744305266555 -1.001186117043 -0.740296997705 -0.765505947951
286 1785749542.102904081 -0.298032626536 0.193739376665 -0.227890422904 -1.746183860388 -1.000780917083 -0.740551595905 -0.765703554504
287 1785749542.142895222 -0.297953264336 0.194952712858 -0.227925576630 -1.747241667973 -1.000787574986 -0.741105533412 -0.768657532785
288 1785749542.172894955 -0.297928496937 0.197290435662 -0.228099214733 -1.747254451146 -0.997542912672 -0.742347099112 -0.768843421429
289 1785749542.212918520 -0.297258845081 0.198645185709 -0.228335170806 -1.747259244836 -0.991902870116 -0.743470953092 -0.770745983712
290 1785749542.242954969 -0.295614875740 0.200323776144 -0.228337301335 -1.747520767255 -0.990962774251 -0.745243553113 -0.773017660122
291 1785749542.272908211 -0.294675578824 0.202594919922 -0.228322387632 -1.747710916957 -0.989365143913 -0.746468074583 -0.773012333800
292 1785749542.312908649 -0.292947586751 0.204167782862 -0.228350084508 -1.747736483304 -0.986603579020 -0.746485651446 -0.773052813848
293 1785749542.342904806 -0.290588958131 0.204870324757 -0.228320789736 -1.747745538051 -0.987477628490 -0.746447301926 -0.773007007478
294 1785749542.372896671 -0.289112634781 0.206975020967 -0.228356476094 -1.747741809626 -0.987931564298 -0.746446769294 -0.773025116973
295 1785749542.412909269 -0.288797316508 0.211612117057 -0.228327181322 -1.746343650054 -0.980409998431 -0.746460617732 -0.773008072742
296 1785749542.442925453 -0.287034836498 0.214056898937 -0.228357008727 -1.746272809969 -0.976588495425 -0.748341342093 -0.773043226468
297 1785749542.472901344 -0.285245458562 0.214366358256 -0.228314398149 -1.746287191038 -0.975028282500 -0.751091854867 -0.773007007478
298 1785749542.512904167 -0.284370610144 0.214372483526 -0.228331442380 -1.746890130709 -0.974731606355 -0.751832746283 -0.773010203271
299 1785749542.542908907 -0.284223736810 0.212794294264 -0.228340497128 -1.746884804387 -0.975490340950 -0.751814104155 -0.773043226468
300 1785749542.582890034 -0.284135453020 0.210672287508 -0.228314930781 -1.746888000180 -0.980559668085 -0.751836474708 -0.773028845398
301 1785749542.612888336 -0.284147437245 0.208950287547 -0.228351149772 -1.746867227524 -0.981937853949 -0.751840203134 -0.773023519076
302 1785749542.642920256 -0.284122669846 0.207148126437 -0.228321855000 -1.746471481786 -0.982950654111 -0.751812506258 -0.773052281216
303 1785749542.682889223 -0.284107756144 0.204047940612 -0.228322387632 -1.746331399513 -0.983534818496 -0.751844464191 -0.773021388547
304 1785749542.712928057 -0.284112949308 0.202313157478 -0.228341029760 -1.745829659963 -0.983440409436 -0.751823691535 -0.773047487526
305 1785749542.742902517 -0.284135453020 0.201371730033 -0.228559408969 -1.744197674847 -0.979230218068 -0.753484438791 -0.773015529593
306 1785749542.782903433 -0.284130925646 0.200277437141 -0.228553017383 -1.743770503808 -0.977410080621 -0.756271170555 -0.773036302250
307 1785749542.812909603 -0.284184055710 0.199843075567 -0.228706948094 -1.743752394313 -0.977333781056 -0.758909297931 -0.773013399064
308 1785749542.852905273 -0.285744268634 0.199318699149 -0.228876325139 -1.743744404830 -0.977358415296 -0.760860862378 -0.773014464329
309 1785749542.882900000 -0.286857336812 0.198481933934 -0.229174066549 -1.743777428027 -0.980081896985 -0.761273119715 -0.773024584341
310 1785749542.912915230 -0.287857220643 0.197385510513 -0.229249700324 -1.743290602180 -0.981316937940 -0.761577252711 -0.773027247502
311 1785749542.952986956 -0.289742605537 0.195755655926 -0.229769549369 -1.741286307143 -0.981063804479 -0.762659028746 -0.773013931696
312 1785749542.982991695 -0.290373242083 0.194206761436 -0.229756766196 -1.740424508215 -0.980717726695 -0.763441465474 -0.773008072742
313 1785749543.012993336 -0.290482564846 0.193166264398 -0.229881934767 -1.740461259838 -0.980701348255 -0.764471576184 -0.773013931696
314 1785749543.052984715 -0.290529702797 0.192116179981 -0.229880336870 -1.739301719499 -0.979033277306 -0.765394627818 -0.772918057897
315 1785749543.082989216 -0.290549942821 0.192101798911 -0.229854770524 -1.738292381446 -0.979039269418 -0.766464153311 -0.772958537946
316 1785749543.122988462 -0.290868323730 0.192130294734 -0.229953307484 -1.734917091080 -0.979037671522 -0.768597345345 -0.772864262043
317 1785749543.152984619 -0.291161937240 0.191989679829 -0.229947981162 -1.733999898401 -0.982143183669 -0.768695349673 -0.772875447320
318 1785749543.182925224 -0.291446496002 0.191331879040 -0.229950111691 -1.732822781199 -0.985130185147 -0.768700675995 -0.772886632596
319 1785749543.222923040 -0.292051033570 0.189981390051 -0.229965025393 -1.732398273321 -0.986593059534 -0.768924381526 -0.772902611563
320 1785749543.252898932 -0.292035986710 0.189698296027 -0.229949579058 -1.732381761723 -0.986680677534 -0.771160904210 -0.772902611563
321 1785749543.282995701 -0.292053963047 0.189663941249 -0.229961296967 -1.733452352481 -0.985671073165 -0.773952429665 -0.772877045216
322 1785749543.322985411 -0.292035986710 0.189693236021 -0.229974612773 -1.735819902690 -0.985274794795 -0.775776695011 -0.772872251526
323 1785749543.352982998 -0.292015746685 0.189695366550 -0.229981536992 -1.736750943807 -0.985028319236 -0.775835817187 -0.772867990469
324 1785749543.392987967 -0.292028529858 0.189696165498 -0.229962894864 -1.736739758530 -0.980878048993 -0.775863514063 -0.772866925204
325 1785749543.422988176 -0.292024002485 0.189664740197 -0.229974080140 -1.736744552220 -0.978628077346 -0.775865644592 -0.772864262043
326 1785749543.452987194 -0.292017344582 0.189793370878 -0.229971949612 -1.736738160634 -0.978664695811 -0.775856589844 -0.772886632596
327 1785749543.492997169 -0.292039715135 0.190912431168 -0.230082737113 -1.736770118567 -0.976554007489 -0.775864046695 -0.772899948402
328 1785749543.522981644 -0.292043576719 0.190926812238 -0.230066225514 -1.736739758530 -0.976089552195 -0.775992943692 -0.772906339988
329 1785749543.552932024 -0.292052498308 0.190867690062 -0.230081139216 -1.736736562737 -0.973455286403 -0.777272858912 -0.772868523101
330 1785749543.592908859 -0.292053963047 0.190886332189 -0.230133869806 -1.736762661716 -0.971538609366 -0.778988999918 -0.772890893654
331 1785749543.622913599 -0.292033723023 0.190854107940 -0.230187665660 -1.736738160634 -0.971535546731 -0.780729642007 -0.772893556815
332 1785749543.662908554 -0.292011352469 0.192233092752 -0.230271288918 -1.736732834312 -0.971559515181 -0.781841778078 -0.772884502067
333 1785749543.692905664 -0.292044242509 0.193380382550 -0.230429480687 -1.735836414289 -0.971539408314 -0.782975752070 -0.772893556815
334 1785749543.722905397 -0.292036785658 0.193947369546 -0.230440665963 -1.735615371918 -0.971545400427 -0.783443403157 -0.772894089447
335 1785749543.762906075 -0.292011352469 0.194123404494 -0.230431611216 -1.734672080260 -0.971559515181 -0.783670837114 -0.772896219976
336 1785749543.792899370 -0.292030793545 0.190510293843 -0.230445459653 -1.734432395762 -0.971555786755 -0.783647933929 -0.772894089447
337 1785749543.822938204 -0.292041313032 0.184311520090 -0.230425219629 -1.734443048406 -0.974766893239 -0.783657521309 -0.772865859940
338 1785749543.862915754 -0.291721467385 0.176955336527 -0.230427882790 -1.734266214510 -0.984366257389 -0.783670837114 -0.772869588365
339 1785749543.892905712 -0.291696699987 0.174497771473 -0.230469428103 -1.730652837543 -0.984470386987 -0.783655923412 -0.772891958918
340 1785749543.922904015 -0.291696699987 0.171781080845 -0.230453981769 -1.728193141960 -0.986749653406 -0.783654325516 -0.772899415769
341 1785749543.962907553 -0.291681786285 0.170997046220 -0.230445992286 -1.728166510349 -0.992638302051 -0.783680957127 -0.773255214091
342 1785749543.992906094 -0.291689908926 0.172129422316 -0.230452916504 -1.728176097729 -0.994542329072 -0.783684685552 -0.773347359465
343 1785749544.032909393 -0.291681786285 0.173617064101 -0.230438535435 -1.728168108246 -0.994673356598 -0.783643140239 -0.773376654237
344 1785749544.062960625 -0.290567253368 0.173632776751 -0.230449188079 -1.728181956684 -0.998566764953 -0.783657521309 -0.773761747330
345 1785749544.092909336 -0.290363521545 0.173596025128 -0.230453981769 -1.728181424051 -1.002872164329 -0.783670837114 -0.773727658869
346 1785749544.132910013 -0.290352203110 0.173608009353 -0.230452916504 -1.726348636589 -1.002865373269 -0.783650064458 -0.773740442042
347 1785749544.162983179 -0.289821168789 0.170768546999 -0.230440133331 -1.726212815374 -1.005124399663 -0.783683087655 -0.773727658869
348 1785749544.192900181 -0.289049651021 0.168220434468 -0.230451851240 -1.726187249027 -1.009044040156 -0.783666576057 -0.773771334710
349 1785749544.232905149 -0.288741123809 0.166603363054 -0.230441731228 -1.726257023848 -1.009574275529 -0.783658586573 -0.773762812595
350 1785749544.262903690 -0.288580135721 0.165961274915 -0.230440133331 -1.727983817499 -1.010890276581 -0.783690011874 -0.773741507306
351 1785749544.302942991 -0.288284258524 0.165598818691 -0.229979939095 -1.728922315467 -1.012496162719 -0.783660717102 -0.773728724133
352 1785749544.332912445 -0.288303699600 0.165596688162 -0.229790854657 -1.728999014506 -1.012492434293 -0.783678826598 -0.773759084169
353 1785749544.362906694 -0.288277467463 0.165339693116 -0.228380444544 -1.729205143174 -1.012500690093 -0.783677228701 -0.773738844145
354 1785749544.402926445 -0.288304498548 0.164369769847 -0.226647791939 -1.729210469497 -1.012512674317 -0.783663380263 -0.773729256765
355 1785749544.432904005 -0.288290250636 0.163199843181 -0.225460022093 -1.729207273703 -1.012511875369 -0.783648466561 -0.773757486273
356 1785749544.462908745 -0.288243778475 0.162667210963 -0.225359354604 -1.729208338968 -1.012863945265 -0.783662847631 -0.773017127490
357 1785749544.502898932 -0.286780238298 0.161237359773 -0.223422703859 -1.729227513728 -1.015283293958 -0.783653260251 -0.770151033525
358 1785749544.532911062 -0.284121205108 0.160284480735 -0.221867417782 -1.729222720038 -1.017552839838 -0.783687348713 -0.768030092032
359 1785749544.572900534 -0.281372290231 0.160262110182 -0.220704149018 -1.729739373289 -1.019604272826 -0.783680957127 -0.764580765789
360 1785749544.602985382 -0.280275733652 0.160253854383 -0.219472170698 -1.730575073239 -1.021223741085 -0.783646868665 -0.763690204720
361 1785749544.632989645 -0.280077194993 0.160229086985 -0.219018900680 -1.730684795476 -1.021495649832 -0.783668706586 -0.762224933488
362 1785749544.672978401 -0.280040576528 0.160222429082 -0.216524051371 -1.730685328108 -1.025265354355 -0.783655390780 -0.759914374926
363 1785749544.702982903 -0.279765605145 0.160254653331 -0.215303790960 -1.730685328108 -1.027988836044 -0.783662847631 -0.757311401277
364 1785749544.732996702 -0.279457077933 0.160261311234 -0.213962623035 -1.730689589166 -1.031289691057 -0.783662847631 -0.753813072869
365 1785749544.772982359 -0.278941756262 0.160227755404 -0.211311712486 -1.730689589166 -1.035076706127 -0.783666043424 -0.750214609604
366 1785749544.802985430 -0.277678219483 0.160232815410 -0.208609136611 -1.730658163865 -1.036371002417 -0.783673500276 -0.748488348586
367 1785749544.832986832 -0.276015341698 0.160239739629 -0.205961421856 -1.730690654430 -1.036899773052 -0.783681489759 -0.748094200744
368 1785749544.872986078 -0.273593063529 0.162897041765 -0.203645536972 -1.730690654430 -1.036920013076 -0.783690011874 -0.744854731594
369 1785749544.902986765 -0.272330991488 0.165093350716 -0.202503040864 -1.730714622880 -1.036926804137 -0.783655390780 -0.739144381585
370 1785749544.942990541 -0.270385019679 0.167464629350 -0.199441470875 -1.732934633965 -1.036941052048 -0.783728894026 -0.736462045735
371 1785749544.972991705 -0.269374616362 0.168406056796 -0.196331431354 -1.734476071604 -1.035662468409 -0.784026102804 -0.735331267536
372 1785749545.002981424 -0.268725204530 0.168497403221 -0.193829125194 -1.735273954667 -1.034410915855 -0.784040483874 -0.731664627347
373 1785749545.042987347 -0.266974708746 0.168484087416 -0.189598427486 -1.736253997948 -1.032537515186 -0.784164587181 -0.721092943084
374 1785749545.072986126 -0.265404109493 0.168476630564 -0.186189581291 -1.740763262305 -1.028966216164 -0.784249275703 -0.719123801774
375 1785749545.102986574 -0.263435633973 0.168465977920 -0.183686742498 -1.744935903101 -1.020049952835 -0.784236492530 -0.719084386990
376 1785749545.142993212 -0.257670556003 0.170044167182 -0.180000394917 -1.755819177212 -1.004351417157 -0.784223176725 -0.719089180680
377 1785749545.172984838 -0.250997606418 0.170080119857 -0.173678050490 -1.767448669060 -0.999342810095 -0.784225307253 -0.719109420704
378 1785749545.212982893 -0.242066296228 0.170001556605 -0.168088075361 -1.779405729722 -0.985624601004 -0.784238090427 -0.719110485969
379 1785749545.242990255 -0.232027244183 0.168690748716 -0.160354788188 -1.791644552828 -0.978684935835 -0.784256732554 -0.719095572267
380 1785749545.272987604 -0.221489382066 0.167989005769 -0.150833987291 -1.805636801195 -0.978722353248 -0.784237557794 -0.719098235428
381 1785749545.312928915 -0.210601713739 0.168009778425 -0.143022403182 -1.820799775178 -0.972237422836 -0.784243949381 -0.719106757543
382 1785749545.342905045 -0.201257746738 0.168581292795 -0.135954373649 -1.833485476714 -0.961662809096 -0.784254602025 -0.719081191197
383 1785749545.372908354 -0.195134606760 0.168568775938 -0.128803786122 -1.843843575458 -0.956898413906 -0.784232231472 -0.719124867039
384 1785749545.412908077 -0.185672262249 0.164889618892 -0.110764065530 -1.862219919612 -0.952410987469 -0.784251406232 -0.719108355440
385 1785749545.442902565 -0.178326731330 0.161992365942 -0.099947370446 -1.871111681859 -0.950198433235 -0.784228503047 -0.718094756329
386 1785749545.472905874 -0.169431373815 0.158400826896 -0.085881086201 -1.878561076060 -0.950104024174 -0.784261526244 -0.709720712597
387 1785749545.512904644 -0.153467587293 0.150505353213 -0.061251107175 -1.893999420900 -0.960519114566 -0.784234362001 -0.697523967437
388 1785749545.542910814 -0.131104490987 0.136253979271 -0.036268525621 -1.909316325593 -0.976700081875 -0.784264189405 -0.686974653727
389 1785749545.582900763 -0.106660400606 0.118933045857 -0.002061286684 -1.930633864855 -0.986024474641 -0.784183229308 -0.681362840678
390 1785749545.612991333 -0.087967140283 0.105676096267 0.022599585010 -1.942974420714 -0.986527146297 -0.784090551302 -0.681193996265
391 1785749545.642989159 -0.066119898280 0.089268360791 0.051388356394 -1.955575433728 -0.991009912202 -0.784092681831 -0.676509495907
392 1785749545.682959557 -0.049127066313 0.078552865829 0.083138562910 -1.964397953787 -0.999942687130 -0.784079898658 -0.657727818636
393 1785749545.712992668 -0.031471373550 0.070043267198 0.113883159798 -1.969407892430 -1.012420528944 -0.784115052384 -0.627759266889
394 1785749545.742992163 -0.020118317823 0.066829364394 0.132239263928 -1.973102229494 -1.026939417417 -0.783793875157 -0.596954482560
395 1785749545.782992840 0.002488990355 0.063113455725 0.154433515820 -1.978012033280 -1.057132207327 -0.779243065486 -0.542954097769
396 1785749545.812993526 0.019035476524 0.060408749322 0.167081933102 -1.987020974615 -1.092189793601 -0.759838208519 -0.492238455866
397 1785749545.853081226 0.048924932386 0.057010555771 0.170172265231 -2.008452497171 -1.127721422548 -0.710834446565 -0.441962235543
398 1785749545.882993460 0.071131701135 0.051376372169 0.167169817418 -2.025744934761 -1.145245555153 -0.669288600928 -0.418599388564
399 1785749545.912979364 0.084319674854 0.044145357177 0.168570107519 -2.040846123407 -1.149341763226 -0.643980581089 -0.407113707415
400 1785749545.952977419 0.104447047424 0.030534473478 0.186150166507 -2.056226943966 -1.144964591658 -0.627827976445 -0.398235260973
401 1785749545.983070135 0.117227557495 0.019801667969 0.200463059469 -2.062206273246 -1.148744948826 -0.618357775609 -0.383828624740
402 1785749546.012980461 0.134309605359 0.007228085515 0.219683093056 -2.063598573864 -1.166233661388 -0.617938061421 -0.355026537551
403 1785749546.052980661 0.159859972858 -0.002046905614 0.238113233064 -2.063570344356 -1.195347871057 -0.616151080330 -0.307321865576
404 1785749546.082986593 0.172244737191 -0.004253600893 0.247196742910 -2.063602834921 -1.211877046679 -0.610760309651 -0.277834813355
405 1785749546.112983227 0.192322841281 -0.004547880194 0.251430103779 -2.061953805574 -1.227807810004 -0.595389076471 -0.243475241603
406 1785749546.152981758 0.217872409831 -0.004587561294 0.253317219727 -2.061844615970 -1.246533827208 -0.572633962853 -0.208457336429
407 1785749546.182986021 0.232046818417 -0.004574245488 0.259155401469 -2.061883498122 -1.253772299051 -0.565341695156 -0.189413604106
408 1785749546.222985506 0.245648913684 -0.005088768211 0.265636470298 -2.061854203350 -1.264632936293 -0.550300161320 -0.166665414707
409 1785749546.252980232 0.252588578853 -0.006651244822 0.268556360117 -2.061865388626 -1.275080250933 -0.534814944845 -0.153062520491
410 1785749546.282984495 0.256207814774 -0.007159642275 0.268597372798 -2.061852072821 -1.277258450389 -0.517601869456 -0.142161136885
411 1785749546.322980404 0.260839051910 -0.012308597926 0.258378823695 -2.060484273285 -1.282637769474 -0.476894919562 -0.137226832017
412 1785749546.352982759 0.262337612655 -0.021997710604 0.257592658541 -2.056850123661 -1.287987261156 -0.460256554335 -0.131155889996
413 1785749546.382982254 0.263208200016 -0.030463100761 0.263923525085 -2.052189591754 -1.294435573104 -0.455114522902 -0.117439545118
414 1785749546.423242331 0.267821327656 -0.036919668508 0.272989458067 -2.046492024918 -1.310849433850 -0.451661468233 -0.095759815948
415 1785749546.452981472 0.278401800351 -0.037766021102 0.279132838070 -2.041052784707 -1.321814999638 -0.449974089366 -0.074184482693
416 1785749546.492984295 0.290426505305 -0.036510606964 0.281027943502 -2.035342434698 -1.327605777113 -0.446644605372 -0.053303701850
417 1785749546.522984266 0.305084810261 -0.033563286586 0.281028476134 -2.034185024888 -1.327803383666 -0.441836001707 -0.043989562254
418 1785749546.552986145 0.318071182684 -0.033039709116 0.281034867721 -2.034211123867 -1.329520057304 -0.439535030526 -0.038883749812
419 1785749546.592984438 0.332278348151 -0.033037578587 0.281027410870 -2.034110989010 -1.330034047395 -0.436958688487 -0.030460703916
420 1785749546.622986794 0.340327219914 -0.033054622818 0.280358957436 -2.033861717132 -1.330241507644 -0.433778874145 -0.025142371219
421 1785749546.652982712 0.345274574271 -0.035193141173 0.280143241388 -2.033677426384 -1.331302777338 -0.430238467792 -0.019768112139
422 1785749546.692981482 0.350512479503 -0.039581498017 0.279962679066 -2.033630022117 -1.332491612449 -0.425662624407 -0.014964302165
423 1785749546.722985744 0.355193784067 -0.044821001146 0.280010083333 -2.033610314725 -1.338690386202 -0.420397022300 -0.010437993576
424 1785749546.762985945 0.359809841185 -0.046276951314 0.280006354908 -2.033606053667 -1.344822580928 -0.414513566820 -0.000822384145
425 1785749546.792990923 0.362834393235 -0.046251651284 0.280010083333 -2.031925066387 -1.345421792173 -0.411634157049 0.007221960244
426 1785749546.823123932 0.367531410449 -0.044313136326 0.280559759782 -2.031490971129 -1.345648693498 -0.407377892995 0.011390339982
427 1785749546.862989902 0.372918452702 -0.040656349833 0.284306294804 -2.030464588845 -1.350893256633 -0.403842812964 0.021390509876
428 1785749546.892985106 0.375701722357 -0.037390781705 0.285333209720 -2.026098069922 -1.355510112698 -0.401721871472 0.036353214144
429 1785749546.922990561 0.379296190881 -0.033678601461 0.285335340249 -2.021107306039 -1.358942128395 -0.398417953824 0.054799865751
430 1785749546.962985039 0.387283809938 -0.032912410016 0.285355047641 -2.020352033554 -1.363114236559 -0.394980878121 0.067140954242
431 1785749546.992979527 0.392866061899 -0.033216543012 0.285366232917 -2.020355761980 -1.363559783409 -0.394269281477 0.072805497881
432 1785749547.022981882 0.398519686577 -0.035444010948 0.285345460261 -2.020328065104 -1.363732888880 -0.393913483156 0.078550468984
433 1785749547.062982082 0.403483552533 -0.037115943480 0.285336938145 -2.020340315645 -1.364188289427 -0.393793640907 0.088797780227
434 1785749547.092982531 0.405159746123 -0.038344992323 0.285279413866 -2.020422873639 -1.365427990914 -0.393755824019 0.094491618637
435 1785749547.132987738 0.407594674308 -0.042999398960 0.285049316748 -2.020413818891 -1.366202438159 -0.393461811035 0.101781223173
436 1785749547.162982702 0.408698820896 -0.046322757685 0.285060502024 -2.020414351524 -1.366548382785 -0.393248758148 0.104219080835
437 1785749547.192982674 0.409699636833 -0.048530784545 0.285083405210 -2.020700375025 -1.366590993362 -0.392932907242 0.104992995448
438 1785749547.233611345 0.410720426479 -0.049273007540 0.287515403917 -2.021183472446 -1.366621886031 -0.390759767793 0.105027616542
439 1785749547.262897730 0.410700985403 -0.044291298405 0.289017959404 -2.021180809285 -1.366622684979 -0.385680054330 0.105047856566
440 1785749547.293131590 0.410729481227 -0.037612356707 0.288982273046 -2.020945385845 -1.366614429180 -0.376379763171 0.105048389198
441 1785749547.333021164 0.410736938078 -0.028036162060 0.287368397425 -2.015702154291 -1.366146245460 -0.363063957721 0.105999670340
442 1785749547.362906694 0.410731611756 -0.025935993224 0.286261587676 -2.011299416377 -1.366129733861 -0.354757025648 0.109466040814
443 1785749547.402896643 0.410740666503 -0.024297882838 0.286022435810 -2.007122514523 -1.366131864390 -0.353191086927 0.113698336419
444 1785749547.433064699 0.410740666503 -0.023990820364 0.281293194346 -2.004000757093 -1.366108694889 -0.352444336558 0.117757526552
445 1785749547.462901354 0.410711371731 -0.024082965738 0.276459556968 -2.000854498581 -1.367855462248 -0.348429354898 0.120072878804
446 1785749547.503087044 0.410699387507 -0.026634806694 0.274062179355 -1.995822722018 -1.374422817496 -0.345663395790 0.122611936587
447 1785749547.532918215 0.410696458029 -0.027181553666 0.271759610276 -1.989955245504 -1.377964821746 -0.341055594472 0.127286849565
448 1785749547.562917233 0.410730280175 -0.027457989787 0.263488364562 -1.985693122496 -1.381069534944 -0.328478017276 0.130380377487
449 1785749547.602891445 0.410539864157 -0.027019899788 0.252765412749 -1.983187087910 -1.382265826906 -0.311052421631 0.132755917179
450 1785749547.632908583 0.409996845611 -0.024306937585 0.245661696858 -1.981899183207 -1.382425882888 -0.299621601600 0.135578335303
451 1785749547.662876844 0.409639715709 -0.021692246027 0.241691988937 -1.981441119499 -1.382422953410 -0.292986602061 0.137040943373
452 1785749547.702879906 0.409566212463 -0.017431720915 0.239332428211 -1.981306896180 -1.382420822881 -0.289697598114 0.137664123068
453 1785749547.733179569 0.409576598791 -0.013225257973 0.235604002685 -1.981229664509 -1.382420822881 -0.284374471728 0.140419962164
454 1785749547.772939205 0.409575799843 -0.009331183827 0.228654750136 -1.981104495937 -1.382409637605 -0.274053124607 0.143615755472
455 1785749547.803115368 0.409582724061 -0.006523146774 0.221753434488 -1.981045373761 -1.382413366030 -0.264781062956 0.146958555273
456 1785749547.832906723 0.409425331241 -0.005492503432 0.217382121874 -1.980975066308 -1.382423752359 -0.258169499233 0.148783885884
457 1785749547.872988939 0.409414944913 -0.005307413736 0.216224179432 -1.981017676886 -1.382407240760 -0.254914583749 0.148960719780
458 1785749547.903109074 0.409378992238 -0.005080512412 0.216093151907 -1.980925531512 -1.382436535532 -0.253864765647 0.149023037750
459 1785749547.933016300 0.409293504767 -0.005027249190 0.215773039944 -1.980548960534 -1.382408838657 -0.250794673543 0.149044875671
460 1785749547.972901821 0.408783509418 -0.005044559737 0.214529876347 -1.978160105036 -1.382423752359 -0.247520050666 0.149037418820
461 1785749548.002903700 0.408716131443 -0.004883438491 0.214547985842 -1.976559545221 -1.382405110231 -0.246829226680 0.149126368400
462 1785749548.042903900 0.408684706142 -0.003123355326 0.214559703751 -1.975260987873 -1.382422953410 -0.246522963154 0.149165250552
463 1785749548.072902441 0.408345419419 -0.001569134514 0.214538931095 -1.974446060580 -1.382401914438 -0.246474493622 0.149168978978
464 1785749548.102895975 0.407225560181 0.000426904723 0.214539463727 -1.973733398672 -1.382445590280 -0.245872086584 0.149159391598
465 1785749548.142905235 0.403893945657 0.001983522380 0.213175392616 -1.973430330940 -1.382424551307 -0.241568418262 0.149270179099
466 1785749548.172905207 0.401733855697 0.002221608981 0.211482687428 -1.973428200411 -1.382434937635 -0.238303382766 0.149502939378
467 1785749548.202898741 0.399607321566 0.002262089030 0.210474414639 -1.973437255159 -1.382420822881 -0.236679387133 0.149990297858
468 1785749548.242907763 0.398545252924 0.002220011085 0.209968946664 -1.973435657262 -1.382434138687 -0.236326784605 0.152068628772
469 1785749548.272909880 0.398516757100 0.002825347600 0.209343636440 -1.973409025651 -1.382404311283 -0.236345426732 0.153098206850
470 1785749548.302907944 0.398477076000 0.004291151464 0.207865582035 -1.973404231961 -1.382415496559 -0.236332643559 0.154268399833
471 1785749548.342891216 0.398481603374 0.005883455480 0.205409082246 -1.973398905639 -1.382442394486 -0.236251683462 0.156344067586
472 1785749548.372899294 0.398472548626 0.006523146774 0.203425027233 -1.973414351974 -1.382441062906 -0.235747280752 0.156308913860
473 1785749548.412941456 0.398498647605 0.006990531545 0.201695570422 -1.972488104546 -1.382446122912 -0.235119307367 0.156317968608
474 1785749548.442903519 0.398510099197 0.007502923739 0.201050020173 -1.972112066201 -1.382432008158 -0.234905189215 0.156382417106
475 1785749548.472909451 0.398515159203 0.008159925580 0.199997538911 -1.971953341800 -1.382442394486 -0.234740605860 0.156388276061
476 1785749548.512903452 0.398368419027 0.008452606984 0.199396729769 -1.971724842578 -1.382404311283 -0.234613839392 0.156374427623
477 1785749548.542903185 0.397877065806 0.008740228382 0.199186872675 -1.970986081692 -1.382434138687 -0.234431679173 0.156377623416
478 1785749548.572897196 0.397090634336 0.009030779256 0.199011636675 -1.969811095019 -1.382404311283 -0.234470561325 0.156353654966
479 1785749548.612895489 0.396647218015 0.009860087620 0.198574345624 -1.968638238875 -1.382418426036 -0.234446592875 0.156421831890
480 1785749548.642889023 0.396456269365 0.010233729121 0.198089650306 -1.968366063811 -1.382437334480 -0.234431679173 0.156447398237
481 1785749548.672896862 0.396373178739 0.010496849437 0.197715742489 -1.967937827508 -1.382439465009 -0.234451386565 0.156445800340
482 1785749548.712903500 0.396397147188 0.010494452592 0.196182826965 -1.967729568311 -1.382418426036 -0.234465767635 0.156648200583
483 1785749548.742905855 0.396291419693 0.010492322063 0.194758568414 -1.967582561819 -1.382408039708 -0.234431679173 0.157145146442
484 1785749548.782881498 0.396274109146 0.010481136786 0.191662377331 -1.967219306646 -1.382402713386 -0.232737376088 0.157153135926
485 1785749548.812885523 0.396243482794 0.010464625187 0.184893687104 -1.966962045285 -1.382433606055 -0.224780916015 0.157140885385
486 1785749548.842900991 0.395438409196 0.010510165242 0.177580114119 -1.966542863729 -1.382428279733 -0.215412980564 0.157114786406
487 1785749548.882899761 0.394634667179 0.010491523114 0.172715584072 -1.965806233371 -1.382408838657 -0.210658705386 0.157114786406
488 1785749548.912890911 0.394245046712 0.010508034713 0.171953387368 -1.964466130711 -1.382441861854 -0.210455239879 0.157246346564
489 1785749548.942894220 0.394218947733 0.011495268529 0.171934745240 -1.963651736050 -1.382413898663 -0.210397182967 0.157480704740
490 1785749548.982878685 0.394243715131 0.016843162314 0.170035378751 -1.963654931843 -1.382401381805 -0.210381736633 0.158793110525
491 1785749549.012897730 0.394161157137 0.019606191945 0.168765583543 -1.962599787419 -1.382425350255 -0.210374279782 0.161058395348
492 1785749549.052907228 0.393275922391 0.020314859111 0.168784758303 -1.961342775385 -1.382441861854 -0.210178803758 0.161443488442
493 1785749549.082900524 0.392002665074 0.020511134084 0.168789019360 -1.960905484334 -1.382336134359 -0.209857626530 0.161469587420
494 1785749549.112902641 0.390302236718 0.023317573240 0.168789551993 -1.959928636846 -1.382054371915 -0.209852832840 0.161444021074
495 1785749549.152901173 0.387304049962 0.025187112326 0.168165839665 -1.956944298528 -1.380737705073 -0.209841647564 0.161464261098
496 1785749549.182903528 0.385700294354 0.025214809201 0.168164241769 -1.954813769656 -1.380769130373 -0.209771340111 0.161467456892
497 1785749549.212898016 0.383358310491 0.026756246840 0.167303508104 -1.952081366378 -1.380721992422 -0.209709022142 0.161453608454
498 1785749549.252899408 0.381050415091 0.027922445081 0.165421185846 -1.949650432935 -1.380724122951 -0.209711152671 0.161642692891
499 1785749549.282890320 0.379984618022 0.027917917707 0.164896543111 -1.948966533167 -1.380765401948 -0.209621670458 0.161628844454
500 1785749549.322900295 0.378941191507 0.028225246497 0.163233665326 -1.948828048790 -1.380764070367 -0.209601430434 0.161657606593
501 1785749549.352894306 0.378009351442 0.028269987603 0.162656824634 -1.948755610808 -1.380590964896 -0.209607289388 0.161665063444
502 1785749549.382901907 0.377193092568 0.028252943372 0.161854680514 -1.948044546797 -1.380543027997 -0.209630192573 0.161624583396
503 1785749549.422915936 0.375719032904 0.028288896047 0.161651747639 -1.946621353511 -1.380533174301 -0.209616344136 0.161619789706
504 1785749549.452890158 0.374697976943 0.028281439196 0.161610202326 -1.945385646765 -1.380462067900 -0.209598767273 0.161666661341
505 1785749549.482946396 0.373776789521 0.028291825524 0.161535633815 -1.942622350818 -1.380223981298 -0.209644041011 0.161936173243
506 1785749549.522888422 0.373094487650 0.028264128649 0.161516991688 -1.938849184185 -1.380233568678 -0.209592908318 0.162433651735
507 1785749549.552883148 0.372579964928 0.028502215250 0.161554808575 -1.936415587581 -1.380201344429 -0.209551895637 0.164567909033
508 1785749549.592888117 0.372253994010 0.029253492994 0.160740946546 -1.932207793059 -1.380241025529 -0.209581723042 0.170706495345
509 1785749549.622913837 0.372108052782 0.029247634040 0.160247729112 -1.929496695069 -1.380197616003 -0.209535916671 0.174128657346
510 1785749549.652897835 0.372112580156 0.029436984793 0.160216303811 -1.928231693552 -1.380218654976 -0.209539645096 0.176059449136
511 1785749549.692907810 0.372153060205 0.031116374176 0.160239206997 -1.925855088595 -1.380223182350 -0.209544438786 0.179791070456
512 1785749549.722901344 0.372150663360 0.032582178040 0.159688465283 -1.925357077471 -1.380205871803 -0.209522600865 0.182074997407
513 1785749549.752911568 0.372137081238 0.033305758909 0.159573949356 -1.925307542675 -1.380206670751 -0.209514078750 0.183409773745
514 1785749549.792887926 0.372137880187 0.033755833133 0.159030664494 -1.925221256255 -1.380196284423 -0.209502360841 0.184127761975
515 1785749549.822921038 0.372063045360 0.033726538361 0.158893245382 -1.925264399465 -1.380196284423 -0.209523133498 0.184564520394
516 1785749549.862906218 0.371875026187 0.034668232122 0.158830927412 -1.925268127891 -1.380202143377 -0.209538579832 0.186996519101
517 1785749549.892907381 0.371420424589 0.035376100340 0.158832525309 -1.925224984681 -1.379742215457 -0.209526861923 0.188080958297
518 1785749549.922890663 0.370858763915 0.035975844218 0.158853830598 -1.925077445556 -1.378817299610 -0.209519405072 0.188348339670
519 1785749549.962903261 0.370159151497 0.036827523134 0.158844243218 -1.925029508657 -1.378549918237 -0.209517274543 0.190399506342
520 1785749549.992883444 0.369902156452 0.037682131528 0.158853297965 -1.925066260280 -1.377280389345 -0.209505556634 0.193715141899
521 1785749550.022909880 0.369630247704 0.037760961096 0.158846373747 -1.925048683417 -1.376594092732 -0.209513013485 0.194494915466
522 1785749550.062884092 0.369365795808 0.038805719192 0.158853830598 -1.925063597119 -1.376428710429 -0.209533253510 0.195134606760
523 1785749550.092887878 0.368457391560 0.039511190565 0.158834655838 -1.925076380292 -1.376133632180 -0.209519405072 0.195567636753
524 1785749550.132904768 0.367972696242 0.039673110759 0.157919061055 -1.924610327101 -1.376117120581 -0.209509817692 0.195923967707
525 1785749550.162875414 0.367952456217 0.039683497087 0.156158178942 -1.924587956548 -1.376077972113 -0.209508219795 0.196588692715
526 1785749550.192872524 0.367972696242 0.039659528637 0.154391437875 -1.924357326798 -1.376090222654 -0.209519405072 0.199048920930
527 1785749550.232920647 0.367983881518 0.039687225513 0.150368999365 -1.922879272393 -1.376091554235 -0.209530057716 0.209397964926
528 1785749550.262908697 0.367950325689 0.039691752887 0.145783568600 -1.922779670168 -1.376099011086 -0.209506621899 0.215358652078
529 1785749550.292902708 0.367944200418 0.039923181585 0.143257826622 -1.922778072271 -1.376091554235 -0.209511415589 0.217163742665
530 1785749550.332900047 0.367968967816 0.040075248084 0.141911332375 -1.922707764819 -1.376097679505 -0.209504491370 0.217410351382
531 1785749550.362901688 0.367948727792 0.041189781000 0.140873232182 -1.922118140953 -1.376090755286 -0.209367604890 0.217378926081
532 1785749550.402890682 0.367976424667 0.042567167915 0.140405048462 -1.920318376688 -1.376084896332 -0.209384649121 0.217414079807
533 1785749550.432886839 0.367972696242 0.042960516809 0.140390667392 -1.919990275242 -1.376101407931 -0.209365474361 0.217405025060
534 1785749550.462993622 0.367966038339 0.043320842504 0.138858284501 -1.919361769225 -1.376074243688 -0.209375061741 0.218164558603
535 1785749550.502884150 0.367970565713 0.043448940552 0.134826258611 -1.914637854083 -1.376118452162 -0.209365474361 0.229951709587
536 1785749550.532906055 0.367959913069 0.043479566905 0.132148183819 -1.913704149805 -1.376177041706 -0.209368137522 0.232870001510
537 1785749550.562890768 0.367948727792 0.042678221733 0.130566266131 -1.913648223422 -1.376281970253 -0.209360148039 0.233034584865
538 1785749550.603305817 0.367939673044 0.041029458702 0.130484240770 -1.913624254972 -1.376280372356 -0.209277590045 0.233053226993
539 1785749550.632879972 0.367962309914 0.040764474174 0.130675455736 -1.913585372821 -1.376308069231 -0.209129518288 0.233067075431
540 1785749550.662882328 0.367940471993 0.040761278380 0.133774842612 -1.913558741210 -1.376301943961 -0.209135909875 0.233075064914
541 1785749550.703076601 0.367938874096 0.041377001224 0.137105924504 -1.913509206413 -1.376266790234 -0.209135909875 0.233077195443
542 1785749550.733009338 0.367941270941 0.043156791781 0.138049216162 -1.913500684298 -1.376278774459 -0.209155084635 0.233071336488
543 1785749550.772907495 0.367971897293 0.045262286939 0.139059086847 -1.913498553769 -1.376294487110 -0.209147095152 0.233060151212
544 1785749550.802905321 0.367968168868 0.045392515516 0.139163482762 -1.913417593672 -1.376294487110 -0.208172910825 0.233226332464
545 1785749550.832904816 0.367978022564 0.045396243941 0.138469462982 -1.913408006292 -1.376310199760 -0.206788067058 0.234331544316
546 1785749550.872895718 0.367962842546 0.044979192915 0.136599923897 -1.913407473660 -1.376299813432 -0.206426409782 0.236818936774
547 1785749550.902904510 0.367957782540 0.044987981346 0.135783931339 -1.913414930511 -1.376284100782 -0.206263424323 0.238051447727
548 1785749550.932910681 0.367959913069 0.045017276118 0.135224667510 -1.913398418912 -1.376308069231 -0.206267152749 0.239800611931
549 1785749550.972906351 0.367956184643 0.044988780295 0.134806018587 -1.913404810499 -1.376288628155 -0.206267152749 0.240523926483
550 1785749551.002887249 0.367968168868 0.044985051869 0.134687241602 -1.913307871435 -1.376251876532 -0.206219215849 0.240638975042
551 1785749551.042903900 0.367948727792 0.044987448714 0.134709079523 -1.911551250380 -1.376186629086 -0.206072741989 0.240675194033
552 1785749551.072906971 0.367958581488 0.045978943588 0.134694698453 -1.910670276691 -1.376170916435 -0.206077003047 0.241319679016
553 1785749551.102905273 0.367966570971 0.047481499075 0.134409740216 -1.910620741895 -1.376203939633 -0.206056763023 0.241786797472
554 1785749551.142896891 0.367957782540 0.048373658040 0.133789223682 -1.910552564971 -1.376189025931 -0.206066883035 0.242606518455
555 1785749551.172892332 0.367980952041 0.049557699461 0.133724775184 -1.910594110284 -1.376174644861 -0.205979531351 0.242596398443
556 1785749551.202878952 0.367947129895 0.053803310871 0.133732232035 -1.908890219819 -1.375702200083 -0.205728661576 0.242625693215
557 1785749551.242896795 0.365318323583 0.057170878069 0.133778038406 -1.907968766082 -1.375708857986 -0.205753695291 0.242599594236
558 1785749551.272897720 0.364782761888 0.059071842455 0.133756200485 -1.907998593486 -1.375404724990 -0.205715345771 0.242588408960
559 1785749551.312913656 0.364776636618 0.059074771932 0.133797213166 -1.907978353462 -1.375435351342 -0.205744640543 0.242603322662
560 1785749551.342881203 0.364806730338 0.059073972984 0.133772712084 -1.908073694629 -1.375433220813 -0.205691377321 0.242823832400
561 1785749551.372892618 0.364786490314 0.059113121452 0.134344226453 -1.908060911455 -1.375435351342 -0.205713747874 0.243995090648
562 1785749551.412894011 0.364782761888 0.061009558464 0.134761277480 -1.908081684112 -1.375441476613 -0.205700432069 0.245352237539
563 1785749551.442895889 0.364789419791 0.062478291805 0.134759146951 -1.908092869388 -1.375305921713 -0.205632255145 0.248295030544
564 1785749551.472897291 0.364810991396 0.063019179823 0.134761277480 -1.908082749376 -1.375094733039 -0.205562480324 0.251064185445
565 1785749551.512911081 0.364791017687 0.063014652449 0.134751690100 -1.908063041984 -1.375072895118 -0.205526793966 0.254809122570
566 1785749551.542903185 0.364805132441 0.063003999805 0.134838509152 -1.908101391504 -1.375076623543 -0.205523598172 0.256881594530
567 1785749551.582903147 0.364819247195 0.062610118279 0.135120271595 -1.908102989401 -1.375045198242 -0.205549164519 0.257277340268
568 1785749551.612911463 0.364773707140 0.062448997033 0.136374087836 -1.908065172513 -1.375057981416 -0.205528924495 0.257261361302
569 1785749551.642904043 0.364796876642 0.062459649678 0.137736561050 -1.908092869388 -1.375028686644 -0.205521467644 0.257272013946
570 1785749551.682903051 0.364806730338 0.064044496843 0.138819934981 -1.908081684112 -1.375057981416 -0.205477259169 0.257413694116
571 1785749551.712917089 0.364789419791 0.065833075831 0.140015694311 -1.908626566871 -1.375056383519 -0.205503358148 0.257531938468
572 1785749551.742970467 0.364818714563 0.067005399343 0.141767521676 -1.909508073192 -1.375035610863 -0.205484716021 0.257793460887
573 1785749551.782909155 0.364790218739 0.066981430893 0.143296176142 -1.911656178927 -1.375058780364 -0.205501760252 0.257897324170
574 1785749551.812891483 0.364795278745 0.067011258297 0.143548111181 -1.914753967907 -1.375060910893 -0.205516141321 0.258142334990
575 1785749551.842897415 0.364793148216 0.067026438315 0.143710564007 -1.918857899147 -1.375054252990 -0.205514010793 0.258158313957
576 1785749551.882891178 0.364814187189 0.066994746698 0.144536143945 -1.924114979139 -1.375051323513 -0.205515608689 0.258256850917
577 1785749551.912916183 0.364813388241 0.067003801446 0.146703424440 -1.926096903622 -1.375048926668 -0.205514010793 0.258227023513
578 1785749551.952879429 0.364791017687 0.066528959823 0.154883590045 -1.927047652131 -1.375029485592 -0.205507619206 0.258227023513
579 1785749551.982899189 0.364781163991 0.066498333471 0.159692193709 -1.928434093794 -1.375063307738 -0.205508684470 0.258230219306
580 1785749552.012881994 0.364772908192 0.066823239124 0.160917780443 -1.930388321402 -1.375048127720 -0.205522000276 0.258259514078
581 1785749552.052893400 0.364793148216 0.067278107038 0.161745490909 -1.933032307733 -1.375034811914 -0.205514010793 0.258236610893
582 1785749552.082893610 0.364779566095 0.067306336546 0.161906878471 -1.935199588228 -1.375034012966 -0.205486313917 0.258240339318
583 1785749552.112895012 0.364775038721 0.067507937840 0.161258665062 -1.937743972333 -1.375295269069 -0.205488444446 0.258256318285
584 1785749552.152902842 0.364786490314 0.069204371455 0.157455671025 -1.939579955589 -1.376075042636 -0.205497499194 0.258217968765
585 1785749552.182899475 0.364796876642 0.069322083175 0.154726463540 -1.941541107415 -1.377146166026 -0.205476193905 0.258220099294
586 1785749552.222891092 0.364787022946 0.069301843150 0.152963983531 -1.943585882500 -1.377603164469 -0.205520402379 0.258244067744
587 1785749552.252893686 0.364809659815 0.068668809759 0.152415372346 -1.944254868566 -1.377700369849 -0.205484716021 0.258221164559
588 1785749552.282891989 0.364810458763 0.067010459349 0.152338140675 -1.944878580893 -1.377850305819 -0.205496433929 0.258221697191
589 1785749552.322889566 0.364784892417 0.066708723197 0.152333346985 -1.945609884929 -1.377981333344 -0.205516673954 0.258221697191
590 1785749552.352878571 0.364782761888 0.066716978996 0.152445732383 -1.946228803566 -1.377980534396 -0.205519869747 0.258223827720
591 1785749552.382876158 0.364800605067 0.066732691647 0.153941363651 -1.946663431456 -1.377951505940 -0.205510282367 0.258307450978
592 1785749552.422897816 0.364793947165 0.066719908474 0.155212224123 -1.947187541559 -1.377973876493 -0.205478857066 0.259170315171
593 1785749552.452890873 0.364782761888 0.066709522145 0.155905711271 -1.947192335248 -1.377982931241 -0.205508684470 0.261342389356
594 1785749552.482882738 0.364775038721 0.066725234796 0.156085208328 -1.947212575273 -1.377954435417 -0.205512945528 0.263532573037
595 1785749552.522904158 0.364799007171 0.066910857124 0.156084143064 -1.947186476294 -1.377986659666 -0.205506553941 0.265805847343
596 1785749552.552895069 0.364775038721 0.067581441086 0.154360545207 -1.947192867881 -1.377974675442 -0.205479389698 0.268308686136
597 1785749552.593011141 0.365554013340 0.069040320731 0.149713861737 -1.947208846847 -1.377948310147 -0.205492172872 0.271319123432
598 1785749552.622907400 0.367021415100 0.069653913047 0.146612876963 -1.947200324732 -1.378169352517 -0.205511880264 0.274392411330
599 1785749552.652893066 0.367937542515 0.069659772001 0.143729738767 -1.947270099552 -1.378540064541 -0.205512945528 0.276201762974
600 1785749552.692887783 0.368477631584 0.069631276177 0.142114265250 -1.947858125521 -1.379689218551 -0.205510814999 0.277431078133
601 1785749552.722906113 0.368588419086 0.069039788099 0.141410125458 -1.949120996510 -1.380402146775 -0.205488977078 0.277894468163
602 1785749552.752892256 0.368730631888 0.068208349207 0.140543000207 -1.950439261250 -1.380659940769 -0.205519869747 0.278266245451
603 1785749552.792937994 0.368738088739 0.067935641511 0.140394395818 -1.951539679412 -1.380919598975 -0.205501227619 0.278266778084
604 1785749552.822908640 0.368737556107 0.067928184660 0.140416233739 -1.951619574245 -1.381388581643 -0.205507086574 0.278263049658
605 1785749552.862901211 0.368716517134 0.069167619832 0.140384808438 -1.951697871181 -1.381398435339 -0.205479922331 0.278283289682
606 1785749552.893033504 0.368712788709 0.069703980475 0.140375221058 -1.951707458561 -1.381688187266 -0.205479922331 0.278256658071
607 1785749552.922895432 0.368734360314 0.070323431745 0.139940593168 -1.951818778694 -1.381927871764 -0.205508684470 0.278279561257
608 1785749552.963068724 0.368733028733 0.070368439167 0.138987181498 -1.952118650633 -1.381972080238 -0.205486846549 0.278281159153
609 1785749552.992891550 0.368728501359 0.070381222340 0.138159471031 -1.952232633928 -1.381988591837 -0.205518271850 0.278294474959
610 1785749553.022902250 0.368723175037 0.070123428347 0.136869968431 -1.952301876116 -1.382014690815 -0.205502825516 0.278269973877
611 1785749553.062879562 0.368711190812 0.069579610852 0.135032919911 -1.952388162535 -1.382748125379 -0.205515608689 0.278259321232
612 1785749553.092905045 0.368745012958 0.069552712925 0.133621444534 -1.952355139338 -1.383916454150 -0.205505488677 0.278257190704
613 1785749553.132910252 0.368738088739 0.069435267521 0.132282939770 -1.952472851058 -1.385093305035 -0.205481520227 0.278253994910
614 1785749553.162881136 0.368706663438 0.067917532016 0.132201979673 -1.952801485136 -1.387158320145 -0.205497499194 0.278258788600
615 1785749553.193053246 0.368719446611 0.066785954869 0.132187065971 -1.953892315919 -1.389185784682 -0.205502825516 0.278252929646
616 1785749553.232892752 0.368717848715 0.066247463696 0.132214762846 -1.957039107063 -1.389316812208 -0.205477259169 0.278275832831
617 1785749553.262892008 0.369056602805 0.066221098401 0.133005721690 -1.957670276241 -1.389348503825 -0.205499097090 0.278271571774
618 1785749553.292887926 0.369297086252 0.066219500505 0.134469395025 -1.958023944034 -1.389306425880 -0.205495901297 0.278271571774
619 1785749553.332898140 0.369288031504 0.067562532643 0.134982852483 -1.959819979873 -1.389313083783 -0.205490574975 0.278290213901
620 1785749553.362889767 0.369314130483 0.067681043311 0.135531463667 -1.960891635896 -1.389325068007 -0.205487379182 0.278252929646
621 1785749553.392945290 0.369622790853 0.067682374892 0.135823346123 -1.962765968671 -1.389309355357 -0.205492705504 0.278251864381
622 1785749553.432914972 0.370627867849 0.067667461189 0.135860630378 -1.966005970453 -1.389327464852 -0.205516673954 0.278296072856
623 1785749553.463006735 0.371156771641 0.067661602235 0.135817487169 -1.967743949381 -1.389303496403 -0.205518271850 0.278297138120
624 1785749553.502906799 0.372157321263 0.067698886490 0.135834531399 -1.969815356076 -1.389321339582 -0.205508684470 0.278385555068
625 1785749553.532915115 0.372893685304 0.067653346436 0.135856369320 -1.971151730311 -1.389310953254 -0.205485248653 0.278365847676
626 1785749553.562902689 0.373122983474 0.067696755961 0.135839325089 -1.971872914335 -1.389325068007 -0.205479389698 0.278350933974
627 1785749553.602899551 0.373215128848 0.067676515937 0.135853173527 -1.972254279003 -1.389311752202 -0.205481520227 0.278358390825
628 1785749553.632920504 0.373256940477 0.067657607493 0.135843053515 -1.972596761519 -1.389331193278 -0.205499629723 0.278384489804
629 1785749553.662905693 0.373246554148 0.067666662241 0.135823346123 -1.972715538504 -1.389336519600 -0.205514010793 0.278370108734
630 1785749553.702881813 0.373230841498 0.067662134867 0.135840390354 -1.972711277446 -1.389319209053 -0.205502825516 0.278375435056
631 1785749553.732916117 0.373702753643 0.067670390667 0.135858499849 -1.972700624801 -1.389331193278 -0.205512412896 0.278535224721
632 1785749553.762916088 0.373895832822 0.067655476965 0.135845716676 -1.972681982674 -1.389330394330 -0.205514543425 0.278727504952
633 1785749553.802879810 0.374044170895 0.067689831743 0.135843586147 -1.972722462722 -1.389320008001 -0.205518271850 0.278999680016
634 1785749553.832905054 0.374082520415 0.067693027536 0.135863293539 -1.972684113203 -1.389310154305 -0.205516673954 0.278984766313
635 1785749553.872911930 0.374394642894 0.067654678016 0.135824944020 -1.972725658516 -1.389309355357 -0.205486313917 0.278969319979
636 1785749553.902888536 0.374920617210 0.067653879068 0.135622011145 -1.972722462722 -1.389338650129 -0.205514010793 0.279024181098
637 1785749553.932907581 0.375590135908 0.067693027536 0.134459275013 -1.972685711099 -1.389343177503 -0.205502825516 0.279047616915
638 1785749553.972893953 0.376181890302 0.067669059086 0.133245938820 -1.972722462722 -1.389313083783 -0.205505488677 0.279647893425
639 1785749554.002905607 0.376241012478 0.067684771737 0.133004656425 -1.972688906893 -1.389338650129 -0.205505488677 0.280333391089
640 1785749554.032908916 0.376258323025 0.067662933816 0.132939142662 -1.972711810078 -1.389312551150 -0.205514543425 0.280366946919
641 1785749554.072905064 0.376286019901 0.067746823390 0.132828887793 -1.972680384777 -1.389344775400 -0.205499097090 0.280366946919
642 1785749554.102886200 0.376503333846 0.068566278057 0.132807049872 -1.972704353227 -1.389341579606 -0.205475661273 0.280384523782
643 1785749554.143050432 0.376879904824 0.069110095552 0.132268558700 -1.972686243732 -1.389304295351 -0.205479922331 0.280454831235
644 1785749554.172893286 0.377103077723 0.069127938731 0.130291960539 -1.972696363744 -1.389331992226 -0.205495901297 0.282074033178
645 1785749554.202983618 0.377102545091 0.068200093408 0.128133202159 -1.972705951124 -1.389346905928 -0.205492172872 0.283455148519
646 1785749554.242908478 0.377467131844 0.066400861775 0.125662853932 -1.972713407975 -1.389507228226 -0.205477259169 0.285637342716
647 1785749554.272893906 0.378119606311 0.065797922104 0.125022630006 -1.972720332194 -1.390104841575 -0.205516673954 0.287739642081
648 1785749554.302888155 0.378890325131 0.065818961077 0.124993335234 -1.972699026905 -1.390256109125 -0.205503890780 0.288772415952
649 1785749554.342907667 0.379899929500 0.065788068408 0.124997063660 -1.972692635318 -1.390223352243 -0.205519869747 0.290481632739
650 1785749554.372883558 0.380878108568 0.065811504226 0.124991204705 -1.972678786881 -1.390240396474 -0.205482585492 0.291107475595
651 1785749554.412905693 0.382595048523 0.066088472979 0.126108667099 -1.972702222698 -1.390256109125 -0.205477791802 0.292043843035
652 1785749554.442883015 0.383449656917 0.066725234796 0.126646625639 -1.972689439525 -1.390239064894 -0.205499629723 0.293473960540
653 1785749554.472904921 0.384017442861 0.066886888674 0.127282588507 -1.972681450042 -1.390226281720 -0.205508684470 0.294418850095
654 1785749554.512893677 0.384879508106 0.066967049823 0.128363299277 -1.972703820595 -1.390218025921 -0.205486313917 0.294909937000
655 1785749554.542911053 0.385305613880 0.067348414491 0.128649855411 -1.972691037422 -1.390253179647 -0.205500162355 0.295031909778
656 1785749554.572907925 0.385802293424 0.067684771737 0.128643463824 -1.972715005871 -1.390233738571 -0.205520402379 0.295398360744
657 1785749554.612903595 0.386059022153 0.067657607493 0.128641865927 -1.972680384777 -1.390242793319 -0.205495901297 0.295742973789
658 1785749554.642905712 0.386244111849 0.067665330661 0.128509240505 -1.972722462722 -1.390231608043 -0.205478857066 0.295733919041
659 1785749554.682901621 0.386283792949 0.067813668733 0.127994185150 -1.972680384777 -1.390234537520 -0.205499629723 0.295726462190
660 1785749554.712896109 0.386256096073 0.067871991961 0.127015207134 -1.972706483756 -1.390259304918 -0.205484716021 0.295742441157
661 1785749554.742908955 0.386259824499 0.067865866691 0.126078839694 -1.972719266929 -1.390465167270 -0.205477259169 0.295715809546
662 1785749554.782910824 0.386263552925 0.067884775134 0.125918517397 -1.972718734297 -1.390527218924 -0.205478857066 0.295737647467
663 1785749554.812907696 0.386281662420 0.068171597584 0.125913191075 -1.972717136400 -1.390685410692 -0.205509217103 0.295722733765
664 1785749554.842900515 0.386266748718 0.070035810347 0.125929170041 -1.972693167950 -1.390660643294 -0.205483118124 0.295746169582
665 1785749554.882908583 0.386260623447 0.070575899416 0.125920647926 -1.972689972157 -1.390646528540 -0.205515608689 0.295704624269
666 1785749554.912913322 0.386266748718 0.070620107890 0.125899875269 -1.972708081653 -1.390656914869 -0.205517739218 0.295729657983
667 1785749554.943175316 0.386281662420 0.070595340492 0.125719312947 -1.972711810078 -1.390659844346 -0.205512945528 0.295726994822
668 1785749554.982892513 0.386257693970 0.070589481538 0.125361384097 -1.972711810078 -1.390671029622 -0.205488444446 0.295733919041
669 1785749555.012912989 0.386287521374 0.070581225738 0.125025825799 -1.972698494273 -1.390661442242 -0.205521467644 0.295715276914
670 1785749555.052881002 0.386258492918 0.070435018194 0.124701452779 -1.972687841628 -1.390676355945 -0.205488444446 0.295738712731
671 1785749555.082893610 0.386285390845 0.070470970869 0.124678016961 -1.972711810078 -1.390686209641 -0.205501227619 0.295730723248
672 1785749555.112888098 0.386254498177 0.070467242443 0.124482008305 -1.972711277446 -1.390658512765 -0.205499629723 0.295730723248
673 1785749555.152899027 0.386263552925 0.070434219246 0.123892384439 -1.972703820595 -1.390644930644 -0.205490042343 0.295726994822
674 1785749555.182890415 0.386274738201 0.070451529793 0.123785325364 -1.972680384777 -1.390688340169 -0.205480987595 0.295740843260
675 1785749555.212895632 0.386278466627 0.070445670839 0.123831131734 -1.972707549020 -1.390660643294 -0.205473530744 0.295707820062
676 1785749555.252896070 0.386294445593 0.070446203471 0.123784260099 -1.972456679246 -1.390677953841 -0.205410680142 0.295737114834
677 1785749555.282912254 0.386261422396 0.070444072942 0.123794912743 -1.972424188680 -1.390671029622 -0.205400027498 0.295758420123
678 1785749555.322922230 0.386273406621 0.070470171921 0.123789586421 -1.972402350759 -1.390679285422 -0.205396299072 0.295770138032
679 1785749555.352895737 0.386294445593 0.070445670839 0.123819946458 -1.972396491805 -1.390653186443 -0.205386711692 0.295766942239
680 1785749555.382911921 0.386253965545 0.070474699295 0.123783194835 -1.972419927623 -1.390649458018 -0.205389374854 0.295781323309
681 1785749555.422905684 0.386259824499 0.070444871890 0.123699571576 -1.972426851841 -1.390654784340 -0.205425593844 0.295748300111
682 1785749555.452887774 0.386286722426 0.070465111915 0.123717681072 -1.972413003404 -1.390669698042 -0.205409082246 0.295785051734
683 1785749555.482887268 0.386271009776 0.070456856115 0.123701169473 -1.972427917106 -1.390665170668 -0.205414941200 0.295785051734
684 1785749555.522883892 0.386258492918 0.070447002419 0.123563750361 -1.972396491805 -1.390668100145 -0.205388842221 0.295957091941
685 1785749555.552900791 0.386259824499 0.070441942413 0.123490779747 -1.972394361276 -1.390660643294 -0.205417071729 0.296124338457
686 1785749555.582898140 0.386259824499 0.070453127690 0.123464148136 -1.972424188680 -1.390649458018 -0.205382983267 0.296295846031
687 1785749555.622893810 0.386281662420 0.070442475045 0.123441244951 -1.972429515003 -1.390674225416 -0.205406951717 0.296566955830
688 1785749555.652897358 0.386282994001 0.070456057167 0.123434853364 -1.972410340243 -1.390658512765 -0.205389374854 0.296625545374
689 1785749555.692893028 0.386293646645 0.070478427720 0.123406091224 -1.972397557069 -1.390649458018 -0.205390972750 0.296838598261
690 1785749555.722893000 0.386281662420 0.070446203471 0.123435385996 -1.972402350759 -1.390687008589 -0.205407484349 0.297024486905
691 1785749555.752939463 0.386284591897 0.070441942413 0.123191440440 -1.972394893908 -1.390650789598 -0.205403755923 0.297330750431
692 1785749555.792872906 0.386273406621 0.070476297191 0.123064141340 -1.972438037118 -1.390650256966 -0.205417071729 0.297614110771
693 1785749555.822872162 0.386286189794 0.070460584541 0.123030052878 -1.972393828644 -1.390651588546 -0.205379787474 0.297590142321
694 1785749555.852880478 0.386249438171 0.070469639288 0.122772791517 -1.972407677082 -1.390663040139 -0.205402158027 0.297889481627
695 1785749555.892883539 0.386253965545 0.070452328741 0.122477713268 -1.972416731829 -1.390645729592 -0.205419734890 0.299222127437
696 1785749555.922878504 0.386282994001 0.070450198213 0.122371719457 -1.972434841325 -1.390656914869 -0.205418136993 0.299658885856
697 1785749555.962888002 0.386256096073 0.070472568766 0.122322184661 -1.972429515003 -1.390692068595 -0.205388842221 0.299725464883
698 1785749555.992889404 0.386274205569 0.070520505665 0.122322184661 -1.972414068668 -1.390683013847 -0.205420800154 0.299765944932
699 1785749556.022892237 0.386258492918 0.070784957562 0.122341359420 -1.972430580267 -1.390671828571 -0.205403223291 0.299752629126
700 1785749556.062890768 0.386262221344 0.070805730218 0.122332837305 -1.972405013920 -1.390674758048 -0.205412810671 0.300103633758
701 1785749556.092876434 0.386289119271 0.070784957562 0.122259334059 -1.972407144449 -1.390676355945 -0.205404288556 0.300588861708
702 1785749556.122885704 0.386295777174 0.070894147166 0.121903003105 -1.972410872875 -1.390668100145 -0.205383515899 0.301081013878
703 1785749556.162883043 0.386265949770 0.070927969312 0.120942134584 -1.972403948656 -1.390658512765 -0.205400027498 0.302520186131
704 1785749556.192890406 0.386259025551 0.070940752485 0.120643327909 -1.972418329726 -1.390653186443 -0.205423995948 0.302826982288
705 1785749556.232914209 0.386255297125 0.070943681963 0.120488864566 -1.972416199197 -1.390647061173 -0.205400560130 0.303156148999
706 1785749556.262925625 0.386265150821 0.071204405433 0.120420155010 -1.972413003404 -1.390668100145 -0.205385646428 0.303405420877
707 1785749556.292895555 0.386257693970 0.071244086533 0.120335999120 -1.972416199197 -1.390657713817 -0.205396831705 0.303398496658
708 1785749556.332909346 0.386306429818 0.071708275511 0.120050508251 -1.972416199197 -1.390669698042 -0.205400027498 0.303509284160
709 1785749556.362904787 0.386330930900 0.071788436660 0.120037725078 -1.972416731829 -1.390667301197 -0.205388842221 0.303494370458
710 1785749556.392890692 0.386304032973 0.071809475633 0.119834792203 -1.972390632851 -1.390675556996 -0.205394168543 0.303792111868
711 1785749556.432895899 0.386384993070 0.071766066107 0.119222265152 -1.972403948656 -1.390668100145 -0.205411745407 0.305178553531
712 1785749556.462893248 0.386526406924 0.071590031159 0.118917599523 -1.972411405507 -1.390660643294 -0.205411745407 0.306721056434
713 1785749556.502892971 0.386497378468 0.071479243658 0.118664066587 -1.972394361276 -1.390651588546 -0.205382983267 0.307180185406
714 1785749556.532892942 0.386506965848 0.071463531007 0.118702416107 -1.972405546553 -1.390677154893 -0.205399494866 0.307540777418
715 1785749556.562895536 0.386498177417 0.071461933111 0.118691230830 -1.972414068668 -1.390676355945 -0.205417071729 0.307810821952
716 1785749556.602898121 0.386515221648 0.071481374187 0.118655011840 -1.972431112899 -1.390663040139 -0.205421865419 0.308021744311
717 1785749556.632904768 0.386524276395 0.071438763609 0.118702416107 -1.972405013920 -1.390670496990 -0.205388842221 0.308546387046
718 1785749556.662890434 0.386490454249 0.071447019409 0.118665664484 -1.972393828644 -1.390686209641 -0.205411212774 0.309010842340
719 1785749556.702877045 0.386525075344 0.071457405737 0.118700285578 -1.972434841325 -1.390686209641 -0.205409082246 0.309597270412
720 1785749556.732901812 0.386605236492 0.071472585755 0.118687502405 -1.972436971854 -1.390651588546 -0.205390972750 0.309749603226
721 1785749556.762898207 0.386740791392 0.071516527913 0.118492559013 -1.972434308692 -1.390691269647 -0.205382983267 0.309995679311
722 1785749556.802886963 0.386733334541 0.071524251080 0.117950339415 -1.972419927623 -1.390687541221 -0.205417071729 0.309995146679
723 1785749556.832910538 0.386765558790 0.071501614211 0.117507722042 -1.972248952681 -1.390683013847 -0.205395766440 0.309987689827
724 1785749556.872891188 0.386829740972 0.071501614211 0.117408119817 -1.971988495526 -1.390650256966 -0.205396831705 0.310017517232
725 1785749556.902879238 0.386873416814 0.071699487080 0.117363911343 -1.971995952377 -1.390679285422 -0.205420267522 0.310003668794
726 1785749556.932895899 0.386997520121 0.072725603048 0.117342073422 -1.971990626055 -1.390657713817 -0.205388842221 0.310013256174
727 1785749556.972887039 0.386974350619 0.073274480549 0.117347399744 -1.971982636572 -1.390652387495 -0.205400027498 0.309988222460
728 1785749557.002879143 0.387001514863 0.073374881722 0.117323963927 -1.971962929180 -1.390691269647 -0.205413343303 0.309984494034
729 1785749557.032919407 0.386991661167 0.073391393320 0.117339410261 -1.971965059708 -1.390674225416 -0.205386711692 0.310004201426
730 1785749557.072894096 0.386972220091 0.073245452093 0.117315441811 -1.971961331283 -1.390684611744 -0.205421865419 0.310011125645
731 1785749557.102899551 0.387013499088 0.073235598397 0.117328757617 -1.971968255502 -1.390659045398 -0.205423995948 0.310012190910
732 1785749557.132967949 0.386996188540 0.073257436318 0.117348997641 -1.971930971246 -1.390675556996 -0.205381918002 0.310013788806
733 1785749557.172895193 0.386986334844 0.073218287850 0.117332486042 -1.971484092816 -1.390512305221 -0.205427191741 0.310006331955
734 1785749557.202895403 0.386998319069 0.073255039473 0.117360182918 -1.971347738968 -1.390387136650 -0.205409082246 0.310030300405
735 1785749557.242989540 0.386992460115 0.073224413120 0.117353258699 -1.971040410178 -1.390391664024 -0.205421865419 0.310624185328
736 1785749557.272897005 0.386975149568 0.073184732020 0.117348465009 -1.970954123759 -1.390378348219 -0.205397896969 0.310845227698
737 1785749557.302884579 0.387101649720 0.073189259394 0.117345801848 -1.970980222737 -1.390363967149 -0.205388842221 0.311123261716
738 1785749557.342904091 0.387073952844 0.073187661497 0.117338344997 -1.970915241607 -1.390389533495 -0.205400027498 0.311402360999
739 1785749557.372900248 0.387106177093 0.073277676342 0.117331953410 -1.970822030969 -1.390389533495 -0.205411212774 0.311410350482
740 1785749557.402887583 0.387085937069 0.073539731393 0.117343671319 -1.970850793108 -1.390396191398 -0.205384048531 0.311470537922
741 1785749557.442879915 0.387080078115 0.073509903989 0.117339410261 -1.970809247795 -1.390371424000 -0.205421865419 0.311613815989
742 1785749557.472882509 0.387103247616 0.073544258767 0.117332486042 -1.970848662579 -1.390399919823 -0.205418136993 0.311783725667
743 1785749557.512886286 0.387080877063 0.073529877697 0.117331953410 -1.970810313060 -1.390370891368 -0.205397896969 0.312343522128
744 1785749557.542884827 0.387104845513 0.073510436621 0.117354856595 -1.970744266665 -1.390361836620 -0.205403755923 0.312723821531
745 1785749557.573104143 0.387075550741 0.073546389296 0.117312778650 -1.970620163358 -1.390361836620 -0.205400560130 0.313297466430
746 1785749557.612882376 0.387086736017 0.073517360840 0.117340475526 -1.970650523394 -1.390380478747 -0.205427191741 0.314692962841
747 1785749557.642898321 0.387065697045 0.073506708196 0.117327159720 -1.970630283370 -1.390361836620 -0.205387776957 0.315102557017
748 1785749557.672916889 0.387099519191 0.073539731393 0.117353258699 -1.970629750738 -1.390359439775 -0.205409614878 0.315188843436
749 1785749557.713006258 0.387152782413 0.073504577667 0.117336747100 -1.970640936014 -1.390363967149 -0.205391505382 0.315750770426
750 1785749557.742891073 0.387121889744 0.073542660870 0.117334616571 -1.970630283370 -1.390382076644 -0.205426126477 0.316338796395
751 1785749557.773036242 0.387138401343 0.073535204019 0.117344203951 -1.970621228622 -1.390358907143 -0.205393103279 0.316791001148
752 1785749557.812906504 0.387154912941 0.073542128238 0.117316507076 -1.970663306568 -1.390403648249 -0.205391505382 0.317801404466
753 1785749557.842911005 0.387142928716 0.073510436621 0.117345801848 -1.970624424416 -1.390381277696 -0.205406951717 0.318685041315
754 1785749557.882897139 0.387133341337 0.073518692421 0.117017700401 -1.970640403382 -1.391504865360 -0.205398429601 0.319303959953
755 1785749557.912913322 0.387195392990 0.073521089265 0.115762286264 -1.970655317084 -1.392829788002 -0.205387244325 0.320325548547
756 1785749557.942916155 0.387283809938 0.073374881722 0.113966250424 -1.970641468647 -1.393602903666 -0.205417071729 0.321490415208
757 1785749557.982885122 0.387316034187 0.072960760172 0.112505240250 -1.970622293887 -1.394514237391 -0.205416006464 0.322310668823
758 1785749558.012893677 0.387335475263 0.072685122999 0.111648235012 -1.970657980245 -1.395202664533 -0.205390972750 0.323170337223
759 1785749558.042898655 0.387326420516 0.072153289730 0.111406952617 -1.970642533911 -1.396679653674 -0.205413343303 0.323688588372
760 1785749558.082890272 0.387372226886 0.071833444083 0.111253554538 -1.970635077060 -1.398086335362 -0.205413343303 0.323874477016
761 1785749558.112906456 0.387394597440 0.071828117761 0.110442888302 -1.970622293887 -1.398409110486 -0.205404288556 0.325168240673
762 1785749558.142887831 0.387355715288 0.071861939906 0.109611449410 -1.970718700318 -1.398493799008 -0.205425593844 0.325982102702
763 1785749558.182894230 0.387358644765 0.071738369232 0.109622634686 -1.971772779478 -1.398980092223 -0.205399494866 0.326220189304
764 1785749558.212884665 0.387381015318 0.071487499457 0.109515575611 -1.972448157130 -1.399094608150 -0.205414408568 0.326767202592
765 1785749558.252919197 0.387397526917 0.071026772589 0.109437278675 -1.973282791816 -1.399257859925 -0.205407484349 0.326959482822
766 1785749558.282898903 0.387390869014 0.071038756813 0.109411712328 -1.973660960691 -1.399474374922 -0.205390440118 0.326995701813
767 1785749558.313061237 0.387420962734 0.071017717841 0.109411712328 -1.974650591352 -1.399682634119 -0.205407484349 0.326979190214
768 1785749558.352911711 0.387597530315 0.071199878059 0.109427158662 -1.975686561016 -1.399679438326 -0.205416539097 0.326964809145
769 1785749558.382901669 0.387658250387 0.071225178090 0.109428223927 -1.976350753392 -1.399690889918 -0.205395766440 0.326983451272
770 1785749558.412937403 0.387715242035 0.071212661233 0.109406386006 -1.977425605207 -1.399677307797 -0.205397896969 0.326965341777
771 1785749558.452878475 0.389262804944 0.071232102309 0.109412244960 -1.979957738772 -1.399657866721 -0.205406951717 0.326995701813
772 1785749558.482880831 0.390584798109 0.071244885482 0.109411712328 -1.981721284046 -1.399678905693 -0.205383515899 0.327004756561
773 1785749558.522932053 0.391567504552 0.071243287585 0.109428756559 -1.983720785392 -1.399664524624 -0.205387244325 0.327065476634
774 1785749558.552883387 0.392075103055 0.071222248613 0.109419701811 -1.985017744843 -1.399683965700 -0.205405886452 0.327062813473
775 1785749558.582932711 0.392472979322 0.071244086533 0.109428756559 -1.985827345814 -1.399684764648 -0.205403223291 0.327077727175
776 1785749558.622927666 0.392746219650 0.071229705464 0.109439409203 -1.986093129291 -1.399683965700 -0.205424528580 0.327160285169
777 1785749558.652904749 0.392768856519 0.071235031786 0.109448996583 -1.986478755017 -1.399678106745 -0.205425593844 0.327154426214
778 1785749558.682890177 0.392920923018 0.071235031786 0.109413842857 -1.986514974008 -1.399683965700 -0.205405886452 0.327244973691
779 1785749558.722894430 0.393090832695 0.071202807537 0.109420767076 -1.986674231041 -1.399692221499 -0.205398429601 0.327347771709
780 1785749558.752910137 0.393070592671 0.071219319135 0.109424495501 -1.986642273108 -1.399672780423 -0.205389374854 0.327365348572
781 1785749558.792890549 0.393079647418 0.071209465439 0.109406918638 -1.986669969983 -1.399617386672 -0.205399494866 0.327372272791
782 1785749558.822922468 0.393143296969 0.071213992813 0.109447398687 -1.986633750993 -1.399183557731 -0.205393103279 0.327344575916
783 1785749558.852934361 0.393113469564 0.071238760211 0.109432484985 -1.986638544683 -1.398862380503 -0.205414408568 0.327368011734
784 1785749558.892904758 0.393386709892 0.071223047561 0.109730226395 -1.985414555846 -1.398840542582 -0.205401625395 0.327355761193
785 1785749558.922914982 0.394344116304 0.071218520187 0.110005597251 -1.984255015507 -1.398584346485 -0.205411745407 0.327337651697
786 1785749558.952943563 0.395588078849 0.071246217062 0.110329970272 -1.983303201733 -1.398364369379 -0.205398429601 0.327382925436
787 1785749558.992920876 0.397471732688 0.071220118084 0.110890831998 -1.981744187231 -1.398366499908 -0.205408016981 0.327355228560
788 1785749559.022903919 0.398059758657 0.073141322494 0.110909474125 -1.981425140533 -1.398371027282 -0.205381385370 0.327361087515
789 1785749559.052921295 0.398446982279 0.076669211990 0.110904680435 -1.981442717396 -1.398375554656 -0.205414941200 0.327373870688
790 1785749559.092991590 0.398532469750 0.078916919950 0.111434649492 -1.981446445821 -1.398397126261 -0.205416539097 0.327352032767
791 1785749559.122918606 0.398564694000 0.079486303791 0.112216553588 -1.981443782660 -1.398376353604 -0.205416539097 0.327376001217
792 1785749559.162880421 0.398521284474 0.079458340600 0.112323612664 -1.981430999487 -1.398402452583 -0.205395766440 0.327342445387
793 1785749559.192877054 0.398527942377 0.078645011203 0.112394452749 -1.981045373761 -1.398234673434 -0.205385113796 0.327342978019
794 1785749559.222911119 0.398555639252 0.077789603861 0.112376343254 -1.979948684024 -1.398236271331 -0.205387244325 0.327355761193
795 1785749559.262882710 0.398524213951 0.077660706864 0.112420551728 -1.978773697351 -1.398237070279 -0.205404288556 0.327379197010
796 1785749559.292877197 0.398602244571 0.077663103709 0.112389659059 -1.978174486106 -1.398259440832 -0.205385113796 0.327357891721
797 1785749559.322921515 0.398617957221 0.077649521587 0.112381669576 -1.976788044443 -1.398237602912 -0.205400560130 0.327371740159
798 1785749559.362873316 0.398642458303 0.077491596135 0.112396583278 -1.974728355655 -1.398223488158 -0.205352090598 0.327337119065
799 1785749559.392873764 0.398653909896 0.076727535218 0.112413094877 -1.973935266283 -1.398239200808 -0.205372863255 0.327372272791
800 1785749559.432879686 0.398654442528 0.076446039091 0.112392854852 -1.973480398369 -1.398250386085 -0.205369134829 0.327348836974
801 1785749559.462875605 0.398620087750 0.076333653693 0.112382734840 -1.973231659123 -1.398219759732 -0.205363275875 0.327377599113
802 1785749559.492893696 0.398635001452 0.076350697924 0.112417355934 -1.972495561398 -1.398190464960 -0.205335046367 0.327368544366
803 1785749559.532947302 0.398616359325 0.076355225298 0.112401909600 -1.970661176039 -1.397649044311 -0.205348362173 0.327351500135
804 1785749559.562896729 0.398644855148 0.076353893717 0.112402442232 -1.969332258655 -1.397450372493 -0.205354221127 0.327370674895
805 1785749559.592896700 0.398619288802 0.076361350568 0.112512697101 -1.968098682438 -1.397074334147 -0.205352623230 0.327361087515
806 1785749559.632898808 0.398626745653 0.076364280045 0.112535600287 -1.967384955266 -1.396279114246 -0.205343035851 0.327341380123
807 1785749559.662901878 0.398643257252 0.076373334793 0.112535600287 -1.966593996422 -1.396291631103 -0.205350492702 0.327372272791
808 1785749559.702879190 0.398616359325 0.076351496872 0.112635202512 -1.965932467207 -1.396113465626 -0.205343035851 0.327370142262
809 1785749559.732967615 0.398655241477 0.076375465322 0.112766230037 -1.965855235536 -1.395500139627 -0.205370200094 0.327355228560
810 1785749559.762898445 0.398632870924 0.076329925267 0.113350527580 -1.965859496593 -1.394426619392 -0.205331850574 0.327392512816
811 1785749559.802886724 0.398653110948 0.076362149516 0.115361746836 -1.965865888180 -1.393629801593 -0.205347829541 0.327672144730
812 1785749559.832878590 0.398648583574 0.076329126319 0.116471219746 -1.965863225019 -1.393500105648 -0.205342503218 0.327635925739
813 1785749559.862883329 0.398655241477 0.076674271996 0.117488014650 -1.965830734454 -1.392848430130 -0.205345166379 0.327935797678
814 1785749559.902873278 0.398632071975 0.077604514165 0.119095498684 -1.965832864982 -1.391947482733 -0.205347829541 0.328275084401
815 1785749559.932883263 0.398674682553 0.077851122882 0.120508039326 -1.965824875499 -1.391867321584 -0.205340905322 0.328865240898
816 1785749559.962880850 0.399311444369 0.078003189380 0.121550400577 -1.965847246052 -1.391887561608 -0.205355286392 0.329482561639
817 1785749560.002885342 0.403393537688 0.078629298552 0.122406340551 -1.965825408131 -1.391855337359 -0.205377656945 0.329618382855
818 1785749560.032883883 0.406382137063 0.079020250600 0.123446038641 -1.965847246052 -1.391884632131 -0.205370200094 0.329595479669
819 1785749560.072871447 0.410858910856 0.081264230135 0.124553913654 -1.965863225019 -1.391888360557 -0.205332383206 0.329619448119
820 1785749560.102881193 0.413312747484 0.083232838813 0.125656994978 -1.965867486077 -1.391817254156 -0.205373928519 0.329599740727
821 1785749560.132893085 0.414968701050 0.084223002106 0.126519859171 -1.965870681870 -1.391734696162 -0.205354221127 0.329593881773
822 1785749560.172874928 0.418066756346 0.084317278009 0.127429062367 -1.965863225019 -1.391589553882 -0.205353688495 0.329594414405
823 1785749560.202875376 0.420114460908 0.084298635881 0.127474868738 -1.965867486077 -1.390880886716 -0.205373928519 0.329604534417
824 1785749560.232897758 0.421014875673 0.084318076957 0.127596308883 -1.965841387098 -1.390137065824 -0.205335579000 0.329612523900
825 1785749560.272878408 0.421712091246 0.084300766410 0.128551851083 -1.965851507110 -1.388664604057 -0.205357416920 0.329598142830
826 1785749560.302885771 0.421686791216 0.084315147480 0.128828287204 -1.965830734454 -1.387418244667 -0.205355819024 0.329658330271
827 1785749560.342884064 0.421747511289 0.084307690629 0.129184618158 -1.965829136557 -1.386705849075 -0.205355286392 0.329679102928
828 1785749560.372896194 0.421725673368 0.084310620106 0.129289014072 -1.965845648156 -1.386544195197 -0.205367004300 0.329671113444
829 1785749560.402882099 0.421733130219 0.084318076957 0.129261317197 -1.965837658672 -1.386533542553 -0.205346764276 0.329661526064
830 1785749560.442924500 0.421927274662 0.084315680112 0.129272502474 -1.965860029226 -1.386549255203 -0.205343568483 0.329671646076
831 1785749560.472880602 0.422402915233 0.084299434829 0.129285285647 -1.965847778684 -1.386550054152 -0.205369134829 0.329896416872
832 1785749560.502951860 0.422870832637 0.083898629085 0.129256523507 -1.965773742806 -1.386523156225 -0.205333981103 0.330011998064
833 1785749560.542968512 0.423553400824 0.083531645487 0.129250131920 -1.965515948813 -1.386530613076 -0.205367004300 0.330107871863
834 1785749560.572945356 0.423809330605 0.083530846539 0.129265578255 -1.965101028315 -1.386543396249 -0.205359547449 0.330145156118
835 1785749560.612978458 0.423923313899 0.083559342362 0.129278361428 -1.963980902760 -1.386537270978 -0.205371797990 0.330396025893
836 1785749560.642900229 0.423968321322 0.082837359391 0.129294340394 -1.962680214884 -1.386562038377 -0.205360080082 0.331023999278
837 1785749560.673009634 0.423941157079 0.082076227951 0.129274100370 -1.962333471310 -1.386554581525 -0.205335046367 0.331548109381
838 1785749560.712883711 0.423941956027 0.081806716049 0.129256523507 -1.962259435432 -1.386548456255 -0.205343568483 0.332628820151
839 1785749560.742922544 0.423932901279 0.081820031854 0.129274633002 -1.962235999614 -1.386523955173 -0.205374461151 0.332756119251
840 1785749560.773075819 0.423948880246 0.082081554273 0.129274100370 -1.962265294386 -1.386567364699 -0.205352623230 0.333117776527
841 1785749560.812883615 0.423967522373 0.082266643969 0.129282089853 -1.962082601535 -1.386540466772 -0.205345166379 0.333373439992
842 1785749560.842887163 0.423941157079 0.082248534474 0.129291144601 -1.961420007056 -1.386564967854 -0.205370732726 0.333482629596
843 1785749560.872890711 0.423968321322 0.082270905027 0.129250131920 -1.961326263786 -1.386548456255 -0.205362743243 0.334066394507
844 1785749560.912933350 0.423938227601 0.082248534474 0.129292742498 -1.961173930971 -1.386568163647 -0.205332383206 0.336233142370
845 1785749560.942901611 0.423949412878 0.082265845021 0.129250131920 -1.961164343591 -1.386522357276 -0.205353688495 0.337015046466
846 1785749560.982901812 0.423946483401 0.082237349197 0.129251729817 -1.961095634035 -1.386543396249 -0.205338774793 0.337205196168
847 1785749561.012935162 0.423944352872 0.082226696553 0.129252262449 -1.960730248334 -1.386544195197 -0.205343035851 0.337262187815
848 1785749561.042903900 0.423945151820 0.082232821823 0.129266643519 -1.960640233489 -1.386528216231 -0.205349960069 0.337457131207
849 1785749561.082885265 0.423965924477 0.082246403945 0.129291144601 -1.960615199775 -1.386566565750 -0.205355286392 0.337955674963
850 1785749561.112886190 0.423967522373 0.082267975550 0.129285818279 -1.960621591361 -1.386522357276 -0.205368602197 0.338791907546
851 1785749561.142898083 0.423950211826 0.082246936577 0.129253860346 -1.960627450316 -1.386563636273 -0.205372863255 0.339790060322
852 1785749561.183039904 0.423953940252 0.082267975550 0.129289014072 -1.960614667142 -1.386552184680 -0.205343568483 0.340165566036
853 1785749561.212886810 0.423929172854 0.082392345173 0.129280491957 -1.960642896650 -1.386539667823 -0.205339307425 0.340517635932
854 1785749561.252898455 0.423951010775 0.082608061221 0.129263447726 -1.960641831386 -1.386539667823 -0.205352090598 0.340593802339
855 1785749561.283019304 0.423936097073 0.082646943373 0.129270371945 -1.960619993465 -1.386532743605 -0.205333981103 0.340661446631
856 1785749561.312903881 0.424027443498 0.082643214947 0.129285285647 -1.960627982948 -1.386522357276 -0.205369134829 0.340648663458
857 1785749561.352899790 0.424050612999 0.082665851817 0.129290611969 -1.960599753440 -1.386541798352 -0.205351557966 0.341757071103
858 1785749561.383063078 0.424026644550 0.082682896048 0.128728152347 -1.960640233489 -1.386545526778 -0.205354221127 0.342461210895
859 1785749561.412915945 0.424058069851 0.082663454972 0.128102309491 -1.960605079763 -1.386562038377 -0.205355819024 0.342777061801
860 1785749561.452918768 0.424063396173 0.082658128649 0.128017088336 -1.959643145977 -1.386523156225 -0.205355286392 0.342850565047
861 1785749561.482891321 0.424028775079 0.083784113158 0.128024545187 -1.958893199814 -1.386547923623 -0.205361677978 0.342831922919
862 1785749561.512894154 0.424061798276 0.085304511825 0.128022414658 -1.958719561711 -1.386540466772 -0.205360080082 0.342828194494
863 1785749561.552898645 0.424034101401 0.085695463873 0.127853037613 -1.958678549030 -1.386542597301 -0.205365406404 0.342929394615
864 1785749561.582886696 0.424041558252 0.085709844943 0.127831199692 -1.958635938453 -1.386531412024 -0.205338774793 0.342923535661
865 1785749561.622894764 0.424055140373 0.085694664924 0.127801372287 -1.958660972167 -1.386533542553 -0.205335579000 0.342933123041
866 1785749561.652902365 0.424039427723 0.085702121775 0.127772077515 -1.958671624811 -1.386553782577 -0.205331850574 0.342924068293
867 1785749561.683126688 0.424066325650 0.085715703897 0.127776871205 -1.958673222708 -1.386567364699 -0.205345166379 0.342960819916
868 1785749561.722890377 0.424044754045 0.085696262821 0.127764088032 -1.958482007742 -1.386538069927 -0.205339307425 0.343459896304
869 1785749561.752897263 0.424028242446 0.085423555125 0.127769414354 -1.958331805456 -1.386530613076 -0.205377656945 0.343991995890
870 1785749561.783152342 0.424055939322 0.085282141271 0.127625603655 -1.957807162721 -1.386539667823 -0.205336111632 0.344207711938
871 1785749561.822921276 0.424083636197 0.085274418104 0.127619212069 -1.957082782905 -1.386525286753 -0.205351557966 0.344630621919
872 1785749561.852892876 0.424076711978 0.085249917022 0.127658626853 -1.956731245641 -1.386564967854 -0.205363808507 0.344817575828
873 1785749561.892916441 0.424113463601 0.085259504402 0.127622940494 -1.956723256158 -1.386561239428 -0.205332383206 0.345513193505
874 1785749561.922907591 0.424108936227 0.085279744427 0.127644778415 -1.956739767756 -1.386522357276 -0.205355819024 0.346676462269
875 1785749561.952899218 0.424088962519 0.085276016001 0.127659692117 -1.956759475148 -1.386555380474 -0.205371797990 0.347716160358
876 1785749561.992919445 0.424103876221 0.085265629673 0.127653300531 -1.956715799307 -1.386557511003 -0.205368069565 0.348519902375
877 1785749562.022889137 0.424144356270 0.085267760202 0.127652235266 -1.956761605677 -1.386563636273 -0.205346764276 0.348630157245
878 1785749562.052897692 0.424129176252 0.085261102299 0.127627734184 -1.956671590833 -1.386561239428 -0.205359014817 0.348667441500
879 1785749562.092903376 0.424123317297 0.085255775977 0.127546241455 -1.956641763428 -1.386544727829 -0.205340905322 0.348754260551
880 1785749562.122938156 0.424162998397 0.085252047551 0.127345439109 -1.956619925507 -1.386537270978 -0.205347829541 0.349734303832
881 1785749562.162877321 0.424125447826 0.085266961253 0.127290045358 -1.956633773945 -1.386530613076 -0.205363275875 0.350947640025
882 1785749562.192896366 0.424165927875 0.085278412846 0.127229325285 -1.956621523404 -1.386533542553 -0.205377656945 0.351436596401
883 1785749562.222879648 0.424138230999 0.085244590700 0.127204291571 -1.956664133981 -1.386564967854 -0.205372330623 0.351654442978
884 1785749562.262878418 0.424148617328 0.085283472852 0.127191508398 -1.956663068717 -1.386658711124 -0.205339840057 0.351760436790
885 1785749562.292910576 0.424125447826 0.085283472852 0.127211748422 -1.956634306577 -1.387012911549 -0.205356351656 0.351758838893
886 1785749562.322934389 0.424189896324 0.085708247046 0.127222401066 -1.956648687647 -1.387800940916 -0.205338774793 0.351757240996
887 1785749562.362890720 0.426124682856 0.087519995535 0.127210683158 -1.956643893957 -1.388286168866 -0.205340905322 0.351779078917
888 1785749562.392928839 0.428668268014 0.087657947280 0.127223466331 -1.956991170163 -1.389175398354 -0.205353688495 0.351755110468
889 1785749562.422924995 0.430456847002 0.087681915730 0.127207487364 -1.957913156533 -1.389839058098 -0.205369134829 0.351739131501
890 1785749562.462883949 0.431013447669 0.087674458879 0.127190975766 -1.959025292604 -1.390183671143 -0.205360080082 0.351737000972
891 1785749562.492884159 0.430982022369 0.087651289377 0.127187779972 -1.959361383533 -1.390467297799 -0.205357949553 0.351773752595
892 1785749562.532895088 0.431008121347 0.087668333608 0.127220270538 -1.959786424043 -1.392075580781 -0.205346764276 0.351776948389
893 1785749562.562909365 0.431005191870 0.087012397032 0.126986444994 -1.960264195143 -1.393727805922 -0.205355286392 0.351744990455
894 1785749562.592906237 0.431001463445 0.086874445287 0.124992802602 -1.961373135421 -1.395402667931 -0.205335579000 0.351742327294
895 1785749562.632989407 0.430984152897 0.086424371063 0.122796759967 -1.963577700171 -1.397642919040 -0.205352090598 0.351766828376
896 1785749562.662881374 0.430991077116 0.085639271174 0.121749605026 -1.964460804389 -1.400318330671 -0.205373928519 0.351748718881
897 1785749562.692893982 0.431094407767 0.084993720925 0.121411383568 -1.964663737264 -1.402906390619 -0.205362743243 0.351749784145
898 1785749562.733033180 0.431884567662 0.084316479060 0.120111228324 -1.965450967682 -1.405282995575 -0.205332383206 0.351754045203
899 1785749562.762897015 0.432766073983 0.084302364306 0.119305888410 -1.965902639803 -1.407458798186 -0.205348362173 0.351772154699
900 1785749562.802894592 0.434549592965 0.083815538459 0.117793212911 -1.967069636993 -1.409017546372 -0.205341437954 0.351746588352
901 1785749562.832898617 0.435316583359 0.082791553020 0.116873889703 -1.968066724505 -1.409186124469 -0.205365406404 0.351744990455
902 1785749562.862901688 0.435622047936 0.082278361878 0.116231535248 -1.969644913767 -1.410472697592 -0.205342503218 0.351764697848
903 1785749562.902970076 0.435596747906 0.081960114128 0.116133530920 -1.969871815092 -1.413579008687 -0.205128385067 0.351529274407
904 1785749562.933027029 0.435664125881 0.081968369927 0.116139922506 -1.969859564551 -1.413764631015 -0.205029848106 0.351225674043
905 1785749562.962878704 0.435637760586 0.081946798322 0.116137259345 -1.970347455662 -1.413794724735 -0.205029848106 0.350754827162
906 1785749563.002891302 0.435736830179 0.080929470786 0.116129802494 -1.971887295405 -1.416310613017 -0.204862068958 0.350399028841
907 1785749563.033078194 0.436064132677 0.079474852198 0.116124476172 -1.972639904729 -1.417613165106 -0.204835437347 0.350280784488
908 1785749563.072889090 0.438717173755 0.079098813853 0.116157499369 -1.974477485881 -1.418267770102 -0.204617058137 0.347621884456
909 1785749563.102946520 0.441547581361 0.079096683324 0.116150042518 -1.975214648871 -1.418857393968 -0.204620253931 0.346213604871
910 1785749563.133325100 0.443361726696 0.079075644351 0.116156434105 -1.975248204700 -1.419025705748 -0.204564860180 0.345031161347
911 1785749563.172910690 0.446313574448 0.079078041196 0.116115954056 -1.975252465758 -1.419671522313 -0.204601611803 0.342670002725
912 1785749563.202909946 0.447533834860 0.079128907573 0.115497568051 -1.975256194184 -1.419775651911 -0.204496150624 0.340820171032
913 1785749563.232933283 0.447843027862 0.079181371846 0.114141486424 -1.975223170986 -1.419766597164 -0.204437028448 0.340256646145
914 1785749563.272887468 0.447989235406 0.079200013974 0.113275959070 -1.975242345746 -1.420043832233 -0.204168049178 0.340183675531
915 1785749563.302910805 0.447957543789 0.079176844472 0.112516958159 -1.975233290998 -1.420319469406 -0.204042880606 0.340040397465
916 1785749563.342903852 0.447948755357 0.079172317099 0.110936638368 -1.975238617320 -1.420414544257 -0.204071110114 0.340052115373
917 1785749563.372952223 0.447945026932 0.079416528971 0.109401059684 -1.975242878378 -1.420448100087 -0.204068979585 0.340046256419
918 1785749563.402911901 0.447961538531 0.079412800545 0.107398362544 -1.975222638354 -1.420422800056 -0.203929962576 0.340063833282
919 1785749563.442902803 0.447977251181 0.078921447324 0.104229200847 -1.972882785020 -1.420489379084 -0.203631688534 0.340078746984
920 1785749563.473046303 0.447971125911 0.077839937605 0.102926915074 -1.971322705253 -1.421170349374 -0.203557652656 0.340086203835
921 1785749563.502908945 0.447969528014 0.077451116086 0.102088019330 -1.969796181317 -1.422808992393 -0.203320098687 0.340080877513
922 1785749563.542904377 0.447947157461 0.077468959265 0.102072040364 -1.966599855376 -1.424979734998 -0.203311576571 0.340042527993
923 1785749563.573052168 0.447987637509 0.078736357628 0.102089084595 -1.965393443403 -1.425071880371 -0.203185342735 0.340084605939
924 1785749563.612908840 0.447980979607 0.080144637213 0.102086421434 -1.964513002346 -1.425092919344 -0.202914232936 0.337798015827
925 1785749563.642962694 0.447959141686 0.082778769847 0.102113053045 -1.964430976985 -1.425101175143 -0.202775215928 0.334779056415
926 1785749563.673147917 0.447965799588 0.085431810925 0.102095476181 -1.964180639842 -1.425076407745 -0.201398894276 0.332205910170
927 1785749563.712908268 0.447950086938 0.086751673561 0.099105278910 -1.964119387137 -1.428094035576 -0.190982205988 0.328371490832
928 1785749563.742901325 0.447970326962 0.087180176180 0.099014731432 -1.964141757690 -1.430091672710 -0.189929192093 0.324452915604
929 1785749563.772896528 0.447980979607 0.089833749891 0.099009405110 -1.964114060815 -1.430085014807 -0.189761412945 0.323919218122
930 1785749563.812904119 0.447943429035 0.090749877306 0.099008339846 -1.964130572414 -1.430067704260 -0.186277465607 0.323913891800
931 1785749563.842910767 0.447957543789 0.091016459731 0.100067745328 -1.964132170310 -1.428714285794 -0.186101696975 0.323926142341
932 1785749563.882904768 0.447949287990 0.092304897066 0.103260875475 -1.964097549216 -1.426389346163 -0.186088913802 0.323910163374
933 1785749563.912881136 0.447966598537 0.092895852512 0.104781007825 -1.964868268036 -1.424588782950 -0.185924863078 0.323925609709
934 1785749563.942867517 0.447988436458 0.092893455667 0.105453722316 -1.965880801882 -1.422954400989 -0.185736311273 0.323931468663
935 1785749563.982907295 0.447984708032 0.091936315571 0.105578890887 -1.967409456348 -1.422054785172 -0.185471060429 0.323900575994
936 1785749564.012896538 0.447959940634 0.091689973170 0.105639078328 -1.967727437782 -1.422090737847 -0.185443896185 0.323929338134
937 1785749564.042901754 0.447962071163 0.091709414246 0.105978365051 -1.967984166511 -1.422046529373 -0.185462005681 0.323926674973
938 1785749564.083091259 0.447949287990 0.091699560550 0.106167449488 -1.968024646560 -1.421950655574 -0.185357077134 0.323885662292
939 1785749564.112901449 0.447989235406 0.091670265778 0.106163721063 -1.968015591812 -1.421924556595 -0.185369327675 0.323929870766
940 1785749564.153051376 0.447977251181 0.091540836149 0.106150937889 -1.968017722341 -1.421860108097 -0.185353348708 0.323919218122
941 1785749564.182915688 0.447978582762 0.091325919049 0.105630023580 -1.968017722341 -1.421878750224 -0.185370392939 0.323913891800
942 1785749564.212885857 0.447978582762 0.090903275384 0.104801247849 -1.967984699143 -1.421867564948 -0.185349087651 0.323890988614
943 1785749564.252965450 0.447975653284 0.090408193738 0.104318150427 -1.968002276006 -1.421883277598 -0.185342163432 0.323918685490
944 1785749564.282949686 0.447945559564 0.089470494718 0.104260093516 -1.968007602329 -1.421887804972 -0.185375186629 0.323916554961
945 1785749564.312890291 0.447967397485 0.088901909825 0.104194047120 -1.968009732857 -1.421885674443 -0.185353348708 0.323896847569
946 1785749564.352876663 0.447972723807 0.088901377193 0.102755407500 -1.967996949684 -1.421894462875 -0.185366131882 0.323914957064
947 1785749564.382872820 0.447947956409 0.088815889722 0.102371912303 -1.968013461283 -1.421884875495 -0.185353881341 0.324082736213
948 1785749564.422908306 0.447983110135 0.088163415255 0.102236091087 -1.968011863386 -1.421896060771 -0.185387969803 0.324365563921
949 1785749564.452907324 0.447957543789 0.088141843650 0.102260059537 -1.968021450766 -1.421855580723 -0.185361870824 0.324403380808
950 1785749564.482892752 0.447985506980 0.088163415255 0.102258461640 -1.967985764408 -1.421886207075 -0.185373588733 0.324370357611
951 1785749564.522925138 0.447973256439 0.088093906750 0.102226503707 -1.967982035982 -1.421866765999 -0.185366131882 0.324366629185
952 1785749564.553220034 0.447959141686 0.087778588477 0.102175371014 -1.967980438085 -1.421897658668 -0.185349087651 0.324831084479
953 1785749564.582870960 0.447962071163 0.087215862539 0.102040082431 -1.968017189708 -1.421875021799 -0.185375719262 0.325002592053
954 1785749564.622922659 0.447959141686 0.087148484563 0.101974036036 -1.968002808639 -1.421877951276 -0.185353881341 0.325207655457
955 1785749564.653021812 0.447957011157 0.087146354035 0.101736482067 -1.967987362304 -1.421860108097 -0.185358675031 0.325633228599
956 1785749564.692918539 0.447967397485 0.087036898114 0.101552723951 -1.968012396019 -1.421893930242 -0.185352816076 0.325930970009
957 1785749564.722895861 0.447980180658 0.086874445287 0.101577757666 -1.968017722341 -1.421861705993 -0.185389567699 0.325970384793
958 1785749564.752950191 0.447945559564 0.086894685312 0.101559115538 -1.967992155994 -1.421892332346 -0.185386904538 0.326092357571
959 1785749564.792907238 0.447950885886 0.086850476837 0.101559648170 -1.968026244456 -1.421837737543 -0.185384241377 0.326173850301
960 1785749564.823080301 0.447986039613 0.086829437865 0.101584681884 -1.968002808639 -1.421487798176 -0.185376784526 0.326243625121
961 1785749564.852917671 0.447974854336 0.086842221038 0.103178850113 -1.968016657076 -1.420527728603 -0.185367729778 0.326255343030
962 1785749564.892914295 0.447957011157 0.086862461062 0.104933340639 -1.968009732857 -1.419547152690 -0.185355479237 0.326274517790
963 1785749564.922912359 0.447990566987 0.087407077505 0.104903513235 -1.967996417052 -1.418395868151 -0.185378382423 0.326264397778
964 1785749564.952889681 0.447983909084 0.087940242356 0.104902447970 -1.967982568614 -1.418112774127 -0.185345891857 0.326308073620
965 1785749564.992896795 0.447980979607 0.088385256574 0.104961037514 -1.968006537064 -1.418119432030 -0.185382110848 0.326597825546
966 1785749565.022901535 0.447974055388 0.088667551649 0.104951450134 -1.968020385502 -1.417631274602 -0.185378915055 0.328447657239
967 1785749565.062903643 0.447977251181 0.088658496902 0.104985538596 -1.968002808639 -1.417542857654 -0.185386371906 0.330482312312
968 1785749565.092894316 0.447969528014 0.088087781480 0.104988734390 -1.968015059180 -1.417569755581 -0.185365599249 0.330610144045
969 1785749565.122884035 0.447965799588 0.088107222556 0.104985538596 -1.968015059180 -1.417561499781 -0.185345891857 0.330613339838
970 1785749565.163103819 0.447986838561 0.088882468749 0.104968494365 -1.968027842353 -1.417357767958 -0.185368262411 0.330618666160
971 1785749565.192911148 0.447971924859 0.089190330171 0.104972755423 -1.967967122280 -1.417348713210 -0.185355479237 0.330617068263
972 1785749565.222897291 0.447980979607 0.089241462864 0.104989267022 -1.967816387362 -1.417026737034 -0.185388502435 0.330613339838
973 1785749565.262910366 0.447958342737 0.089254778670 0.104970092262 -1.967807332615 -1.416023790568 -0.185383176113 0.330607480884
974 1785749565.292901278 0.447985506980 0.089320825065 0.104983408068 -1.967815854730 -1.415768393419 -0.185384241377 0.330598958768
975 1785749565.332909107 0.447955413260 0.089588739070 0.104980744906 -1.967673109296 -1.415514327851 -0.185374121365 0.330600024032
976 1785749565.362918377 0.447945559564 0.089644931769 0.104948254341 -1.967691218791 -1.415424579322 -0.185375186629 0.330600024032
977 1785749565.392904282 0.447971924859 0.089639871763 0.104976483849 -1.967665652445 -1.414786485925 -0.185368262411 0.330640504081
978 1785749565.432910919 0.447971125911 0.089644399137 0.104971690159 -1.967685359837 -1.413874885884 -0.185371990836 0.330644232507
979 1785749565.462911844 0.447977251181 0.089612174888 0.104997789137 -1.967680033514 -1.412883923643 -0.185345359225 0.330641569345
980 1785749565.492904425 0.447958342737 0.089923764735 0.105588478267 -1.967104258087 -1.412793376165 -0.185378915055 0.330644232507
981 1785749565.532913208 0.447964468008 0.090522975981 0.105790878510 -1.966914641017 -1.412737183466 -0.185382110848 0.330670864117
982 1785749565.562913895 0.447981512239 0.090559727604 0.105850000686 -1.966881617820 -1.412727329770 -0.185358142398 0.330692169406
983 1785749565.592909575 0.447989235406 0.090518448607 0.106370914996 -1.966920499972 -1.412728927667 -0.185353881341 0.330932386537
984 1785749565.632887840 0.447968995382 0.090526704406 0.107085707432 -1.966911445224 -1.412702562372 -0.185378915055 0.331669549526
985 1785749565.663090229 0.447985506980 0.090519247555 0.107541107978 -1.966915173649 -1.412727329770 -0.185383176113 0.331808566535
986 1785749565.703090191 0.447944227984 0.090728039385 0.107587979614 -1.966896531522 -1.412699632895 -0.185389567699 0.331879939252
987 1785749565.732899666 0.447989235406 0.090990360752 0.107592773304 -1.966879487291 -1.412710818172 -0.185348022386 0.331909234024
988 1785749565.762907982 0.447969528014 0.091252415803 0.107632720720 -1.966879487291 -1.412728128719 -0.185364001353 0.331920951933
989 1785749565.803159237 0.447946358512 0.091348289602 0.107721137668 -1.966909314695 -1.412716144494 -0.185358675031 0.331934800371
990 1785749565.832924604 0.447978582762 0.091342430648 0.107680657620 -1.966922630500 -1.412724400293 -0.185367729778 0.331925745623
991 1785749565.862910271 0.447968995382 0.091364801201 0.107722735565 -1.966878422026 -1.412697502366 -0.185358675031 0.332650658072
992 1785749565.902902603 0.447971125911 0.091348289602 0.107696636586 -1.966893868361 -1.412743042421 -0.185362403456 0.333480499068
993 1785749565.932919979 0.447947956409 0.091340033803 0.107678527091 -1.966906118902 -1.412736384518 -0.185366131882 0.333569448648
994 1785749565.972906351 0.447966598537 0.091352816976 0.107695571322 -1.966929554719 -1.412741710840 -0.185352816076 0.333618450812
995 1785749566.002900124 0.447947157461 0.091370127523 0.107703028173 -1.966943935789 -1.412721470816 -0.185382643480 0.333648810848
996 1785749566.032920122 0.447978582762 0.091354947505 0.107922472647 -1.967014243242 -1.412733987673 -0.185389567699 0.333633364514
997 1785749566.072893620 0.447982311187 0.091342963280 0.108079066519 -1.967017439035 -1.412704160269 -0.185351218180 0.334294893729
998 1785749566.102899551 0.447956212208 0.091375986478 0.108095045485 -1.967213980324 -1.412703361321 -0.185349087651 0.334547361400
999 1785749566.132916451 0.447962071163 0.091374654897 0.108091849692 -1.967366313138 -1.412701763424 -0.185364001353 0.334531915066
1000 1785749566.172900438 0.447989235406 0.091337903274 0.108076935990 -1.967563387059 -1.412707888694 -0.185342696064 0.334822732257
1001 1785749566.202897072 0.447953815363 0.091354947505 0.108086523370 -1.967580963922 -1.412724400293 -0.185375186629 0.334869071260
1002 1785749566.242911339 0.447980180658 0.091358143299 0.107557619577 -1.967590018670 -1.412715345546 -0.185352816076 0.334873864950
1003 1785749566.272898197 0.447962870111 0.091335506429 0.106835902922 -1.967562321794 -1.412712416068 -0.185344293961 0.334990511406
1004 1785749566.302891016 0.447954614312 0.091370127523 0.106449211932 -1.967579898657 -1.412721470816 -0.185357077134 0.334988380877
1005 1785749566.342918873 0.447947157461 0.091374654897 0.105515507653 -1.967564984955 -1.412727329770 -0.185362403456 0.334973999807
1006 1785749566.372904778 0.447951684835 0.091360273827 0.105320031629 -1.967562321794 -1.412701763424 -0.185378915055 0.335003294579
1007 1785749566.402972937 0.447978582762 0.090872649032 0.105230549417 -1.967592681831 -1.412921474214 -0.185351750812 0.335107157861
1008 1785749566.442909956 0.447990566987 0.090593283433 0.105206580967 -1.968130107739 -1.413357966317 -0.185366131882 0.335149235807
1009 1785749566.472879410 0.447953815363 0.090587957111 0.105099521891 -1.969189513220 -1.413384331611 -0.185349620283 0.335144974749
1010 1785749566.512912035 0.447947956409 0.090587957111 0.104928546949 -1.969962362569 -1.413412028487 -0.185350152915 0.335114082080
1011 1785749566.542896748 0.447959940634 0.090081690188 0.104915231144 -1.970173817559 -1.413367021064 -0.185345359225 0.335113549448
1012 1785749566.572895527 0.447948755357 0.089581282219 0.104904045867 -1.970137598568 -1.413397647417 -0.185371990836 0.335113549448
1013 1785749566.612909794 0.447945026932 0.089380746189 0.104937601697 -1.970148251213 -1.413404571636 -0.185380512952 0.335614223733
1014 1785749566.642876863 0.447962071163 0.089383675666 0.104900850074 -1.970141859626 -1.413393918991 -0.185384241377 0.336617170199
1015 1785749566.672904968 0.447983909084 0.089401518846 0.104900850074 -1.970166893340 -1.413388060037 -0.185387969803 0.338037700325
1016 1785749566.712909460 0.447948755357 0.089407644116 0.105642806753 -1.970141859626 -1.413405104268 -0.185386371906 0.338631585248
1017 1785749566.742906809 0.447947956409 0.090456130637 0.105634284638 -1.970181274410 -1.413411229538 -0.185347489754 0.338617204178
1018 1785749566.772904634 0.447986039613 0.091122719858 0.105712048942 -1.970170621766 -1.413376874760 -0.185377317158 0.339077931047
1019 1785749566.812902212 0.447949287990 0.091280112679 0.105813249063 -1.970138131201 -1.413378206341 -0.185345891857 0.340473960090
1020 1785749566.842907429 0.447962870111 0.091322723256 0.106223908503 -1.970144522787 -1.413405903216 -0.185387969803 0.341742690033
1021 1785749566.882891178 0.447952483783 0.091494497146 0.107195429669 -1.970579683309 -1.413381934766 -0.185387969803 0.342206612695
1022 1785749566.912888765 0.447981512239 0.091635911000 0.108156830823 -1.971191677728 -1.413414957964 -0.185377317158 0.342359478142
1023 1785749566.942886353 0.447977783813 0.092052429395 0.108491323855 -1.971616718238 -1.413432268511 -0.185357077134 0.342354151820
1024 1785749566.982887983 0.447947956409 0.092238850671 0.108829012682 -1.972584510978 -1.413440524310 -0.185359207663 0.342407415041
1025 1785749567.012923241 0.447951684835 0.092213550641 0.108862035879 -1.973887862015 -1.413453840116 -0.185369860307 0.342431383491
1026 1785749567.042895794 0.447977251181 0.092202897996 0.108864166408 -1.975082023448 -1.413437328517 -0.185373588733 0.342407415041
1027 1785749567.082887650 0.447945026932 0.092195441145 0.108460431187 -1.975706268408 -1.413644256134 -0.185377317158 0.342526192026
1028 1785749567.112901688 0.447980180658 0.092204495893 0.107841512549 -1.975961931872 -1.413856243757 -0.185364533985 0.342493168829
1029 1785749567.142882824 0.447975653284 0.092240448568 0.107617807018 -1.976007738243 -1.414291404279 -0.185373588733 0.342537377303
1030 1785749567.182898760 0.447987637509 0.091312336928 0.107056945292 -1.976221856395 -1.414756392205 -0.185383176113 0.343078531636
1031 1785749567.212877512 0.447960739582 0.089967174261 0.106917928283 -1.977062350035 -1.415672519620 -0.185364001353 0.343511561629
1032 1785749567.252882957 0.447954614312 0.089461439970 0.106947223055 -1.978010435383 -1.416025921097 -0.185347489754 0.343707570286
1033 1785749567.282958031 0.447957011157 0.089373821970 0.106862001901 -1.978867440622 -1.416050688495 -0.185349620283 0.343840195708
1034 1785749567.312897205 0.447970326962 0.089313900846 0.106828978703 -1.980202216960 -1.416024589516 -0.185354946605 0.343874816802
1035 1785749567.352915287 0.447960739582 0.089282475545 0.106832174496 -1.980604354285 -1.416017665297 -0.185376784526 0.343832738857
1036 1785749567.382876873 0.447961538531 0.089289399764 0.106846022934 -1.981206761323 -1.416039503218 -0.185344293961 0.343839130443
1037 1785749567.412905931 0.447976452233 0.088322938604 0.107642308100 -1.982341800580 -1.416007278969 -0.185364001353 0.343847652559
1038 1785749567.452897549 0.447977251181 0.087698427329 0.109267901629 -1.983224372165 -1.416031247419 -0.185380512952 0.344159242407
1039 1785749567.482878447 0.447946358512 0.087576987183 0.110457802004 -1.983586029441 -1.416011806343 -0.185378915055 0.344607186102
1040 1785749567.522890091 0.447976452233 0.087589770356 0.112717760505 -1.983664859009 -1.416029116890 -0.185362403456 0.344905992776
1041 1785749567.552895784 0.447978582762 0.087554616630 0.113692477464 -1.983921587738 -1.416045628489 -0.185346424490 0.345697484252
1042 1785749567.582904577 0.447989768038 0.087581514557 0.114133496941 -1.984279516589 -1.416009409498 -0.185380512952 0.346488443096
1043 1785749567.622882843 0.447987637509 0.087552219785 0.115063472794 -1.984950633184 -1.416015534768 -0.185356544502 0.346625862208
1044 1785749567.652871847 0.447978582762 0.087562872429 0.115337245754 -1.986265169498 -1.416022192671 -0.185375186629 0.346645036968
1045 1785749567.682883024 0.447968196433 0.087573258757 0.115339376282 -1.987734169155 -1.416005148440 -0.185353348708 0.346634916956
1046 1785749567.722878218 0.447977783813 0.087559144004 0.115326060477 -1.989115284496 -1.416011007395 -0.185348022386 0.346607752713
1047 1785749567.752872705 0.447980180658 0.086628102886 0.115305820453 -1.989618089310 -1.415963869443 -0.185349087651 0.346623731679
1048 1785749567.792869329 0.447962071163 0.085859514596 0.115321266787 -1.989863100130 -1.415966798920 -0.185353881341 0.346641308542
1049 1785749567.822877884 0.447951684835 0.085717301794 0.116072810847 -1.989957908665 -1.415995294744 -0.185361870824 0.346651961187
1050 1785749567.852890968 0.447945026932 0.085705317569 0.117577496863 -1.990136873090 -1.415963070495 -0.185369860307 0.346607752713
1051 1785749567.892901182 0.447970326962 0.085723160748 0.121319238194 -1.990159243644 -1.415386229803 -0.185353348708 0.346642373807
1052 1785749567.922896862 0.447962870111 0.085849128268 0.123432190203 -1.990148058367 -1.415217119074 -0.185342163432 0.346615209564
1053 1785749567.952889919 0.447990566987 0.086177762346 0.124934213058 -1.990170961552 -1.414889816576 -0.185359207663 0.346640775910
1054 1785749567.992893934 0.447955413260 0.086179360243 0.126158201895 -1.990168298391 -1.414557986704 -0.185389567699 0.346616807460
1055 1785749568.022886038 0.447945026932 0.086168174966 0.126812806891 -1.990136340458 -1.414511647701 -0.185360805559 0.346619470622
1056 1785749568.052882433 0.447957543789 0.086191344468 0.127336384361 -1.990163504701 -1.414468770807 -0.185373056100 0.346650363290
1057 1785749568.092883825 0.447970326962 0.086180958139 0.128033067302 -1.990129416239 -1.414423763385 -0.185374121365 0.346645036968
1058 1785749568.122879982 0.447945026932 0.086192942364 0.128315362378 -1.990127818343 -1.414446400254 -0.185380512952 0.346619470622
1059 1785749568.162893295 0.447953282731 0.086194273945 0.128390996153 -1.990127285711 -1.414426160230 -0.185345891857 0.346632253795
1060 1785749568.192903280 0.447980180658 0.086197469738 0.128426149879 -1.990133144665 -1.414465042382 -0.185364533985 0.346645036968
1061 1785749568.222916603 0.447945026932 0.085309039199 0.128413366706 -1.990174689978 -1.414434416029 -0.185385839274 0.346651961187
1062 1785749568.262897968 0.447965799588 0.084992123029 0.129948945390 -1.990143264677 -1.414426160230 -0.185358142398 0.346607752713
1063 1785749568.292887926 0.447952483783 0.084868552354 0.130913542337 -1.990239138476 -1.414434416029 -0.185373588733 0.346621068518
1064 1785749568.322884798 0.447964468008 0.084552435133 0.131861095053 -1.990260443765 -1.414293534808 -0.185384774009 0.346645036968
1065 1785749568.362911224 0.447945559564 0.083380377937 0.133730101506 -1.990268965881 -1.414319900102 -0.185385839274 0.346615209564
1066 1785749568.392894506 0.447989768038 0.083288232563 0.134044354515 -1.990267900616 -1.414013370261 -0.185374121365 0.346628525369
1067 1785749568.432900667 0.447967397485 0.083282107293 0.135827607181 -1.990240203741 -1.412304952422 -0.185366131882 0.346617340093
1068 1785749568.462898016 0.447987637509 0.083294091518 0.137781834789 -1.990250856385 -1.410852464363 -0.185343761329 0.346637047485
1069 1785749568.492899656 0.447974854336 0.083311402065 0.140326218894 -1.990258313236 -1.410050320243 -0.185385839274 0.346622133783
1070 1785749568.532904148 0.447989768038 0.083300216788 0.142742238635 -1.990257780604 -1.408741110251 -0.185360805559 0.346615209564
1071 1785749568.562894344 0.447962071163 0.083306874691 0.143624277588 -1.990263106926 -1.407858804982 -0.185371990836 0.346639710646
1072 1785749568.592902660 0.447975653284 0.083289564144 0.144610712456 -1.990263106926 -1.406586080297 -0.185382643480 0.346618937989
1073 1785749568.632900953 0.447972723807 0.083377182144 0.145925248770 -1.990255117443 -1.404916544609 -0.185385839274 0.346608285345
1074 1785749568.662898779 0.447987637509 0.083420857986 0.147036852209 -1.990248725856 -1.404196159534 -0.185373588733 0.346648232761
1075 1785749568.692891359 0.447962071163 0.083413134818 0.148413706492 -1.990267900616 -1.403423043870 -0.185346424490 0.346633851691
1076 1785749568.732908010 0.447970326962 0.083407275864 0.149845421894 -1.990256715339 -1.402291999355 -0.185375719262 0.346646634865
1077 1785749568.762901545 0.447967397485 0.083413933767 0.150671001832 -1.990250323753 -1.401584930086 -0.185345891857 0.346653559083
1078 1785749568.802895784 0.447957011157 0.083404346387 0.151571150281 -1.990259378501 -1.401303433958 -0.185386371906 0.346613079035
1079 1785749568.832904816 0.447989768038 0.083417662192 0.152045725587 -1.990263639558 -1.400962549339 -0.185375719262 0.346642906439
1080 1785749568.862910509 0.447957011157 0.083414732715 0.152672633708 -1.990258313236 -1.400693570069 -0.185351218180 0.346646102232
1081 1785749568.902889013 0.447970326962 0.083385437943 0.153993561608 -1.990260443765 -1.400409943413 -0.185349087651 0.346615209564
1082 1785749568.932940960 0.447948755357 0.083411803238 0.155849252256 -1.990259911133 -1.399719119426 -0.185347489754 0.346650363290
1083 1785749568.962892532 0.447962870111 0.083187831390 0.157759271390 -1.990228485832 -1.399119908181 -0.185382110848 0.346622666415
1084 1785749569.002879381 0.447982311187 0.082994485895 0.159581406208 -1.990237540580 -1.397251966992 -0.185371990836 0.346639710646
1085 1785749569.032896996 0.447965799588 0.082861327841 0.161919129012 -1.990264172191 -1.396298555322 -0.185345891857 0.346622666415
1086 1785749569.062896490 0.447984708032 0.082884497342 0.163965501994 -1.990259378501 -1.395655135602 -0.185373056100 0.346633851691
1087 1785749569.102887869 0.447977783813 0.082853604673 0.165993765480 -1.990232746890 -1.393638856341 -0.185351750812 0.346618937989
1088 1785749569.132897139 0.447949287990 0.082882100497 0.166861955996 -1.990255117443 -1.392692102574 -0.185346424490 0.346609350609
1089 1785749569.172888279 0.447950086938 0.082586223300 0.167286463873 -1.990255117443 -1.392438835954 -0.185368262411 0.346646102232
1090 1785749569.203008652 0.447978582762 0.081169954232 0.167302975472 -1.990226355303 -1.392321124234 -0.185369860307 0.346624796944
1091 1785749569.232905626 0.447949287990 0.080635990434 0.167301377575 -1.990259378501 -1.392091293432 -0.185349087651 0.346612013770
1092 1785749569.272882223 0.447962870111 0.079626119748 0.167710971751 -1.990327022792 -1.392060667079 -0.185381045584 0.346635449588
1093 1785749569.302883148 0.447973256439 0.079117722296 0.168555193817 -1.990346197552 -1.391748278283 -0.185371990836 0.346926266779
1094 1785749569.332899809 0.447986838561 0.078952073676 0.168980234327 -1.990387742865 -1.391039611117 -0.185351750812 0.346898569904
1095 1785749569.372885942 0.447984708032 0.078930502072 0.170262812708 -1.990373894427 -1.390489934668 -0.185380512952 0.347124405964
1096 1785749569.402897835 0.447980979607 0.078963258953 0.171287064463 -1.990372829163 -1.389565551454 -0.185361870824 0.347171277599
1097 1785749569.432890415 0.447960739582 0.078940089452 0.171966170541 -1.990392536555 -1.388448888009 -0.185349087651 0.347158494426
1098 1785749569.472889900 0.447965266956 0.078949943148 0.173338763767 -1.990405852361 -1.387962594794 -0.185371458204 0.347135058609
1099 1785749569.502906561 0.447952483783 0.078949943148 0.173355807998 -1.990413309212 -1.387750074539 -0.185375186629 0.347227203982
1100 1785749569.542901516 0.447977251181 0.078945415774 0.173397885943 -1.990373894427 -1.387087213743 -0.185364533985 0.347219214499
1101 1785749569.572881699 0.447976452233 0.078935562078 0.173354210101 -1.990390938658 -1.386287200152 -0.185359207663 0.347200039739
1102 1785749569.602878571 0.447973256439 0.078921447324 0.173400549104 -1.990398928142 -1.384546558064 -0.185356544502 0.347203768165
1103 1785749569.642892838 0.447970326962 0.078925974698 0.173477780776 -1.990402123935 -1.382977157233 -0.185367729778 0.347198974475
1104 1785749569.672967196 0.447974854336 0.079119852825 0.173578980897 -1.990407450257 -1.381883663290 -0.185376784526 0.347213888177
1105 1785749569.702895641 0.447980979607 0.079293757244 0.173649288350 -1.990403721832 -1.380971530616 -0.185349620283 0.347208561855
1106 1785749569.742906094 0.447981512239 0.079256206673 0.173914006562 -1.990259378501 -1.380906283170 -0.185352816076 0.348232280978
1107 1785749569.772888422 0.447973256439 0.078946747354 0.173892701273 -1.990259911133 -1.380681512374 -0.185353348708 0.351346581556
1108 1785749569.812892199 0.447980979607 0.078878037798 0.173887374951 -1.990225290039 -1.380535571146 -0.185375186629 0.353566060009
1109 1785749569.842895985 0.448024389132 0.078692149154 0.173919865516 -1.990167765759 -1.380355008824 -0.185353348708 0.353732241261
1110 1785749569.872889996 0.448004948056 0.078713987075 0.173912408665 -1.989313956314 -1.380127308551 -0.185342163432 0.353748752860
1111 1785749569.912895679 0.448005480689 0.079266060369 0.173921996045 -1.987742158638 -1.380128640131 -0.185353348708 0.353825451899
1112 1785749569.942890167 0.448023590184 0.080140908787 0.173897494963 -1.986635348889 -1.379797609208 -0.185345891857 0.353805744507
1113 1785749569.972890854 0.448005480689 0.081880751927 0.173912941298 -1.986171958860 -1.378025541818 -0.185358142398 0.353814799255
1114 1785749570.012893915 0.448010807011 0.083790771061 0.173890570745 -1.984498961063 -1.377456956926 -0.185386371906 0.353831310853
1115 1785749570.042883635 0.448036373357 0.084580930956 0.174233053261 -1.983339953356 -1.377435385321 -0.185342696064 0.353809472933
1116 1785749570.072875261 0.447996692257 0.084703702683 0.174224531145 -1.982835018014 -1.377160547096 -0.185387969803 0.353835039279
1117 1785749570.112892866 0.447999621734 0.084715686908 0.174255423814 -1.981803309407 -1.376571722179 -0.185384241377 0.353839300337
1118 1785749570.142901659 0.448012404907 0.084575072002 0.174255423814 -1.980902628327 -1.376579179030 -0.185358675031 0.353810005565
1119 1785749570.182886124 0.448034775461 0.084046967158 0.174247966963 -1.980119658966 -1.376561335851 -0.185369327675 0.353838767705
1120 1785749570.212904215 0.448024389132 0.084072267188 0.174259152239 -1.979777176450 -1.376567993754 -0.185378915055 0.353803613978
1121 1785749570.242909431 0.448025188081 0.084088246155 0.174242640641 -1.979597146760 -1.376582907456 -0.185365599249 0.353824386635
1122 1785749570.282901049 0.448009475430 0.084078392459 0.174223998513 -1.979601940450 -1.375987424636 -0.185376784526 0.353831843486
1123 1785749570.312899828 0.448006279637 0.084056554538 0.174434388239 -1.979607266772 -1.375905931907 -0.185369860307 0.354700034001
1124 1785749570.342886209 0.447993496464 0.084065609286 0.174602167388 -1.979581167794 -1.375244402692 -0.185360272927 0.357323247675
1125 1785749570.382884026 0.448003350160 0.084415548653 0.174611222135 -1.979957738772 -1.370765232055 -0.185362403456 0.357856945157
1126 1785749570.412909269 0.448002551211 0.085049913624 0.174609624239 -1.980043492559 -1.368700216945 -0.185343761329 0.357849488306
1127 1785749570.452883720 0.447996692257 0.087008402290 0.174629864263 -1.976529717817 -1.364255667402 -0.185389567699 0.357841498823
1128 1785749570.482892752 0.448028117558 0.087733581055 0.175879419447 -1.969925610946 -1.363463110662 -0.185218592757 0.357832976707
1129 1785749570.512898922 0.448031845983 0.088806036026 0.181497624082 -1.963417377874 -1.363432484309 -0.185233506459 0.357854281996
1130 1785749570.552889824 0.448021193339 0.090913129080 0.182592715922 -1.962054904660 -1.363453523282 -0.185242028575 0.357834041972
1131 1785749570.582905531 0.448031845983 0.090920585931 0.183061432274 -1.962077275213 -1.360768257955 -0.185223919079 0.357868663066
1132 1785749570.612907171 0.448008676482 0.090928042782 0.184035083969 -1.962811242410 -1.358152767448 -0.185218592757 0.357829248282
1133 1785749570.652894020 0.447996692257 0.090429232710 0.185904623054 -1.963911660572 -1.357509347729 -0.185202613791 0.357859608318
1134 1785749570.682896376 0.448002551211 0.090391948455 0.187741138942 -1.963914856365 -1.357414805510 -0.185226582241 0.357864934640
1135 1785749570.712899685 0.448000420683 0.090405264260 0.189359275620 -1.964012860693 -1.357412674981 -0.185223919079 0.357859608318
1136 1785749570.752890587 0.448028916506 0.090418047434 0.190124668117 -1.964138561897 -1.357380450732 -0.185205276952 0.357842031455
1137 1785749570.782907248 0.448001219631 0.090399937938 0.190093775449 -1.965011546102 -1.356354334764 -0.185202613791 0.357826585121
1138 1785749570.822908878 0.448024389132 0.090374637908 0.190109754415 -1.965788123876 -1.356027831214 -0.185201548526 0.357845227248
1139 1785749570.852898836 0.448016932281 0.090411389531 0.190166746063 -1.965965490405 -1.355845670996 -0.185231375930 0.357860140951
1140 1785749570.882917166 0.448031845983 0.090414319008 0.190151832361 -1.965922347195 -1.355672831841 -0.185223919079 0.357849488306
1141 1785749570.922903776 0.448001219631 0.090409791634 0.190153962889 -1.966230741249 -1.355382813598 -0.185229245402 0.357853216732
1142 1785749570.952887535 0.448024389132 0.090313118887 0.190164615534 -1.966220088605 -1.355401455726 -0.185214331700 0.357828715650
1143 1785749570.982908726 0.448011605959 0.089788742468 0.190460226415 -1.966245122319 -1.354394248202 -0.185220723286 0.357830846179
1144 1785749571.022887230 0.448034775461 0.089638273867 0.192652007992 -1.966221153869 -1.353448027066 -0.185203679055 0.357842031455
1145 1785749571.052893639 0.448000420683 0.089608446462 0.194183325619 -1.966219555973 -1.353327652185 -0.185235636988 0.357870793595
1146 1785749571.092912674 0.448037172306 0.089637474918 0.195889879245 -1.966222751766 -1.351888746248 -0.185236702253 0.357854814628
1147 1785749571.122882843 0.447992963831 0.089615104365 0.196640358040 -1.966225414927 -1.351095390559 -0.185234571724 0.357856945157
1148 1785749571.152888775 0.448036373357 0.089639072815 0.197721068811 -1.966220088605 -1.350625076311 -0.185232973827 0.357850553571
1149 1785749571.193005323 0.448029449138 0.089902725763 0.199083542024 -1.966224882295 -1.350470879284 -0.185242028575 0.357855879893
1150 1785749571.222890377 0.448030248087 0.090385024236 0.199316302304 -1.966238198100 -1.350426670810 -0.185238300149 0.357862271479
1151 1785749571.252895832 0.447996692257 0.090966392302 0.199322693890 -1.966238730733 -1.350450639259 -0.185200483262 0.357858010422
1152 1785749571.292893410 0.447996692257 0.091307809554 0.199320563361 -1.966248850745 -1.350431730816 -0.185220190654 0.357870793595
1153 1785749571.323011637 0.447998822786 0.091305679025 0.199287540164 -1.966212099122 -1.350459694007 -0.185199950630 0.357853216732
1154 1785749571.362959146 0.448027318610 0.091323522204 0.197534647534 -1.966221686502 -1.350443981357 -0.185200483262 0.357840966191
1155 1785749571.393062115 0.447992164883 0.091131774606 0.197063268022 -1.966225414927 -1.350443182408 -0.185243093839 0.357939503151
1156 1785749571.422888041 0.448031845983 0.091070521901 0.196537560022 -1.966227012824 -1.350454367685 -0.185203679055 0.357926187346
1157 1785749571.462889194 0.448033443880 0.091063065050 0.196105595294 -1.966210501225 -1.350469281387 -0.185243093839 0.357942698944
1158 1785749571.493033409 0.448020660707 0.091065195579 0.195830757069 -1.966249383377 -1.350463955065 -0.185242028575 0.357944296841
1159 1785749571.522880793 0.448004948056 0.091045754503 0.194908770700 -1.966217958076 -1.350464754013 -0.185209538010 0.357933644197
1160 1785749571.562893629 0.448030248087 0.091044955554 0.194278666786 -1.966251513906 -1.350437057138 -0.185211668538 0.357940568415
1161 1785749571.593013525 0.448009475430 0.090925912254 0.193638442860 -1.966244057055 -1.350434127661 -0.185229778034 0.357920861023
1162 1785749571.622892618 0.448015334385 0.090934168053 0.193046688465 -1.966236600204 -1.350471678232 -0.185206342216 0.357962938969
1163 1785749571.662904024 0.448030248087 0.090934168053 0.192475174096 -1.966241393894 -1.350431198184 -0.185243093839 0.357941633680
1164 1785749571.692974806 0.448029449138 0.090907003810 0.192279698072 -1.966227012824 -1.350453568737 -0.185242028575 0.357963471601
1165 1785749571.732903004 0.448010008062 0.090934168053 0.192285557026 -1.966208370696 -1.350472210864 -0.185211668538 0.357959210543
1166 1785749571.762902498 0.448001219631 0.090918455403 0.192262121208 -1.966230208617 -1.350467150858 -0.185244159104 0.357961341072
1167 1785749571.792963982 0.448025188081 0.090907802758 0.192256262254 -1.966240328629 -1.350443981357 -0.185199950630 0.357951753692
1168 1785749571.832895279 0.448013736488 0.090925113305 0.192259990679 -1.966116225322 -1.350447709782 -0.185201548526 0.357943231577
1169 1785749571.862966537 0.448026519661 0.090915259609 0.192262121208 -1.966150846417 -1.350425871861 -0.185231375930 0.357920861023
1170 1785749571.892908335 0.447991365935 0.090914726977 0.192279698072 -1.966033134696 -1.350458096111 -0.185203679055 0.357963471601
1171 1785749571.932889462 0.448010008062 0.090930972260 0.192249338035 -1.966056037882 -1.350443981357 -0.185201548526 0.357946427370
1172 1785749571.962908506 0.448002551211 0.090932570156 0.192255729622 -1.966034732593 -1.350439453983 -0.185235104356 0.357922458920
1173 1785749571.992916584 0.448015334385 0.090918455403 0.192281828600 -1.966056037882 -1.350467150858 -0.185227647505 0.357943231577
1174 1785749572.032911062 0.448028916506 0.090934168053 0.192248272771 -1.965497306685 -1.350444513989 -0.185201548526 0.357937905254
1175 1785749572.063127995 0.448013736488 0.091007404983 0.192273839117 -1.965397171828 -1.350456498214 -0.185216462228 0.357928850507
1176 1785749572.102885008 0.448002551211 0.091012731305 0.192242946448 -1.965392378138 -1.350437856086 -0.185206342216 0.357929915771
1177 1785749572.132890940 0.447994295412 0.091001546029 0.192281295968 -1.965365746527 -1.350464754013 -0.185222321183 0.357959210543
1178 1785749572.163115740 0.448008676482 0.091007404983 0.192246674874 -1.965315679099 -1.350444513989 -0.185245757000 0.357944829473
1179 1785749572.202904940 0.448037172306 0.091039096600 0.192252001196 -1.965152161008 -1.350458895059 -0.185244159104 0.357965602130
1180 1785749572.232899666 0.448022791236 0.090997018655 0.192262121208 -1.965153758904 -1.350269277989 -0.185204211687 0.357968265291
1181 1785749572.272913933 0.447998023838 0.091002344977 0.192263719105 -1.964877322783 -1.350115080962 -0.185232973827 0.357941633680
1182 1785749572.302911997 0.448009475430 0.091004475506 0.192249338035 -1.964871463829 -1.350100167260 -0.185201548526 0.357968265291
1183 1785749572.332904816 0.448010807011 0.091007404983 0.192268512795 -1.964779851087 -1.350093243041 -0.185231908563 0.357922458920
1184 1785749572.372908831 0.448001752263 0.091033770278 0.192255729622 -1.964612071939 -1.350121738865 -0.185238300149 0.357926719978
1185 1785749572.402891874 0.448017464914 0.091705685821 0.192255729622 -1.964600886662 -1.350118010439 -0.185227647505 0.357924056817
1186 1785749572.432908535 0.448002551211 0.092292113893 0.192616854266 -1.964592897179 -1.350096971467 -0.185204211687 0.357922458920
1187 1785749572.472946405 0.448028916506 0.092502503619 0.194588126104 -1.964598756133 -1.350136119935 -0.185244159104 0.357932578932
1188 1785749572.502906561 0.447992164883 0.092952045211 0.194975349727 -1.964611539306 -1.350108423059 -0.185231908563 0.357937905254
1189 1785749572.542905092 0.447998822786 0.093336073040 0.194975349727 -1.964580114006 -1.350102297789 -0.185243093839 0.357940568415
1190 1785749572.572910309 0.448003350160 0.093340600414 0.194979078152 -1.964604082455 -1.350031191388 -0.185240963310 0.357920861023
1191 1785749572.602890491 0.448011605959 0.092709164920 0.195003579234 -1.964311134736 -1.349996037661 -0.185230310666 0.357932046300
1192 1785749572.642889977 0.448037704938 0.092605035321 0.195017427672 -1.964167856669 -1.350020006111 -0.185222321183 0.357961873704
1193 1785749572.672883749 0.448004948056 0.092593850044 0.195007307660 -1.963931900596 -1.350028794543 -0.185237234885 0.357954416853
1194 1785749572.702916145 0.448018263862 0.092618617442 0.195028612949 -1.963850407867 -1.349886581741 -0.185203679055 0.357968265291
1195 1785749572.742929697 0.448011605959 0.092605035321 0.195996405689 -1.963821113095 -1.348560061202 -0.185235104356 0.357921393656
1196 1785749572.772916079 0.448028916506 0.092587991090 0.196686697043 -1.963098863807 -1.347978160503 -0.185234571724 0.357932046300
1197 1785749572.812934637 0.448017464914 0.093307843533 0.197394565261 -1.962186997450 -1.347939012035 -0.185231908563 0.357930448403
1198 1785749572.842890024 0.447993496464 0.094822116928 0.197383912617 -1.962029338314 -1.347940609932 -0.185219125389 0.357926187346
1199 1785749572.872907162 0.447992963831 0.095484445091 0.197387108410 -1.961951041377 -1.347955523634 -0.185207940113 0.357950688428
1200 1785749572.912883520 0.447999621734 0.095471661918 0.197370596811 -1.961980336149 -1.347963779434 -0.185213266435 0.357934176829
1201 1785749572.942893267 0.447993496464 0.095480716666 0.197381249456 -1.961960096125 -1.347959252060 -0.185203679055 0.357925122081
1202 1785749572.972896814 0.448031047035 0.095484977724 0.197878195315 -1.961969683505 -1.347950463628 -0.185245757000 0.357943231577
1203 1785749573.012889624 0.447995094360 0.096107624787 0.199143729465 -1.961980336149 -1.347938479403 -0.185235636988 0.357948025266
1204 1785749573.042890310 0.447994295412 0.096159290112 0.200669188137 -1.961953704539 -1.347966975227 -0.185200483262 0.358022593777
1205 1785749573.082910061 0.448016932281 0.096972619509 0.201254018313 -1.961944117159 -1.347938479403 -0.185215396964 0.358031115893
1206 1785749573.112893105 0.448005480689 0.097050650129 0.201680656719 -1.961986727736 -1.347943539409 -0.185234571724 0.358265474068
1207 1785749573.142901659 0.447997224889 0.097070091205 0.201722202032 -1.961977140356 -1.347945936254 -0.185205276952 0.358806095770
1208 1785749573.182896614 0.447992963831 0.096084188969 0.201708353595 -1.961981401414 -1.347973633130 -0.185242561207 0.359822358042
1209 1785749573.212923050 0.448034775461 0.095780322289 0.201707288330 -1.961944117159 -1.347957920479 -0.185209538010 0.361205071280
1210 1785749573.242955446 0.448000420683 0.095768338064 0.201686515674 -1.961978738253 -1.347966176279 -0.185201548526 0.361691897127
1211 1785749573.282907248 0.448037172306 0.095788578088 0.201724865194 -1.961961161390 -1.347939012035 -0.185240430678 0.361670591838
1212 1785749573.312911510 0.448027318610 0.095751826465 0.201721136768 -1.961947312952 -1.347994672102 -0.185221788551 0.361676983425
1213 1785749573.352952242 0.448007877534 0.095777126495 0.201712614653 -1.961985129839 -1.348755537226 -0.185245757000 0.361700419242
1214 1785749573.382993221 0.447991365935 0.095749429620 0.201382915310 -1.961986195104 -1.350087384087 -0.185244691736 0.361693495024
1215 1785749573.412981272 0.448037704938 0.095777126495 0.200212189694 -1.962234934350 -1.350267946409 -0.185235636988 0.361695092920
1216 1785749573.452944040 0.448007877534 0.095787779140 0.199389805550 -1.962612037960 -1.350291115910 -0.185220723286 0.361676983425
1217 1785749573.482898712 0.448034775461 0.095777925444 0.199428155069 -1.962976891029 -1.350641587910 -0.185211135906 0.361663134987
1218 1785749573.512986660 0.448032644932 0.095751027517 0.199395131872 -1.963402996804 -1.350715091156 -0.185211668538 0.361694560288
1219 1785749573.552950382 0.447997224889 0.095788578088 0.199407382413 -1.964145486116 -1.350716422736 -0.185232973827 0.361674852896
1220 1785749573.582906008 0.448032644932 0.095749429620 0.199419100322 -1.964768133179 -1.350720950110 -0.185227647505 0.361669526574
1221 1785749573.622896910 0.448028916506 0.095744902246 0.199525626765 -1.965376931804 -1.350753174359 -0.185222321183 0.361680711850
1222 1785749573.652898073 0.448028916506 0.095753158045 0.200468385791 -1.965968686198 -1.350731602754 -0.185227647505 0.361705745565
1223 1785749573.682902336 0.447999621734 0.095767539115 0.200479038436 -1.967240611935 -1.350727075381 -0.185243093839 0.361669526574
1224 1785749573.722879648 0.448033976512 0.095761413845 0.200475842642 -1.967591616566 -1.350748646985 -0.185218592757 0.361700419242
1225 1785749573.752875090 0.448021992287 0.095622130520 0.200471048952 -1.967694947217 -1.350747315405 -0.185224451712 0.361694560288
1226 1785749573.782879829 0.448005480689 0.095563008344 0.200458265779 -1.967782831533 -1.350738260657 -0.185215396964 0.361689233966
1227 1785749573.822958231 0.447998822786 0.095194426849 0.200435362594 -1.967788157855 -1.350759299630 -0.185198352733 0.361676450793
1228 1785749573.852888823 0.448007078585 0.095031175074 0.200466787895 -1.967746612542 -1.350714292207 -0.185204211687 0.361665265516
1229 1785749573.882944584 0.448033443880 0.094826111670 0.200479038436 -1.967753536761 -1.350735331180 -0.185224451712 0.361692962391
1230 1785749573.922892094 0.448014535436 0.094828242199 0.200473179481 -1.967755667289 -1.350713493259 -0.185209005377 0.361676450793
1231 1785749573.952883005 0.448005480689 0.094802143220 0.200462526837 -1.967753536761 -1.350523343557 -0.185236702253 0.361693495024
1232 1785749573.992892981 0.448021992287 0.094795219001 0.200454537354 -1.967760460979 -1.350117211491 -0.185211668538 0.361689233966
1233 1785749574.022877455 0.447992164883 0.094827443251 0.200449211031 -1.967762591508 -1.349919604938 -0.185239365414 0.361670591838
1234 1785749574.052880526 0.448025188081 0.094804273749 0.200440156284 -1.967779635739 -1.349625858270 -0.185242561207 0.361706278197
1235 1785749574.092877626 0.447998822786 0.094829041147 0.200441754180 -1.967778037843 -1.348970454326 -0.185243093839 0.361685505540
1236 1785749574.122878313 0.447998822786 0.094813861129 0.200475842642 -1.967746612542 -1.348939827973 -0.185238832782 0.361704147668
1237 1785749574.152874470 0.448016932281 0.094817855871 0.200471581585 -1.967758863083 -1.348979509073 -0.185221788551 0.361690831862
1238 1785749574.192884207 0.447997224889 0.094792289524 0.200441754180 -1.967788157855 -1.348774978302 -0.185207407481 0.361696158185
1239 1785749574.222881079 0.447994295412 0.094793887421 0.200444417341 -1.967759395715 -1.348756336174 -0.185222853815 0.361696158185
1240 1785749574.262883663 0.447998822786 0.094801344272 0.200919525280 -1.967772178888 -1.348686561353 -0.185239365414 0.361667396045
1241 1785749574.292890310 0.448025188081 0.094826644302 0.201351490009 -1.967681631411 -1.348652206575 -0.185219125389 0.361699886610
1242 1785749574.322881222 0.448029449138 0.094219976206 0.201372795297 -1.967673109296 -1.348662060271 -0.185221788551 0.361663134987
1243 1785749574.362905741 0.448009475430 0.094207991981 0.201485180695 -1.967665119812 -1.348665788697 -0.185227647505 0.361679646586
1244 1785749574.392912865 0.448016932281 0.094177365628 0.201442037486 -1.967683229308 -1.348655136053 -0.185232973827 0.361698288714
1245 1785749574.422894478 0.447995094360 0.094071638133 0.201458549085 -1.967659260858 -1.348674044496 -0.185224451712 0.361768596166
1246 1785749574.462908745 0.448013736488 0.093724894559 0.201445233279 -1.967647010317 -1.348660462375 -0.185219125389 0.361782977236
1247 1785749574.492990494 0.448015334385 0.093719568237 0.201483582799 -1.967528765965 -1.348664989749 -0.185203679055 0.361759541419
1248 1785749574.522925854 0.448004149108 0.093097187490 0.201444700647 -1.967475502743 -1.348673245548 -0.185227647505 0.361793097248
1249 1785749574.562891722 0.448015334385 0.091713941620 0.201463342775 -1.967220371910 -1.348686561353 -0.185228180137 0.361841034148
1250 1785749574.593004942 0.448024389132 0.091086234551 0.201480387006 -1.967237948774 -1.348686028721 -0.185239365414 0.361839968884
1251 1785749574.633124828 0.447995893309 0.091056140831 0.201459614349 -1.967240611935 -1.348681501347 -0.185202081159 0.361821859388
1252 1785749574.662893772 0.448004948056 0.091063065050 0.201444700647 -1.966938609467 -1.348699344527 -0.185218060125 0.361898025795
1253 1785749574.692894697 0.447997224889 0.091072652430 0.201461212246 -1.966305842392 -1.348656733949 -0.185245757000 0.361863404701
1254 1785749574.732900858 0.447995094360 0.091063597682 0.201458016452 -1.965934065104 -1.348657532898 -0.185220723286 0.361861274172
1255 1785749574.762892485 0.448007877534 0.092265748598 0.201447363808 -1.965786525979 -1.348655136053 -0.185198885365 0.361869796288
1256 1785749574.792895555 0.448024389132 0.092730203892 0.201446831176 -1.965782264922 -1.348688958198 -0.185235636988 0.361860741540
1257 1785749574.833028793 0.448004149108 0.092724344938 0.201442037486 -1.965546308849 -1.348662592904 -0.185207407481 0.361868731023
1258 1785749574.862890720 0.447993496464 0.092736329163 0.200294747688 -1.965511687755 -1.348698545578 -0.185199950630 0.361854882586
1259 1785749574.893091917 0.448031845983 0.092769086044 0.198832139618 -1.965436586612 -1.348686561353 -0.185209005377 0.361868731023
1260 1785749574.933114767 0.448028916506 0.092734731266 0.198174871461 -1.964647225665 -1.348652206575 -0.185205276952 0.361866067862
1261 1785749574.962903976 0.448006279637 0.092750443916 0.198061420798 -1.963311916695 -1.348696415049 -0.185229245402 0.361893764738
1262 1785749575.002886295 0.448001219631 0.092765357619 0.197784984677 -1.962205639578 -1.348674044496 -0.185209538010 0.361854882586
1263 1785749575.033177376 0.447992164883 0.092764026038 0.197451556908 -1.961409354412 -1.348680702399 -0.185231908563 0.361993366962
1264 1785749575.062892914 0.447993496464 0.092716089138 0.197352487316 -1.960979520212 -1.348698012946 -0.185224451712 0.361993366962
1265 1785749575.102883577 0.448020660707 0.092637259570 0.197313605164 -1.960912941185 -1.348657532898 -0.185221788551 0.362218670391
1266 1785749575.132903337 0.448005480689 0.092651640640 0.197288038818 -1.958271618015 -1.348652206575 -0.185228180137 0.362202158792
1267 1785749575.162901878 0.447991365935 0.092655369065 0.197314670428 -1.955485418883 -1.348667120277 -0.185235104356 0.362189375619
1268 1785749575.202889204 0.447994295412 0.094578171373 0.197305615681 -1.954392457572 -1.348680702399 -0.185211668538 0.362271400980
1269 1785749575.233196735 0.448033443880 0.095984586744 0.197312007267 -1.953235580394 -1.348674044496 -0.185222321183 0.362838654292
1270 1785749575.272880554 0.448023590184 0.096004826768 0.197293365140 -1.952764733513 -1.348698012946 -0.185235104356 0.363326545404
1271 1785749575.302921534 0.448029449138 0.095989114118 0.197308278842 -1.952634771252 -1.348661261323 -0.185207940113 0.363503911933
1272 1785749575.333006382 0.448028117558 0.095989913066 0.197281647231 -1.952536766924 -1.348655136053 -0.185203679055 0.363928952443
1273 1785749575.372890711 0.448034775461 0.096003495188 0.197318398854 -1.952032364214 -1.348659663426 -0.185239365414 0.364121232673
1274 1785749575.403051376 0.448024389132 0.096782469807 0.197282179863 -1.951704262767 -1.348677772922 -0.185233506459 0.364111645293
1275 1785749575.433171988 0.448007877534 0.098254132625 0.197304017784 -1.951681892214 -1.348667919226 -0.185220723286 0.364106318971
1276 1785749575.472876072 0.448011605959 0.098773981670 0.197293365140 -1.951379889747 -1.348658864478 -0.185202613791 0.364121765306
1277 1785749575.503109694 0.447991365935 0.098798749068 0.197312007267 -1.950878682829 -1.348698012946 -0.185216462228 0.364207519093
1278 1785749575.533038616 0.448012404907 0.098796618539 0.197311474635 -1.950472817079 -1.348689757147 -0.185202613791 0.365263196149
1279 1785749575.572880030 0.447995094360 0.098795819591 0.197298691462 -1.948644823307 -1.348682033980 -0.185216994861 0.367751121239
1280 1785749575.602876186 0.448015334385 0.098800346965 0.197276853541 -1.947610984172 -1.348688958198 -0.185199950630 0.368747676119
1281 1785749575.643069744 0.447992963831 0.098785166947 0.197294430404 -1.946535599724 -1.348666321329 -0.185222321183 0.369073114404
1282 1785749575.672882080 0.447995893309 0.098799548016 0.197277918805 -1.944750749161 -1.348682832928 -0.185232973827 0.369363398963
1283 1785749575.702907562 0.448000420683 0.098800879597 0.197309344106 -1.943814914354 -1.348655136053 -0.185235104356 0.369766601552
1284 1785749575.742880583 0.448014535436 0.099141764216 0.197293365140 -1.943279618975 -1.348663391852 -0.185198352733 0.370138911472
1285 1785749575.772924900 0.448001752263 0.099251220137 0.197312007267 -1.942391721068 -1.348697213998 -0.185228180137 0.370716284797
1286 1785749575.802895069 0.447997224889 0.099273590690 0.197301887255 -1.941841511986 -1.348662592904 -0.185226582241 0.371107236845
1287 1785749575.842895508 0.448031047035 0.099302885462 0.197314670428 -1.941696636023 -1.348659663426 -0.185205276952 0.371405510887
1288 1785749575.872880459 0.448031047035 0.100169478081 0.197298158830 -1.941299292388 -1.348663391852 -0.185242028575 0.371408174048
1289 1785749575.912890911 0.448007078585 0.101000916973 0.197215600836 -1.940917927720 -1.348682033980 -0.185210070642 0.371437468820
1290 1785749575.942914248 0.448017464914 0.101767108419 0.195792407549 -1.940630306323 -1.348670848703 -0.185227647505 0.371393260346
1291 1785749575.972878218 0.448030248087 0.102491488236 0.194654172499 -1.940610598930 -1.348983237499 -0.185224451712 0.371423087750
1292 1785749576.012961864 0.448028916506 0.102671784241 0.192691422776 -1.940652144243 -1.349327051596 -0.185242561207 0.371425750911
1293 1785749576.042880058 0.448000420683 0.102674181086 0.192426171931 -1.940628175794 -1.349327051596 -0.185204211687 0.371412967738
1294 1785749576.072896004 0.448016133333 0.102670452661 0.191847200710 -1.940608468402 -1.350448242415 -0.185230310666 0.371417228796
1295 1785749576.112893581 0.448025188081 0.102782838059 0.191339602207 -1.940650546347 -1.351512707902 -0.185238832782 0.371403912990
1296 1785749576.142886162 0.448019062810 0.102775913840 0.190967824919 -1.940625512633 -1.351591271154 -0.185205809584 0.371431609866
1297 1785749576.172890663 0.448008676482 0.102763396983 0.190867690062 -1.940650546347 -1.351651192279 -0.185234571724 0.371428414072
1298 1785749576.212930918 0.448021992287 0.102745287487 0.190887930086 -1.940637763174 -1.352219777172 -0.185209005377 0.371428414072
1299 1785749576.242898464 0.448008676482 0.102752744339 0.190855439521 -1.940649481082 -1.352488756442 -0.185235104356 0.371414565635
1300 1785749576.282900810 0.447994295412 0.102759668557 0.190670083509 -1.940621784207 -1.353574793534 -0.185228180137 0.371432142498
1301 1785749576.312876940 0.448035574409 0.102758869609 0.190679670889 -1.940615392620 -1.354898917228 -0.185205276952 0.371826822971
1302 1785749576.342892647 0.448037704938 0.102465122941 0.190677540360 -1.940628708426 -1.355235274474 -0.185211668538 0.372233753986
1303 1785749576.382894039 0.447998822786 0.102361792291 0.190565687594 -1.940648415818 -1.355489073726 -0.185242028575 0.372373303627
1304 1785749576.412897825 0.448001219631 0.102384961792 0.190565154962 -1.940637763174 -1.355460045270 -0.185218060125 0.372429762642
1305 1785749576.442929268 0.448021992287 0.102364721768 0.190576872871 -1.940626577897 -1.355478687398 -0.185219125389 0.372397804709
1306 1785749576.482995272 0.448021992287 0.102365520716 0.190565154962 -1.940615925253 -1.355483214771 -0.185245757000 0.372408989986
1307 1785749576.512911797 0.447998023838 0.102358862813 0.190571546548 -1.940624980000 -1.355502655847 -0.185222321183 0.372637489207
1308 1785749576.552908182 0.447992963831 0.101964714972 0.190604569746 -1.940632969484 -1.355868840497 -0.185237234885 0.372954405377
1309 1785749576.582910061 0.447999621734 0.101552990267 0.190563557065 -1.940654807405 -1.356463790685 -0.185218592757 0.373626054604
1310 1785749576.612906694 0.448010008062 0.101418766949 0.190581666560 -1.940634034748 -1.356643554058 -0.185238300149 0.374161882615
1311 1785749576.652886629 0.448008676482 0.101429153277 0.190787795229 -1.940628708426 -1.356668854089 -0.185225516976 0.374774942298
1312 1785749576.682882547 0.448021193339 0.101403853246 0.191773164832 -1.940643622128 -1.356713062563 -0.185201548526 0.375246854443
1313 1785749576.712946653 0.448037172306 0.101427022748 0.192663725901 -1.940634567380 -1.356737031013 -0.185229245402 0.375229277580
1314 1785749576.752998114 0.448009475430 0.101445132243 0.193944706385 -1.940614327356 -1.356730373110 -0.185231375930 0.375304911355
1315 1785749576.782957315 0.448033976512 0.101434479599 0.194700511502 -1.940630838955 -1.356747683657 -0.185207940113 0.375835945676
1316 1785749576.812918425 0.447991365935 0.101441403818 0.194713294676 -1.940614327356 -1.356730373110 -0.185209005377 0.376201864010
1317 1785749576.852889299 0.448029449138 0.101444333295 0.194714359940 -1.940988235173 -1.356865129061 -0.185211668538 0.377231974720
1318 1785749576.882917643 0.448022791236 0.101425424851 0.194798515830 -1.941456951525 -1.357006809231 -0.185203679055 0.377451419194
1319 1785749576.922917843 0.448007078585 0.101439805921 0.195105844620 -1.942191983986 -1.356998553432 -0.185211668538 0.377437038124
1320 1785749576.953003883 0.447999621734 0.101486943872 0.195458979781 -1.943047391328 -1.357032109261 -0.185235104356 0.377454614987
1321 1785749576.982906342 0.447995094360 0.101827029544 0.196684033882 -1.943884156542 -1.357520533005 -0.185228180137 0.377432777066
1322 1785749577.022893429 0.448018263862 0.102138619391 0.196648347524 -1.944748086000 -1.358485129952 -0.185239365414 0.377462604470
1323 1785749577.052878857 0.448025188081 0.102334095415 0.196686164411 -1.945594438594 -1.358569285843 -0.185215396964 0.377431711802
1324 1785749577.082904100 0.448001752263 0.102600677840 0.196651010685 -1.946009359092 -1.358539991071 -0.185207940113 0.377445560239
1325 1785749577.122889996 0.448018263862 0.102613461014 0.196673381238 -1.947031480319 -1.359450792163 -0.185245757000 0.377433309698
1326 1785749577.152889252 0.448018263862 0.102613461014 0.196690425469 -1.947788350700 -1.359942145385 -0.185231375930 0.377449288665
1327 1785749577.192954540 0.448034775461 0.100538592208 0.196511993676 -1.949215272413 -1.362988269039 -0.185234571724 0.377465800263
1328 1785749577.222897053 0.447997224889 0.099668271164 0.195684815841 -1.950242187329 -1.364601079396 -0.185203679055 0.377477518172
1329 1785749577.252892494 0.447996692257 0.098752942697 0.194135388719 -1.951437946658 -1.365730526014 -0.185228180137 0.377475387643
1330 1785749577.292897940 0.448029449138 0.098477305525 0.193319396161 -1.951919978816 -1.366527343812 -0.185216462228 0.377471126586
1331 1785749577.322909594 0.448010008062 0.098482631847 0.192736696515 -1.951888553515 -1.368456804022 -0.185240963310 0.377431179169
1332 1785749577.352890253 0.447992164883 0.098516453993 0.192368115020 -1.951899206159 -1.371598268844 -0.185218592757 0.377440233917
1333 1785749577.392883301 0.448002551211 0.098118577726 0.190465552737 -1.952702948176 -1.375281154315 -0.185213266435 0.377473257115
1334 1785749577.422959328 0.448032644932 0.097572629702 0.187799728486 -1.955253191236 -1.376819662477 -0.185223919079 0.377433309698
1335 1785749577.452886581 0.448025720713 0.097497794876 0.184631632053 -1.958923559850 -1.378055635539 -0.185214331700 0.376336619961
1336 1785749577.492910862 0.447991365935 0.096593651686 0.181107204666 -1.962495391504 -1.380267390824 -0.185204211687 0.374440981897
1337 1785749577.522922516 0.448011605959 0.094540620801 0.178611822725 -1.965004621883 -1.382827487580 -0.185154144259 0.373448155443
1338 1785749577.562904835 0.447993496464 0.091938446100 0.175301513490 -1.966613703814 -1.386530613076 -0.185166927432 0.371865172491
1339 1785749577.592894554 0.448022791236 0.089939477386 0.173418658599 -1.967398271071 -1.389212682609 -0.185169057961 0.371584475312
1340 1785749577.622914553 0.447992164883 0.087951427632 0.171796793495 -1.967584159715 -1.392494229705 -0.185182373766 0.371618031142
1341 1785749577.662906170 0.447992164883 0.085130607405 0.167798856067 -1.969079790983 -1.396118791948 -0.185177580076 0.371627618522
1342 1785749577.692882538 0.448037704938 0.083229110387 0.163824354456 -1.970946666908 -1.399510327596 -0.185190895882 0.371610041659
1343 1785749577.722921133 0.448005480689 0.081597657903 0.160420834583 -1.972099815660 -1.402823033676 -0.185190895882 0.371588736370
1344 1785749577.762927055 0.448035574409 0.077471356110 0.155629807782 -1.973879872532 -1.407580238332 -0.185177580076 0.371624955361
1345 1785749577.792933702 0.448014535436 0.074896079336 0.151746918913 -1.976893505622 -1.410588278783 -0.185181308502 0.371627618522
1346 1785749577.832909346 0.448016133333 0.074162911088 0.147543918080 -1.979256794773 -1.413205100870 -0.185180243238 0.371610574291
1347 1785749577.862884521 0.448037704938 0.072431856380 0.144527621830 -1.980196358006 -1.415505539420 -0.185137100028 0.371630281683
1348 1785749577.892885923 0.448014535436 0.071844096727 0.140088132293 -1.981041645336 -1.416125523321 -0.185118990532 0.371629216418
1349 1785749577.932940483 0.448012404907 0.068012074235 0.129458923750 -1.986128283018 -1.415775051322 -0.185037497803 0.370612954146
1350 1785749577.962915182 0.448032644932 0.058454521714 0.126500151779 -1.988623132327 -1.416093565388 -0.182987396396 0.369894433284
1351 1785749577.992931843 0.448015334385 0.049470081461 0.125527565349 -1.992404288443 -1.422222564321 -0.182893653126 0.365586503905
1352 1785749578.033114195 0.447998023838 0.044600757724 0.123070532927 -1.998615845369 -1.427588567601 -0.182872880469 0.357467058374
1353 1785749578.062883615 0.448001219631 0.044039097050 0.120114956749 -2.001370086568 -1.429483673033 -0.182812160396 0.353810005565
1354 1785749578.092883348 0.448002551211 0.044058538126 0.118057398491 -2.003107000231 -1.431869066421 -0.182615619108 0.350578525898
1355 1785749578.132880449 0.450092333719 0.044057739178 0.113624300540 -2.005605577966 -1.433342593453 -0.182449437856 0.347496715885
1356 1785749578.162875175 0.453540062066 0.044875063316 0.106766128101 -2.007539032917 -1.433320755532 -0.182331726136 0.346320131315
1357 1785749578.202882290 0.459198746750 0.044951496039 0.092635395357 -2.012206489044 -1.432165742567 -0.173874059146 0.344225821434
1358 1785749578.232903719 0.463739436409 0.041903774488 0.084404097060 -2.015037429283 -1.432168139412 -0.165046745397 0.341946155541
1359 1785749578.262891054 0.467628184233 0.040558345505 0.082153725939 -2.016039310485 -1.433299716559 -0.163267221156 0.340610313938
1360 1785749578.302895308 0.473916972831 0.040463270654 0.078666050175 -2.016892054666 -1.435304011595 -0.162975338701 0.340060637489
1361 1785749578.332922935 0.477782551153 0.041071536647 0.077266292706 -2.017191393972 -1.436221736907 -0.162896509132 0.340036136407
1362 1785749578.362982035 0.481538140922 0.042498990992 0.075981583797 -2.017165827626 -1.437208171775 -0.162728729984 0.340020157440
1363 1785749578.402963638 0.486039682113 0.043687027154 0.074529095738 -2.017198850823 -1.438033485397 -0.162716479443 0.340023353234
1364 1785749578.432944536 0.488391785987 0.043968789597 0.073916036055 -2.017204177146 -1.439326982738 -0.162755894227 0.340010570060
1365 1785749578.462942123 0.490765195151 0.043956006424 0.073071813990 -2.017165827626 -1.441879622643 -0.162695174154 0.340007374267
1366 1785749578.502973557 0.494146344471 0.043952810631 0.071268853932 -2.017173284477 -1.444026396798 -0.162705294166 0.340019624808
1367 1785749578.532992363 0.496460897774 0.043958136953 0.070235014796 -2.017292594094 -1.445388870011 -0.162345234787 0.340020157440
1368 1785749578.572899342 0.502159263559 0.043966392752 0.069783342676 -2.018831901204 -1.447268795425 -0.161710869815 0.340038266936
1369 1785749578.603003025 0.505481290702 0.043958935901 0.069687468876 -2.018801008535 -1.448985735380 -0.160892214096 0.339999917416
1370 1785749578.633015394 0.508485602728 0.043961865378 0.069707176268 -2.018821781192 -1.452395114207 -0.159676214742 0.340005776370
1371 1785749578.672881126 0.512220153525 0.047178963975 0.068755362495 -2.018803139064 -1.453585280898 -0.156695604850 0.339769287666
1372 1785749578.702874899 0.514174913765 0.048487375019 0.068292505097 -2.018819650663 -1.453707519992 -0.153471049402 0.338130378331
1373 1785749578.732900858 0.516706781013 0.049817623983 0.068198761827 -2.018834031733 -1.455149355407 -0.150653957601 0.333603537110
1374 1785749578.772931576 0.518071384756 0.052819006532 0.067068516260 -2.018791421155 -1.455154415413 -0.147392650530 0.330733714719
1375 1785749578.802941799 0.518201613333 0.053652043321 0.064536915328 -2.016392978278 -1.455017528933 -0.139254030239 0.330353415316
1376 1785749578.842939138 0.518204010178 0.053783869795 0.064211477043 -2.012211282734 -1.455023387887 -0.133916522782 0.330266596264
1377 1785749578.872890949 0.518202412281 0.054931159592 0.064201889663 -2.010266109874 -1.454822052909 -0.131735926482 0.330291097346
1378 1785749578.902916431 0.518187498579 0.056875000872 0.064209346514 -2.008587253123 -1.453760516898 -0.126353677919 0.330280977334
1379 1785749578.942889452 0.518778454025 0.059392487050 0.064222129687 -2.004823673870 -1.453506717646 -0.120313628567 0.330281509966
1380 1785749578.972921133 0.520298320059 0.061449246360 0.064214672836 -2.002067302142 -1.453400990151 -0.115042167505 0.330282042598
1381 1785749579.002930164 0.522870933672 0.063069247251 0.064240771815 -2.001574617340 -1.453436410193 -0.111493771668 0.330277781541
1382 1785749579.042882919 0.529701409236 0.068384916787 0.064225325481 -2.001351977073 -1.453414572272 -0.110568056873 0.330098817115
1383 1785749579.072879076 0.534482316025 0.073366625922 0.061955779600 -2.000961025025 -1.452153299180 -0.105261442085 0.329985366453
1384 1785749579.102955103 0.537094078106 0.074324831282 0.054114900718 -2.000970612405 -1.452183925533 -0.096739859229 0.329995486465
1385 1785749579.142961264 0.538076784548 0.074346402887 0.048279914770 -2.000927469195 -1.452172740256 -0.090827108977 0.329867122100
1386 1785749579.173166037 0.538147092001 0.074080619411 0.045810099175 -2.000817746958 -1.452213220305 -0.090060651215 0.328032204109
1387 1785749579.213060379 0.538174256244 0.073079004525 0.042253713855 -2.000792713244 -1.452227335058 -0.086086682237 0.324818833938
1388 1785749579.242929935 0.538189169946 0.072347966805 0.037058951833 -2.000262211555 -1.452232661381 -0.078374167720 0.321538352107
1389 1785749579.272965908 0.538165201497 0.072159415000 0.031565915768 -1.998496003120 -1.452205763454 -0.070988156753 0.318754816136
1390 1785749579.313046932 0.538160674123 0.072170600277 0.025109348022 -1.997209163681 -1.452234791910 -0.061731541436 0.316191257271
1391 1785749579.342900753 0.538177185722 0.073178074117 0.017886855145 -1.996873072752 -1.452196708706 -0.053615824330 0.315217072944
1392 1785749579.372892380 0.538287174275 0.075554679074 0.012118980857 -1.996636051415 -1.452229731903 -0.045132590994 0.314845295656
1393 1785749579.412934065 0.538295430074 0.079059931701 0.001603222976 -1.996391040594 -1.450813995468 -0.030013825485 0.314830914586
1394 1785749579.443009615 0.538262406876 0.080606695662 -0.001917475985 -1.995737500863 -1.447298090197 -0.025931732166 0.313560586746
1395 1785749579.482977629 0.538295430074 0.083178776643 -0.004858671093 -1.994478890932 -1.438877707462 -0.023608390431 0.309069431884
1396 1785749579.513014793 0.538261874244 0.084275466379 -0.007709318724 -1.993513761353 -1.435571659285 -0.019117235569 0.304298112475
1397 1785749579.542909145 0.538297027971 0.084599040452 -0.008400675343 -1.991152070098 -1.434856334216 -0.016764599062 0.301882625366
1398 1785749579.582929611 0.538266934250 0.085939675745 -0.008463525944 -1.986379152792 -1.433400916681 -0.015048458056 0.301745738886
1399 1785749579.612908125 0.538256547922 0.086533560668 -0.010428938829 -1.983529037794 -1.432775606457 -0.013241769572 0.301539610218
1400 1785749579.642951250 0.538261874244 0.087799361134 -0.014413027820 -1.982292798416 -1.432018203443 -0.010596185345 0.299236508507
1401 1785749579.682921886 0.538299957448 0.089627887538 -0.018818961527 -1.981124735962 -1.429972629409 -0.005291168454 0.292234525369
1402 1785749579.712934732 0.538299158499 0.091590370946 -0.024248614357 -1.980638975379 -1.427453811650 -0.000534230115 0.287580917680
1403 1785749579.752890587 0.538297826919 0.095170458399 -0.033794448969 -1.979058122956 -1.424319004731 0.011007910050 0.280985332924
1404 1785749579.782914877 0.538262406876 0.097323890456 -0.043790357804 -1.976000814024 -1.422000190370 0.021829931455 0.276667283533
1405 1785749579.812922001 0.537751079947 0.099028047238 -0.049637061661 -1.973179461165 -1.419489362094 0.026055302841 0.274023297203
1406 1785749579.852911949 0.534707619453 0.099684782763 -0.052271460612 -1.969986863651 -1.418908260344 0.028237497038 0.270299665366
1407 1785749579.882920265 0.531273473228 0.100361225680 -0.052687979006 -1.967497340664 -1.418913586667 0.028313130813 0.269960911276
1408 1785749579.912905216 0.528249720126 0.101006775928 -0.055937568168 -1.965550569907 -1.418922375098 0.032480977919 0.269784610012
1409 1785749579.952900648 0.524204378430 0.100972421150 -0.065258631984 -1.962610972696 -1.418884291895 0.045186386848 0.269806980565
1410 1785749579.982906103 0.522670397642 0.100983606426 -0.071149544315 -1.961818415955 -1.418898406648 0.053755906603 0.269801121610
1411 1785749580.012966871 0.522205942348 0.101212904596 -0.077287597995 -1.960880450619 -1.418905863499 0.063326242297 0.269772359471
1412 1785749580.052957535 0.522109269601 0.103372994556 -0.081298318597 -1.957849240667 -1.418916516144 0.069601182457 0.269803784771
1413 1785749580.083077431 0.522134036999 0.104601244451 -0.083245089354 -1.956025507952 -1.418897075068 0.073507507144 0.269809111094
1414 1785749580.122951031 0.522133238050 0.105418568590 -0.085451252001 -1.954631609438 -1.418926902472 0.077294522214 0.269803252139
1415 1785749580.152969122 0.522144423327 0.105503789745 -0.087274452083 -1.954209764721 -1.418897874016 0.080397637516 0.269811241623
1416 1785749580.182903051 0.522124183303 0.105631355161 -0.087567932435 -1.953924273852 -1.418898406648 0.080875408616 0.269785142644
1417 1785749580.222911119 0.522069588500 0.106939766204 -0.087659012544 -1.953905099092 -1.418887221372 0.082376366206 0.269803784771
1418 1785749580.252922058 0.520240529464 0.108069212823 -0.087631315669 -1.953799105281 -1.418893879275 0.084007286058 0.269768631045
1419 1785749580.293019056 0.518347021929 0.110354471354 -0.087628652508 -1.953394837427 -1.418914918247 0.087527985019 0.269778218425
1420 1785749580.322897434 0.517905736136 0.110638364326 -0.087691503110 -1.953129053950 -1.418900004545 0.089284606074 0.269783012115
1421 1785749580.352941990 0.517920916154 0.110940899426 -0.087772463207 -1.953099759178 -1.418917315092 0.089271822901 0.269781414218
1422 1785749580.392993212 0.517894550859 0.111127587018 -0.088440916640 -1.953073660200 -1.418884291895 0.090347207349 0.270607526788
1423 1785749580.422933817 0.517915589832 0.111127587018 -0.088973016226 -1.953082714948 -1.418897874016 0.091511541377 0.271968402106
1424 1785749580.453035593 0.517887094008 0.111111874368 -0.089242528129 -1.953095498121 -1.418905330867 0.092056956769 0.272709293521
1425 1785749580.492942333 0.517923046683 0.113299661204 -0.089228147059 -1.953109346558 -1.418893346642 0.092149634774 0.274375899731
1426 1785749580.523031950 0.517886295060 0.114731110289 -0.089239864967 -1.953088041270 -1.418897874016 0.092162417948 0.275008134174
1427 1785749580.562958956 0.517899877182 0.116960176122 -0.087796431657 -1.953102954972 -1.418880563469 0.092133123176 0.276645445612
1428 1785749580.592997074 0.517914790884 0.118557007511 -0.086803605202 -1.953118401306 -1.418892547694 0.092153363200 0.278864924064
1429 1785749580.622985125 0.517924644580 0.119535186580 -0.086176164449 -1.953105085501 -1.418660320047 0.092121937899 0.281632481069
1430 1785749580.662987232 0.517765653863 0.120453444524 -0.085327681326 -1.953082714948 -1.418509052497 0.092155493729 0.286086884308
1431 1785749580.693033695 0.517697476939 0.121155986419 -0.085114095807 -1.953077921258 -1.418542608327 0.092124068428 0.287398224829
